{
  "rating": 2.6774999999999998,
  "review_count": 4,
  "source_type": "AUD",
  "confidence": 0.8,
  "date": "1968-12-07",
  "venue": "Bellarmine College",
  "location": "Louisville, KY",
  "raw_rating": 4.25,
  "high_ratings": 4,
  "low_ratings": 0,
  "tracks": [
    {
      "track": "01",
      "title": "Dark Star ->",
      "duration": 451.55,
      "formats": [
        {
          "format": "VBR MP3",
          "filename": "gd68-12-07d1t01.mp3",
          "bitrate": "170"
        },
        {
          "format": "Shorten",
          "filename": "gd68-12-07d1t01.shn"
        }
      ]
    },
    {
      "track": "02",
      "title": "St. Stepehen ->",
      "duration": 135.79,
      "formats": [
        {
          "format": "VBR MP3",
          "filename": "gd68-12-07d1t02.mp3",
          "bitrate": "170"
        },
        {
          "format": "Shorten",
          "filename": "gd68-12-07d1t02.shn"
        }
      ]
    },
    {
      "track": "03",
      "title": "The 11 Jam ->",
      "duration": 259.24,
      "formats": [
        {
          "format": "VBR MP3",
          "filename": "gd68-12-07d1t03.mp3",
          "bitrate": "172"
        },
        {
          "format": "Shorten",
          "filename": "gd68-12-07d1t03.shn"
        }
      ]
    },
    {
      "track": "04",
      "title": "Death Don't Have No Mercy",
      "duration": 128.24,
      "formats": [
        {
          "format": "VBR MP3",
          "filename": "gd68-12-07d1t04.mp3",
          "bitrate": "168"
        },
        {
          "format": "Shorten",
          "filename": "gd68-12-07d1t04.shn"
        }
      ]
    },
    {
      "track": "05",
      "title": "The Other One ->",
      "duration": 232.56,
      "formats": [
        {
          "format": "VBR MP3",
          "filename": "gd68-12-07d1t05.mp3",
          "bitrate": "163"
        },
        {
          "format": "Shorten",
          "filename": "gd68-12-07d1t05.shn"
        }
      ]
    },
    {
      "track": "06",
      "title": "Cryptical Envelopment ->",
      "duration": 276.97,
      "formats": [
        {
          "format": "VBR MP3",
          "filename": "gd68-12-07d1t06.mp3",
          "bitrate": "165"
        },
        {
          "format": "Shorten",
          "filename": "gd68-12-07d1t06.shn"
        }
      ]
    },
    {
      "track": "07",
      "title": "New Potato Caboose",
      "duration": 510.61,
      "formats": [
        {
          "format": "VBR MP3",
          "filename": "gd68-12-07d1t07.mp3",
          "bitrate": "165"
        },
        {
          "format": "Shorten",
          "filename": "gd68-12-07d1t07.shn"
        }
      ]
    },
    {
      "track": "08",
      "title": "Rosemary",
      "duration": 143.46,
      "formats": [
        {
          "format": "VBR MP3",
          "filename": "gd68-12-07d2t01.mp3",
          "bitrate": "177"
        },
        {
          "format": "Shorten",
          "filename": "gd68-12-07d2t01.shn"
        }
      ]
    },
    {
      "track": "09",
      "title": "He Was A Friend Of Mine",
      "duration": 193.88,
      "formats": [
        {
          "format": "VBR MP3",
          "filename": "gd68-12-07d2t02.mp3",
          "bitrate": "169"
        },
        {
          "format": "Shorten",
          "filename": "gd68-12-07d2t02.shn"
        }
      ]
    },
    {
      "track": "10",
      "title": "It Hurts Me Too",
      "duration": 176.91,
      "formats": [
        {
          "format": "VBR MP3",
          "filename": "gd68-12-07d2t03.mp3",
          "bitrate": "172"
        },
        {
          "format": "Shorten",
          "filename": "gd68-12-07d2t03.shn"
        }
      ]
    },
    {
      "track": "11",
      "title": "Morning Dew >",
      "duration": 337.08,
      "formats": [
        {
          "format": "VBR MP3",
          "filename": "gd68-12-07d2t04.mp3",
          "bitrate": "173"
        },
        {
          "format": "Shorten",
          "filename": "gd68-12-07d2t04.shn"
        }
      ]
    },
    {
      "track": "12",
      "title": "And We Bid You Goodnight",
      "duration": 99.13,
      "formats": [
        {
          "format": "VBR MP3",
          "filename": "gd68-12-07d2t05.mp3",
          "bitrate": "177"
        },
        {
          "format": "Shorten",
          "filename": "gd68-12-07d2t05.shn"
        }
      ]
    }
  ]
}