{
  "rating": 0.0,
  "review_count": 0,
  "source_type": "UNKNOWN",
  "confidence": 0.0,
  "date": "1967-00-00",
  "venue": "Unknown",
  "location": "Unknown, Unknown",
  "raw_rating": 0.0,
  "high_ratings": 0,
  "low_ratings": 0,
  "tracks": [
    {
      "track": "01",
      "title": "Lovelight take 1",
      "duration": 41.8,
      "formats": [
        {
          "format": "Flac",
          "filename": "d1t01.lovelight.flac"
        },
        {
          "format": "VBR MP3",
          "filename": "d1t01.lovelight.mp3",
          "bitrate": "158"
        }
      ]
    },
    {
      "track": "02",
      "title": "Lovelight take 2",
      "duration": 86.81,
      "formats": [
        {
          "format": "Flac",
          "filename": "d1t02.lovelight.flac"
        },
        {
          "format": "VBR MP3",
          "filename": "d1t02.lovelight.mp3",
          "bitrate": "160"
        }
      ]
    },
    {
      "track": "03",
      "title": "Lovelight take 3",
      "duration": 136.08,
      "formats": [
        {
          "format": "Flac",
          "filename": "d1t03.lovelight.flac"
        },
        {
          "format": "VBR MP3",
          "filename": "d1t03.lovelight.mp3",
          "bitrate": "161"
        }
      ]
    },
    {
      "track": "04",
      "title": "Lovelight take 4",
      "duration": 124.03,
      "formats": [
        {
          "format": "Flac",
          "filename": "d1t04.lovelight.flac"
        },
        {
          "format": "VBR MP3",
          "filename": "d1t04.lovelight.mp3",
          "bitrate": "162"
        }
      ]
    },
    {
      "track": "05",
      "title": "Lovelight take 5",
      "duration": 65.65,
      "formats": [
        {
          "format": "Flac",
          "filename": "d1t05.lovelight.flac"
        },
        {
          "format": "VBR MP3",
          "filename": "d1t05.lovelight.mp3",
          "bitrate": "159"
        }
      ]
    },
    {
      "track": "06",
      "title": "Lovelight take 6",
      "duration": 657.2,
      "formats": [
        {
          "format": "Flac",
          "filename": "d1t06.lovelight.flac"
        },
        {
          "format": "VBR MP3",
          "filename": "d1t06.lovelight.mp3",
          "bitrate": "156"
        }
      ]
    },
    {
      "track": "07",
      "title": "dead air",
      "duration": 424.05,
      "formats": [
        {
          "format": "Flac",
          "filename": "d1t07.lovelight.flac"
        },
        {
          "format": "VBR MP3",
          "filename": "d1t07.lovelight.mp3",
          "bitrate": "169"
        }
      ]
    },
    {
      "track": "08",
      "title": "\"let it shine\" vocal rehearsals",
      "duration": 186.72,
      "formats": [
        {
          "format": "Flac",
          "filename": "d1t08.lovelight.flac"
        },
        {
          "format": "VBR MP3",
          "filename": "d1t08.lovelight.mp3",
          "bitrate": "167"
        }
      ]
    },
    {
      "track": "09",
      "title": "Lovelight take 7",
      "duration": 58.79,
      "formats": [
        {
          "format": "Flac",
          "filename": "d1t09.lovelight.flac"
        },
        {
          "format": "VBR MP3",
          "filename": "d1t09.lovelight.mp3",
          "bitrate": "161"
        }
      ]
    },
    {
      "track": "10",
      "title": "Lovelight take 8",
      "duration": 34.61,
      "formats": [
        {
          "format": "Flac",
          "filename": "d1t10.lovelight.flac"
        },
        {
          "format": "VBR MP3",
          "filename": "d1t10.lovelight.mp3",
          "bitrate": "164"
        }
      ]
    },
    {
      "track": "11",
      "title": "Lovelight take 9",
      "duration": 55.73,
      "formats": [
        {
          "format": "Flac",
          "filename": "d1t11.lovelight.flac"
        },
        {
          "format": "VBR MP3",
          "filename": "d1t11.lovelight.mp3",
          "bitrate": "160"
        }
      ]
    },
    {
      "track": "12",
      "title": "Lovelight take 10",
      "duration": 86.03,
      "formats": [
        {
          "format": "Flac",
          "filename": "d1t12.lovelight.flac"
        },
        {
          "format": "VBR MP3",
          "filename": "d1t12.lovelight.mp3",
          "bitrate": "163"
        }
      ]
    },
    {
      "track": "13",
      "title": "Lovelight take 11",
      "duration": 166.55,
      "formats": [
        {
          "format": "Flac",
          "filename": "d1t13.lovelight.flac"
        },
        {
          "format": "VBR MP3",
          "filename": "d1t13.lovelight.mp3",
          "bitrate": "158"
        }
      ]
    },
    {
      "track": "14",
      "title": "Lovelight take 12",
      "duration": 104.44,
      "formats": [
        {
          "format": "Flac",
          "filename": "d1t14.lovelight.flac"
        },
        {
          "format": "VBR MP3",
          "filename": "d1t14.lovelight.mp3",
          "bitrate": "162"
        }
      ]
    },
    {
      "track": "15",
      "title": "Lovelight take 13",
      "duration": 145.72,
      "formats": [
        {
          "format": "Flac",
          "filename": "d1t15.lovelight.flac"
        },
        {
          "format": "VBR MP3",
          "filename": "d1t15.lovelight.mp3",
          "bitrate": "158"
        }
      ]
    },
    {
      "track": "16",
      "title": "Lovelight take 14",
      "duration": 158.48,
      "formats": [
        {
          "format": "Flac",
          "filename": "d1t16.lovelight.flac"
        },
        {
          "format": "VBR MP3",
          "filename": "d1t16.lovelight.mp3",
          "bitrate": "159"
        }
      ]
    },
    {
      "track": "17",
      "title": "Lovelight take 15//",
      "duration": 167.67,
      "formats": [
        {
          "format": "Flac",
          "filename": "d1t17.lovelight.flac"
        },
        {
          "format": "VBR MP3",
          "filename": "d1t17.lovelight.mp3",
          "bitrate": "145"
        }
      ]
    }
  ]
}