{
  "rating": 2.0,
  "review_count": 6,
  "source_type": "UNKNOWN",
  "confidence": 1.0,
  "date": "1969-04-04",
  "venue": "Avalon Ballroom",
  "location": "San Francisco, CA",
  "raw_rating": 4.0,
  "high_ratings": 5,
  "low_ratings": 1,
  "tracks": [
    {
      "track": "01",
      "title": "Good Morning Little School Girl",
      "duration": 333.66,
      "formats": [
        {
          "format": "VBR MP3",
          "filename": "gd69.04.04d1t1.mp3",
          "bitrate": "177"
        },
        {
          "format": "Shorten",
          "filename": "gd69.04.04d1t1.shn"
        }
      ]
    },
    {
      "track": "02",
      "title": "Doin' That Rag",
      "duration": 200.48,
      "formats": [
        {
          "format": "VBR MP3",
          "filename": "gd69.04.04d1t2.mp3",
          "bitrate": "179"
        },
        {
          "format": "Shorten",
          "filename": "gd69.04.04d1t2.shn"
        }
      ]
    },
    {
      "track": "03",
      "title": "Cryptical Envelopement->",
      "duration": 61.6,
      "formats": [
        {
          "format": "VBR MP3",
          "filename": "gd69.04.04d1t3.mp3",
          "bitrate": "177"
        },
        {
          "format": "Shorten",
          "filename": "gd69.04.04d1t3.shn"
        }
      ]
    },
    {
      "track": "04",
      "title": "Drums->",
      "duration": 8.47,
      "formats": [
        {
          "format": "VBR MP3",
          "filename": "gd69.04.04d1t4.mp3",
          "bitrate": "186"
        },
        {
          "format": "Shorten",
          "filename": "gd69.04.04d1t4.shn"
        }
      ]
    },
    {
      "track": "05",
      "title": "The Other One->",
      "duration": 288.31,
      "formats": [
        {
          "format": "VBR MP3",
          "filename": "gd69.04.04d1t5.mp3",
          "bitrate": "181"
        },
        {
          "format": "Shorten",
          "filename": "gd69.04.04d1t5.shn"
        }
      ]
    },
    {
      "track": "06",
      "title": "Cryptical Envelopement->",
      "duration": 274.35,
      "formats": [
        {
          "format": "VBR MP3",
          "filename": "gd69.04.04d1t6.mp3",
          "bitrate": "178"
        },
        {
          "format": "Shorten",
          "filename": "gd69.04.04d1t6.shn"
        }
      ]
    },
    {
      "track": "07",
      "title": "Death Don't Have No Mercy",
      "duration": 230.89,
      "formats": [
        {
          "format": "VBR MP3",
          "filename": "gd69.04.04d1t7.mp3",
          "bitrate": "176"
        },
        {
          "format": "Shorten",
          "filename": "gd69.04.04d1t7.shn"
        }
      ]
    },
    {
      "track": "08",
      "title": "Lovelight",
      "duration": 768.07,
      "formats": [
        {
          "format": "VBR MP3",
          "filename": "gd69.04.04d2t1.mp3",
          "bitrate": "181"
        },
        {
          "format": "Shorten",
          "filename": "gd69.04.04d2t1.shn"
        }
      ]
    },
    {
      "track": "09",
      "title": "Dark Star->",
      "duration": 650.35,
      "formats": [
        {
          "format": "VBR MP3",
          "filename": "gd69.04.04d2t2.mp3",
          "bitrate": "180"
        },
        {
          "format": "Shorten",
          "filename": "gd69.04.04d2t2.shn"
        }
      ]
    },
    {
      "track": "10",
      "title": "Saint Stephen->",
      "duration": 175.13,
      "formats": [
        {
          "format": "VBR MP3",
          "filename": "gd69.04.04d2t3.mp3",
          "bitrate": "183"
        },
        {
          "format": "Shorten",
          "filename": "gd69.04.04d2t3.shn"
        }
      ]
    },
    {
      "track": "11",
      "title": "The Eleven->",
      "duration": 401.96,
      "formats": [
        {
          "format": "VBR MP3",
          "filename": "gd69.04.04d2t4.mp3",
          "bitrate": "187"
        },
        {
          "format": "Shorten",
          "filename": "gd69.04.04d2t4.shn"
        }
      ]
    },
    {
      "track": "12",
      "title": "Feedback",
      "duration": 98.05,
      "formats": [
        {
          "format": "VBR MP3",
          "filename": "gd69.04.04d2t5.mp3",
          "bitrate": "172"
        },
        {
          "format": "Shorten",
          "filename": "gd69.04.04d2t5.shn"
        }
      ]
    }
  ]
}