{
  "rating": 1.575,
  "review_count": 2,
  "source_type": "UNKNOWN",
  "confidence": 0.4,
  "date": "1966-02-05",
  "venue": "The Questing Beast",
  "location": "Berkeley, CA",
  "raw_rating": 4.5,
  "high_ratings": 2,
  "low_ratings": 0,
  "tracks": [
    {
      "track": "01",
      "title": "Talk Tunings",
      "duration": 147.1,
      "formats": [
        {
          "format": "Flac",
          "filename": "gd1966-02-05_t01_Talk_Tunings.flac"
        },
        {
          "format": "VBR MP3",
          "filename": "gd1966-02-05_t01_Talk_Tunings.mp3",
          "bitrate": "156"
        }
      ]
    },
    {
      "track": "02",
      "title": "Viola Lee Blues01",
      "duration": 49.19,
      "formats": [
        {
          "format": "Flac",
          "filename": "Gd1966-02-05_t02_violaLeeBlues01.flac"
        },
        {
          "format": "VBR MP3",
          "filename": "Gd1966-02-05_t02_violaLeeBlues01.mp3",
          "bitrate": "190"
        }
      ]
    },
    {
      "track": "03",
      "title": "Viola Lee Blues02",
      "duration": 93.06,
      "formats": [
        {
          "format": "Flac",
          "filename": "Gd1966-02-05_t03_violaLeeBlues02.flac"
        },
        {
          "format": "VBR MP3",
          "filename": "Gd1966-02-05_t03_violaLeeBlues02.mp3",
          "bitrate": "187"
        }
      ]
    },
    {
      "track": "04",
      "title": "Talk Tunings",
      "duration": 69.76,
      "formats": [
        {
          "format": "Flac",
          "filename": "gd1966-02-05_t04_Talk_Tunings.flac"
        },
        {
          "format": "VBR MP3",
          "filename": "gd1966-02-05_t04_Talk_Tunings.mp3",
          "bitrate": "180"
        }
      ]
    },
    {
      "track": "05",
      "title": "Viola Lee Blues03",
      "duration": 14.51,
      "formats": [
        {
          "format": "Flac",
          "filename": "Gd1966-02-05_t05_violaLeeBlues03.flac"
        },
        {
          "format": "VBR MP3",
          "filename": "Gd1966-02-05_t05_violaLeeBlues03.mp3",
          "bitrate": "186"
        }
      ]
    },
    {
      "track": "06",
      "title": "Talk Tunings",
      "duration": 86.31,
      "formats": [
        {
          "format": "Flac",
          "filename": "gd1966-02-05_t06_Talk_Tunings.flac"
        },
        {
          "format": "VBR MP3",
          "filename": "gd1966-02-05_t06_Talk_Tunings.mp3",
          "bitrate": "178"
        }
      ]
    },
    {
      "track": "07",
      "title": "Viola Lee Blues04",
      "duration": 87.81,
      "formats": [
        {
          "format": "Flac",
          "filename": "Gd1966-02-05_t07_violaLeeBlues04.flac"
        },
        {
          "format": "VBR MP3",
          "filename": "Gd1966-02-05_t07_violaLeeBlues04.mp3",
          "bitrate": "190"
        }
      ]
    },
    {
      "track": "08",
      "title": "Talk Tunings",
      "duration": 103.72,
      "formats": [
        {
          "format": "Flac",
          "filename": "gd1966-02-05_t08_Talk_Tunings.flac"
        },
        {
          "format": "VBR MP3",
          "filename": "gd1966-02-05_t08_Talk_Tunings.mp3",
          "bitrate": "180"
        }
      ]
    },
    {
      "track": "09",
      "title": "Viola Lee Blues05",
      "duration": 108.16,
      "formats": [
        {
          "format": "Flac",
          "filename": "Gd1966-02-05_t09_violaLeeBlues05.flac"
        },
        {
          "format": "VBR MP3",
          "filename": "Gd1966-02-05_t09_violaLeeBlues05.mp3",
          "bitrate": "183"
        }
      ]
    },
    {
      "track": "10",
      "title": "Phil Tunings",
      "duration": 34.54,
      "formats": [
        {
          "format": "Flac",
          "filename": "gd1966-02-05_t10_Phil_Tunings.flac"
        },
        {
          "format": "VBR MP3",
          "filename": "gd1966-02-05_t10_Phil_Tunings.mp3",
          "bitrate": "183"
        }
      ]
    },
    {
      "track": "11",
      "title": "Viola Lee Blues06",
      "duration": 112.07,
      "formats": [
        {
          "format": "Flac",
          "filename": "Gd1966-02-05_t11_violaLeeBlues06.flac"
        },
        {
          "format": "VBR MP3",
          "filename": "Gd1966-02-05_t11_violaLeeBlues06.mp3",
          "bitrate": "181"
        }
      ]
    },
    {
      "track": "12",
      "title": "Viola Lee Blues07",
      "duration": 163.04,
      "formats": [
        {
          "format": "Flac",
          "filename": "Gd1966-02-05_t12_violaLeeBlues07.flac"
        },
        {
          "format": "VBR MP3",
          "filename": "Gd1966-02-05_t12_violaLeeBlues07.mp3",
          "bitrate": "186"
        }
      ]
    },
    {
      "track": "13",
      "title": "Short Takes On The Last Verse",
      "duration": 311.23,
      "formats": [
        {
          "format": "Flac",
          "filename": "Gd1966-02-05_t13_shortTakesOnTheLastVerse.flac"
        },
        {
          "format": "VBR MP3",
          "filename": "Gd1966-02-05_t13_shortTakesOnTheLastVerse.mp3",
          "bitrate": "179"
        }
      ]
    },
    {
      "track": "14",
      "title": "Viola Lee Blues08",
      "duration": 33.42,
      "formats": [
        {
          "format": "Flac",
          "filename": "Gd1966-02-05_t14_violaLeeBlues08.flac"
        },
        {
          "format": "VBR MP3",
          "filename": "Gd1966-02-05_t14_violaLeeBlues08.mp3",
          "bitrate": "182"
        }
      ]
    },
    {
      "track": "15",
      "title": "Pigpen Leavin' The House",
      "duration": 234.14,
      "formats": [
        {
          "format": "Flac",
          "filename": "Gd1966-02-05_t15_pigpenLeavinTheHouse.flac"
        },
        {
          "format": "VBR MP3",
          "filename": "Gd1966-02-05_t15_pigpenLeavinTheHouse.mp3",
          "bitrate": "180"
        }
      ]
    },
    {
      "track": "16",
      "title": "Viola Lee Blues09",
      "duration": 73.54,
      "formats": [
        {
          "format": "Flac",
          "filename": "Gd1966-02-05_t16_violaLeeBlues09.flac"
        },
        {
          "format": "VBR MP3",
          "filename": "Gd1966-02-05_t16_violaLeeBlues09.mp3",
          "bitrate": "182"
        }
      ]
    },
    {
      "track": "17",
      "title": "Short Takes On The Last Verse",
      "duration": 145.34,
      "formats": [
        {
          "format": "Flac",
          "filename": "Gd1966-02-05_t17_shortTakesOnTheLastVerse.flac"
        },
        {
          "format": "VBR MP3",
          "filename": "Gd1966-02-05_t17_shortTakesOnTheLastVerse.mp3",
          "bitrate": "184"
        }
      ]
    },
    {
      "track": "18",
      "title": "Viola Lee Blues10",
      "duration": 948.97,
      "formats": [
        {
          "format": "Flac",
          "filename": "Gd1966-02-05_t18_violaLeeBlues10.flac"
        },
        {
          "format": "VBR MP3",
          "filename": "Gd1966-02-05_t18_violaLeeBlues10.mp3",
          "bitrate": "187"
        }
      ]
    },
    {
      "track": "19",
      "title": "Cardboard Cowboy01",
      "duration": 159.49,
      "formats": [
        {
          "format": "Flac",
          "filename": "Gd1966-02-05_t19_cardboardCowboy01.flac"
        },
        {
          "format": "VBR MP3",
          "filename": "Gd1966-02-05_t19_cardboardCowboy01.mp3",
          "bitrate": "190"
        }
      ]
    },
    {
      "track": "20",
      "title": "Cardboard Cowboy02",
      "duration": 144.17,
      "formats": [
        {
          "format": "Flac",
          "filename": "Gd1966-02-05_t20_cardboardCowboy02.flac"
        },
        {
          "format": "VBR MP3",
          "filename": "Gd1966-02-05_t20_cardboardCowboy02.mp3",
          "bitrate": "192"
        }
      ]
    }
  ]
}