{
  "rating": 2.423076923076923,
  "review_count": 13,
  "source_type": "UNKNOWN",
  "confidence": 1.0,
  "date": "1967-10-22",
  "venue": "Winterland Arena",
  "location": "San Francisco, CA",
  "raw_rating": 4.846153846153846,
  "high_ratings": 13,
  "low_ratings": 0,
  "tracks": [
    {
      "track": "01",
      "title": "Morning Dew",
      "duration": 461.65,
      "formats": [
        {
          "format": "Flac",
          "filename": "gd67-10-22d1t01.flac"
        },
        {
          "format": "VBR MP3",
          "filename": "gd67-10-22d1t01.mp3",
          "bitrate": "192"
        }
      ]
    },
    {
      "track": "02",
      "title": "New Potato Caboose",
      "duration": 583.97,
      "formats": [
        {
          "format": "Flac",
          "filename": "gd67-10-22d1t02.flac"
        },
        {
          "format": "VBR MP3",
          "filename": "gd67-10-22d1t02.mp3",
          "bitrate": "197"
        }
      ]
    },
    {
      "track": "03",
      "title": "It Hurts Me Too",
      "duration": 253.89,
      "formats": [
        {
          "format": "Flac",
          "filename": "gd67-10-22d1t03.flac"
        },
        {
          "format": "VBR MP3",
          "filename": "gd67-10-22d1t03.mp3",
          "bitrate": "192"
        }
      ]
    },
    {
      "track": "04",
      "title": "Cold Rain And Snow",
      "duration": 197.88,
      "formats": [
        {
          "format": "Flac",
          "filename": "gd67-10-22d1t04.flac"
        },
        {
          "format": "VBR MP3",
          "filename": "gd67-10-22d1t04.mp3",
          "bitrate": "195"
        }
      ]
    },
    {
      "track": "05",
      "title": "Turn On Your Lovelight",
      "duration": 752.09,
      "formats": [
        {
          "format": "Flac",
          "filename": "gd67-10-22d1t05.flac"
        },
        {
          "format": "VBR MP3",
          "filename": "gd67-10-22d1t05.mp3",
          "bitrate": "193"
        }
      ]
    },
    {
      "track": "06",
      "title": "Beat It On Down The Line",
      "duration": 152.5,
      "formats": [
        {
          "format": "Flac",
          "filename": "gd67-10-22d1t06.flac"
        },
        {
          "format": "VBR MP3",
          "filename": "gd67-10-22d1t06.mp3",
          "bitrate": "198"
        }
      ]
    },
    {
      "track": "07",
      "title": "That's It For The Other One",
      "duration": 879.1,
      "formats": [
        {
          "format": "Flac",
          "filename": "gd67-10-22d1t07.flac"
        },
        {
          "format": "VBR MP3",
          "filename": "gd67-10-22d1t07.mp3",
          "bitrate": "197"
        }
      ]
    }
  ]
}