{
  "rating": 1.2249999999999999,
  "review_count": 2,
  "source_type": "UNKNOWN",
  "confidence": 0.4,
  "date": "1969-07-11",
  "venue": "New York State Pavilion",
  "location": "Flushing Meadows, Queens, New York, NY",
  "raw_rating": 3.5,
  "high_ratings": 1,
  "low_ratings": 0,
  "tracks": [
    {
      "track": "01",
      "title": "Intro >",
      "duration": 115.64,
      "formats": [
        {
          "format": "Flac",
          "filename": "gd1969-07-11d1t01.flac"
        },
        {
          "format": "VBR MP3",
          "filename": "gd1969-07-11d1t01.mp3",
          "bitrate": "180"
        }
      ]
    },
    {
      "track": "02",
      "title": "The Story of a Brick >",
      "duration": 166.99,
      "formats": [
        {
          "format": "Flac",
          "filename": "gd1969-07-11d1t02.flac"
        },
        {
          "format": "VBR MP3",
          "filename": "gd1969-07-11d1t02.mp3",
          "bitrate": "179"
        }
      ]
    },
    {
      "track": "03",
      "title": "Dupree's Diamond Blues >",
      "duration": 243.47,
      "formats": [
        {
          "format": "Flac",
          "filename": "gd1969-07-11d1t03.flac"
        },
        {
          "format": "VBR MP3",
          "filename": "gd1969-07-11d1t03.mp3",
          "bitrate": "181"
        }
      ]
    },
    {
      "track": "04",
      "title": "Dire Wolf",
      "duration": 193.57,
      "formats": [
        {
          "format": "Flac",
          "filename": "gd1969-07-11d1t04.flac"
        },
        {
          "format": "VBR MP3",
          "filename": "gd1969-07-11d1t04.mp3",
          "bitrate": "179"
        }
      ]
    },
    {
      "track": "05",
      "title": "Hard To Handle",
      "duration": 249.56,
      "formats": [
        {
          "format": "Flac",
          "filename": "gd1969-07-11d1t05.flac"
        },
        {
          "format": "VBR MP3",
          "filename": "gd1969-07-11d1t05.mp3",
          "bitrate": "180"
        }
      ]
    },
    {
      "track": "06",
      "title": "Silver Threads & Golden Needles",
      "duration": 225.47,
      "formats": [
        {
          "format": "Flac",
          "filename": "gd1969-07-11d1t06.flac"
        },
        {
          "format": "VBR MP3",
          "filename": "gd1969-07-11d1t06.mp3",
          "bitrate": "177"
        }
      ]
    },
    {
      "track": "07",
      "title": "Casey Jones",
      "duration": 360.51,
      "formats": [
        {
          "format": "Flac",
          "filename": "gd1969-07-11d1t07.flac"
        },
        {
          "format": "VBR MP3",
          "filename": "gd1969-07-11d1t07.mp3",
          "bitrate": "178"
        }
      ]
    },
    {
      "track": "08",
      "title": "Sittin' On Top of the World >",
      "duration": 201.99,
      "formats": [
        {
          "format": "Flac",
          "filename": "gd1969-07-11d1t08.flac"
        },
        {
          "format": "VBR MP3",
          "filename": "gd1969-07-11d1t08.mp3",
          "bitrate": "180"
        }
      ]
    },
    {
      "track": "09",
      "title": "Big Boss Man",
      "duration": 351.63,
      "formats": [
        {
          "format": "Flac",
          "filename": "gd1969-07-11d1t09.flac"
        },
        {
          "format": "VBR MP3",
          "filename": "gd1969-07-11d1t09.mp3",
          "bitrate": "181"
        }
      ]
    },
    {
      "track": "10",
      "title": "Mama Tried",
      "duration": 165.35,
      "formats": [
        {
          "format": "Flac",
          "filename": "gd1969-07-11d1t10.flac"
        },
        {
          "format": "VBR MP3",
          "filename": "gd1969-07-11d1t10.mp3",
          "bitrate": "180"
        }
      ]
    },
    {
      "track": "11",
      "title": "High Time//",
      "duration": 238.84,
      "formats": [
        {
          "format": "Flac",
          "filename": "gd1969-07-11d1t11.flac"
        },
        {
          "format": "VBR MP3",
          "filename": "gd1969-07-11d1t11.mp3",
          "bitrate": "178"
        }
      ]
    },
    {
      "track": "12",
      "title": "Alligator >",
      "duration": 223.4,
      "formats": [
        {
          "format": "Flac",
          "filename": "gd1969-07-11d2t01.flac"
        },
        {
          "format": "VBR MP3",
          "filename": "gd1969-07-11d2t01.mp3",
          "bitrate": "170"
        }
      ]
    },
    {
      "track": "13",
      "title": "Drums >",
      "duration": 401.4,
      "formats": [
        {
          "format": "Flac",
          "filename": "gd1969-07-11d2t02.flac"
        },
        {
          "format": "VBR MP3",
          "filename": "gd1969-07-11d2t02.mp3",
          "bitrate": "180"
        }
      ]
    },
    {
      "track": "14",
      "title": "Jam >",
      "duration": 846.4,
      "formats": [
        {
          "format": "Flac",
          "filename": "gd1969-07-11d2t03.flac"
        },
        {
          "format": "VBR MP3",
          "filename": "gd1969-07-11d2t03.mp3",
          "bitrate": "179"
        }
      ]
    },
    {
      "track": "15",
      "title": "The Other One >",
      "duration": 481.69,
      "formats": [
        {
          "format": "Flac",
          "filename": "gd1969-07-11d2t04.flac"
        },
        {
          "format": "VBR MP3",
          "filename": "gd1969-07-11d2t04.mp3",
          "bitrate": "179"
        }
      ]
    },
    {
      "track": "16",
      "title": "Death Don't Have No Mercy >",
      "duration": 650.84,
      "formats": [
        {
          "format": "Flac",
          "filename": "gd1969-07-11d2t05.flac"
        },
        {
          "format": "VBR MP3",
          "filename": "gd1969-07-11d2t05.mp3",
          "bitrate": "179"
        }
      ]
    },
    {
      "track": "17",
      "title": "Turn On Your Love Light//",
      "duration": 541.97,
      "formats": [
        {
          "format": "Flac",
          "filename": "gd1969-07-11d2t06.flac"
        },
        {
          "format": "VBR MP3",
          "filename": "gd1969-07-11d2t06.mp3",
          "bitrate": "179"
        }
      ]
    }
  ]
}