{
  "rating": 0.0,
  "review_count": 0,
  "source_type": "UNKNOWN",
  "confidence": 0.0,
  "date": "1969-07-11",
  "venue": "NY State Pavilion, Flushing Meadows Park",
  "location": "Queens, NY",
  "raw_rating": 0.0,
  "high_ratings": 0,
  "low_ratings": 0,
  "tracks": [
    {
      "track": "01",
      "title": "intro",
      "duration": 57.48,
      "formats": [
        {
          "format": "Flac",
          "filename": "gd1969-07-11t01.flac"
        },
        {
          "format": "VBR MP3",
          "filename": "gd1969-07-11t01.mp3",
          "bitrate": "133"
        }
      ]
    },
    {
      "track": "02",
      "title": "Dupree's Diamond Blues",
      "duration": 143.48,
      "formats": [
        {
          "format": "Flac",
          "filename": "gd1969-07-11t02.flac"
        },
        {
          "format": "VBR MP3",
          "filename": "gd1969-07-11t02.mp3",
          "bitrate": "136"
        }
      ]
    },
    {
      "track": "03",
      "title": "Casey Jones",
      "duration": 146.47,
      "formats": [
        {
          "format": "Flac",
          "filename": "gd1969-07-11t03.flac"
        },
        {
          "format": "VBR MP3",
          "filename": "gd1969-07-11t03.mp3",
          "bitrate": "135"
        }
      ]
    },
    {
      "track": "04",
      "title": "Sittin' on Top of the World",
      "duration": 200.68,
      "formats": [
        {
          "format": "Flac",
          "filename": "gd1969-07-11t04.flac"
        },
        {
          "format": "VBR MP3",
          "filename": "gd1969-07-11t04.mp3",
          "bitrate": "136"
        }
      ]
    },
    {
      "track": "05",
      "title": "Alligator",
      "duration": 219.21,
      "formats": [
        {
          "format": "Flac",
          "filename": "gd1969-07-11t05.flac"
        },
        {
          "format": "VBR MP3",
          "filename": "gd1969-07-11t05.mp3",
          "bitrate": "137"
        }
      ]
    },
    {
      "track": "06",
      "title": "Drums",
      "duration": 358.56,
      "formats": [
        {
          "format": "Flac",
          "filename": "gd1969-07-11t06.flac"
        },
        {
          "format": "VBR MP3",
          "filename": "gd1969-07-11t06.mp3",
          "bitrate": "138"
        }
      ]
    },
    {
      "track": "07",
      "title": "Jam",
      "duration": 886.49,
      "formats": [
        {
          "format": "Flac",
          "filename": "gd1969-07-11t07.flac"
        },
        {
          "format": "VBR MP3",
          "filename": "gd1969-07-11t07.mp3",
          "bitrate": "138"
        }
      ]
    },
    {
      "track": "08",
      "title": "The Other One",
      "duration": 373.49,
      "formats": [
        {
          "format": "Flac",
          "filename": "gd1969-07-11t08.flac"
        },
        {
          "format": "VBR MP3",
          "filename": "gd1969-07-11t08.mp3",
          "bitrate": "137"
        }
      ]
    },
    {
      "track": "09",
      "title": "Death Don't Have No Mercy",
      "duration": 552.47,
      "formats": [
        {
          "format": "Flac",
          "filename": "gd1969-07-11t09.flac"
        },
        {
          "format": "VBR MP3",
          "filename": "gd1969-07-11t09.mp3",
          "bitrate": "133"
        }
      ]
    }
  ]
}