{
  "rating": 1.2249999999999999,
  "review_count": 2,
  "source_type": "UNKNOWN",
  "confidence": 0.4,
  "date": "1969-06-05",
  "venue": "Fillmore West",
  "location": "San Francisco, CA",
  "raw_rating": 3.5,
  "high_ratings": 1,
  "low_ratings": 0,
  "tracks": [
    {
      "track": "01",
      "title": "Morning Dew",
      "duration": 348.09,
      "formats": [
        {
          "format": "VBR MP3",
          "filename": "gd69-06-05d1t01.mp3",
          "bitrate": "176"
        },
        {
          "format": "Shorten",
          "filename": "gd69-06-05d1t01.shn"
        }
      ]
    },
    {
      "track": "02",
      "title": "Me And My Uncle",
      "duration": 120.24,
      "formats": [
        {
          "format": "VBR MP3",
          "filename": "gd69-06-05d1t02.mp3",
          "bitrate": "177"
        },
        {
          "format": "Shorten",
          "filename": "gd69-06-05d1t02.shn"
        }
      ]
    },
    {
      "track": "03",
      "title": "Doing That Rag >",
      "duration": 238.94,
      "formats": [
        {
          "format": "VBR MP3",
          "filename": "gd69-06-05d1t03.mp3",
          "bitrate": "175"
        },
        {
          "format": "Shorten",
          "filename": "gd69-06-05d1t03.shn"
        }
      ]
    },
    {
      "track": "04",
      "title": "He Was A Friend Of Mine",
      "duration": 373.3,
      "formats": [
        {
          "format": "VBR MP3",
          "filename": "gd69-06-05d1t04.mp3",
          "bitrate": "175"
        },
        {
          "format": "Shorten",
          "filename": "gd69-06-05d1t04.shn"
        }
      ]
    },
    {
      "track": "05",
      "title": "Hard To Handle",
      "duration": 196.9,
      "formats": [
        {
          "format": "VBR MP3",
          "filename": "gd69-06-05d1t05.mp3",
          "bitrate": "176"
        },
        {
          "format": "Shorten",
          "filename": "gd69-06-05d1t05.shn"
        }
      ]
    },
    {
      "track": "06",
      "title": "Cosmic Charlie",
      "duration": 231.52,
      "formats": [
        {
          "format": "VBR MP3",
          "filename": "gd69-06-05d1t06.mp3",
          "bitrate": "174"
        },
        {
          "format": "Shorten",
          "filename": "gd69-06-05d1t06.shn"
        }
      ]
    },
    {
      "track": "07",
      "title": "Cryptical Envelopment ->",
      "duration": 79.67,
      "formats": [
        {
          "format": "VBR MP3",
          "filename": "gd69-06-05d1t07.mp3",
          "bitrate": "177"
        },
        {
          "format": "Shorten",
          "filename": "gd69-06-05d1t07.shn"
        }
      ]
    },
    {
      "track": "08",
      "title": "Drums ->",
      "duration": 48.97,
      "formats": [
        {
          "format": "VBR MP3",
          "filename": "gd69-06-05d1t08.mp3",
          "bitrate": "181"
        },
        {
          "format": "Shorten",
          "filename": "gd69-06-05d1t08.shn"
        }
      ]
    },
    {
      "track": "09",
      "title": "The Other One >",
      "duration": 318.71,
      "formats": [
        {
          "format": "VBR MP3",
          "filename": "gd69-06-05d1t09.mp3",
          "bitrate": "177"
        },
        {
          "format": "Shorten",
          "filename": "gd69-06-05d1t09.shn"
        }
      ]
    },
    {
      "track": "10",
      "title": "Cryptical Envelopment",
      "duration": 424.11,
      "formats": [
        {
          "format": "VBR MP3",
          "filename": "gd69-06-05d1t10.mp3",
          "bitrate": "180"
        },
        {
          "format": "Shorten",
          "filename": "gd69-06-05d1t10.shn"
        }
      ]
    },
    {
      "track": "11",
      "title": "China Cat Sunflower ->",
      "duration": 167.56,
      "formats": [
        {
          "format": "VBR MP3",
          "filename": "gd69-06-05d1t11.mp3",
          "bitrate": "179"
        },
        {
          "format": "Shorten",
          "filename": "gd69-06-05d1t11.shn"
        }
      ]
    },
    {
      "track": "12",
      "title": "Sittin' On Top Of The World",
      "duration": 128.84,
      "formats": [
        {
          "format": "VBR MP3",
          "filename": "gd69-06-05d1t12.mp3",
          "bitrate": "171"
        },
        {
          "format": "Shorten",
          "filename": "gd69-06-05d1t12.shn"
        }
      ]
    },
    {
      "track": "13",
      "title": "Dark Star ->",
      "duration": 716.44,
      "formats": [
        {
          "format": "VBR MP3",
          "filename": "gd69-06-05d2t01.mp3",
          "bitrate": "177"
        },
        {
          "format": "Shorten",
          "filename": "gd69-06-05d2t01.shn"
        }
      ]
    },
    {
      "track": "14",
      "title": "St. Stephen ->",
      "duration": 209.68,
      "formats": [
        {
          "format": "VBR MP3",
          "filename": "gd69-06-05d2t02.mp3",
          "bitrate": "176"
        },
        {
          "format": "Shorten",
          "filename": "gd69-06-05d2t02.shn"
        }
      ]
    },
    {
      "track": "15",
      "title": "The Eleven ->",
      "duration": 464.04,
      "formats": [
        {
          "format": "VBR MP3",
          "filename": "gd69-06-05d2t03.mp3",
          "bitrate": "178"
        },
        {
          "format": "Shorten",
          "filename": "gd69-06-05d2t03.shn"
        }
      ]
    },
    {
      "track": "16",
      "title": "Turn On Your Lovelight",
      "duration": 974.44,
      "formats": [
        {
          "format": "VBR MP3",
          "filename": "gd69-06-05d2t04.mp3",
          "bitrate": "176"
        },
        {
          "format": "Shorten",
          "filename": "gd69-06-05d2t04.shn"
        }
      ]
    }
  ]
}