{
  "rating": 4.35,
  "review_count": 6,
  "source_type": "MATRIX",
  "confidence": 1.0,
  "date": "1966-12-01",
  "venue": "The Matrix Club",
  "location": "San Francisco, CA",
  "raw_rating": 4.833333333333333,
  "high_ratings": 6,
  "low_ratings": 0,
  "tracks": [
    {
      "track": "01",
      "title": "New Minglewood Blues",
      "duration": 197.35,
      "formats": [
        {
          "format": "VBR MP3",
          "filename": "gd1966-12-01d1t01.mp3",
          "bitrate": "184"
        },
        {
          "format": "Shorten",
          "filename": "gd1966-12-01d1t01.shn"
        },
        {
          "format": "VBR MP3",
          "filename": "gd1966-12-01d1t01_vbr.mp3",
          "bitrate": "214"
        }
      ]
    },
    {
      "track": "02",
      "title": "Betty and Dupree",
      "duration": 165.94,
      "formats": [
        {
          "format": "VBR MP3",
          "filename": "gd1966-12-01d1t02.mp3",
          "bitrate": "187"
        },
        {
          "format": "Shorten",
          "filename": "gd1966-12-01d1t02.shn"
        },
        {
          "format": "VBR MP3",
          "filename": "gd1966-12-01d1t02_vbr.mp3",
          "bitrate": "218"
        }
      ]
    },
    {
      "track": "03",
      "title": "Next Time You See Me",
      "duration": 164.29,
      "formats": [
        {
          "format": "VBR MP3",
          "filename": "gd1966-12-01d1t03.mp3",
          "bitrate": "186"
        },
        {
          "format": "Shorten",
          "filename": "gd1966-12-01d1t03.shn"
        },
        {
          "format": "VBR MP3",
          "filename": "gd1966-12-01d1t03_vbr.mp3",
          "bitrate": "217"
        }
      ]
    },
    {
      "track": "04",
      "title": "I Know You Rider",
      "duration": 154.88,
      "formats": [
        {
          "format": "VBR MP3",
          "filename": "gd1966-12-01d1t04.mp3",
          "bitrate": "191"
        },
        {
          "format": "Shorten",
          "filename": "gd1966-12-01d1t04.shn"
        },
        {
          "format": "VBR MP3",
          "filename": "gd1966-12-01d1t04_vbr.mp3",
          "bitrate": "229"
        }
      ]
    },
    {
      "track": "05",
      "title": "Big Boss Man",
      "duration": 128.23,
      "formats": [
        {
          "format": "VBR MP3",
          "filename": "gd1966-12-01d1t05.mp3",
          "bitrate": "188"
        },
        {
          "format": "Shorten",
          "filename": "gd1966-12-01d1t05.shn"
        },
        {
          "format": "VBR MP3",
          "filename": "gd1966-12-01d1t05_vbr.mp3",
          "bitrate": "221"
        }
      ]
    },
    {
      "track": "06",
      "title": "One Kind Favor (See That My Grave Is Kept Clean)",
      "duration": 200.47,
      "formats": [
        {
          "format": "VBR MP3",
          "filename": "gd1966-12-01d1t06.mp3",
          "bitrate": "187"
        },
        {
          "format": "Shorten",
          "filename": "gd1966-12-01d1t06.shn"
        },
        {
          "format": "VBR MP3",
          "filename": "gd1966-12-01d1t06_vbr.mp3",
          "bitrate": "219"
        }
      ]
    },
    {
      "track": "07",
      "title": "Alice D. Millionaire",
      "duration": 100.07,
      "formats": [
        {
          "format": "VBR MP3",
          "filename": "gd1966-12-01d1t07.mp3",
          "bitrate": "188"
        },
        {
          "format": "Shorten",
          "filename": "gd1966-12-01d1t07.shn"
        },
        {
          "format": "VBR MP3",
          "filename": "gd1966-12-01d1t07_vbr.mp3",
          "bitrate": "223"
        }
      ]
    },
    {
      "track": "08",
      "title": "Me and My Uncle",
      "duration": 48.05,
      "formats": [
        {
          "format": "VBR MP3",
          "filename": "gd1966-12-01d1t08.mp3",
          "bitrate": "189"
        },
        {
          "format": "Shorten",
          "filename": "gd1966-12-01d1t08.shn"
        },
        {
          "format": "VBR MP3",
          "filename": "gd1966-12-01d1t08_vbr.mp3",
          "bitrate": "224"
        }
      ]
    },
    {
      "track": "09",
      "title": "We Can't Agree on the Words",
      "duration": 7.65,
      "formats": [
        {
          "format": "VBR MP3",
          "filename": "gd1966-12-01d1t09.mp3",
          "bitrate": "174"
        },
        {
          "format": "Shorten",
          "filename": "gd1966-12-01d1t09.shn"
        },
        {
          "format": "VBR MP3",
          "filename": "gd1966-12-01d1t09_vbr.mp3",
          "bitrate": "189"
        }
      ]
    },
    {
      "track": "10",
      "title": "Me and My Uncle",
      "duration": 126.7,
      "formats": [
        {
          "format": "VBR MP3",
          "filename": "gd1966-12-01d1t10.mp3",
          "bitrate": "190"
        },
        {
          "format": "Shorten",
          "filename": "gd1966-12-01d1t10.shn"
        },
        {
          "format": "VBR MP3",
          "filename": "gd1966-12-01d1t10_vbr.mp3",
          "bitrate": "228"
        }
      ]
    },
    {
      "track": "11",
      "title": "Cream Puff War",
      "duration": 326.84,
      "formats": [
        {
          "format": "VBR MP3",
          "filename": "gd1966-12-01d1t11.mp3",
          "bitrate": "196"
        },
        {
          "format": "Shorten",
          "filename": "gd1966-12-01d1t11.shn"
        },
        {
          "format": "VBR MP3",
          "filename": "gd1966-12-01d1t11_vbr.mp3",
          "bitrate": "231"
        }
      ]
    },
    {
      "track": "12",
      "title": "You Don't Love Me",
      "duration": 155.28,
      "formats": [
        {
          "format": "VBR MP3",
          "filename": "gd1966-12-01d2t01.mp3",
          "bitrate": "193"
        },
        {
          "format": "Shorten",
          "filename": "gd1966-12-01d2t01.shn"
        },
        {
          "format": "VBR MP3",
          "filename": "gd1966-12-01d2t01_vbr.mp3",
          "bitrate": "222"
        }
      ]
    },
    {
      "track": "13",
      "title": "Beat It On Down the Line",
      "duration": 89.77,
      "formats": [
        {
          "format": "VBR MP3",
          "filename": "gd1966-12-01d2t02.mp3",
          "bitrate": "200"
        },
        {
          "format": "Shorten",
          "filename": "gd1966-12-01d2t02.shn"
        },
        {
          "format": "VBR MP3",
          "filename": "gd1966-12-01d2t02_vbr.mp3",
          "bitrate": "236"
        }
      ]
    },
    {
      "track": "14",
      "title": "Hurts Me Too",
      "duration": 145.7,
      "formats": [
        {
          "format": "VBR MP3",
          "filename": "gd1966-12-01d2t03.mp3",
          "bitrate": "190"
        },
        {
          "format": "Shorten",
          "filename": "gd1966-12-01d2t03.shn"
        },
        {
          "format": "VBR MP3",
          "filename": "gd1966-12-01d2t03_vbr.mp3",
          "bitrate": "216"
        }
      ]
    },
    {
      "track": "15",
      "title": "On the Road Again",
      "duration": 82.37,
      "formats": [
        {
          "format": "VBR MP3",
          "filename": "gd1966-12-01d2t04.mp3",
          "bitrate": "188"
        },
        {
          "format": "Shorten",
          "filename": "gd1966-12-01d2t04.shn"
        },
        {
          "format": "VBR MP3",
          "filename": "gd1966-12-01d2t04_vbr.mp3",
          "bitrate": "221"
        }
      ]
    },
    {
      "track": "16",
      "title": "Yonder's Wall*",
      "duration": 134.69,
      "formats": [
        {
          "format": "VBR MP3",
          "filename": "gd1966-12-01d2t05.mp3",
          "bitrate": "190"
        },
        {
          "format": "Shorten",
          "filename": "gd1966-12-01d2t05.shn"
        },
        {
          "format": "VBR MP3",
          "filename": "gd1966-12-01d2t05_vbr.mp3",
          "bitrate": "224"
        }
      ]
    },
    {
      "track": "17",
      "title": "My Own Fault*",
      "duration": 217.25,
      "formats": [
        {
          "format": "VBR MP3",
          "filename": "gd1966-12-01d2t06.mp3",
          "bitrate": "185"
        },
        {
          "format": "Shorten",
          "filename": "gd1966-12-01d2t06.shn"
        },
        {
          "format": "VBR MP3",
          "filename": "gd1966-12-01d2t06_vbr.mp3",
          "bitrate": "207"
        }
      ]
    },
    {
      "track": "18",
      "title": "Down So Long",
      "duration": 120.27,
      "formats": [
        {
          "format": "VBR MP3",
          "filename": "gd1966-12-01d2t07.mp3",
          "bitrate": "186"
        },
        {
          "format": "Shorten",
          "filename": "gd1966-12-01d2t07.shn"
        },
        {
          "format": "VBR MP3",
          "filename": "gd1966-12-01d2t07_vbr.mp3",
          "bitrate": "215"
        }
      ]
    },
    {
      "track": "19",
      "title": "Cold Rain and Snow",
      "duration": 91.4,
      "formats": [
        {
          "format": "VBR MP3",
          "filename": "gd1966-12-01d2t08.mp3",
          "bitrate": "188"
        },
        {
          "format": "Shorten",
          "filename": "gd1966-12-01d2t08.shn"
        },
        {
          "format": "VBR MP3",
          "filename": "gd1966-12-01d2t08_vbr.mp3",
          "bitrate": "217"
        }
      ]
    },
    {
      "track": "20",
      "title": "Viola Lee Blues",
      "duration": 482.5,
      "formats": [
        {
          "format": "VBR MP3",
          "filename": "gd1966-12-01d2t09.mp3",
          "bitrate": "195"
        },
        {
          "format": "Shorten",
          "filename": "gd1966-12-01d2t09.shn"
        },
        {
          "format": "VBR MP3",
          "filename": "gd1966-12-01d2t09_vbr.mp3",
          "bitrate": "232"
        }
      ]
    },
    {
      "track": "21",
      "title": "Deep Elem Blues",
      "duration": 168.89,
      "formats": [
        {
          "format": "VBR MP3",
          "filename": "gd1966-12-01d3t01.mp3",
          "bitrate": "191"
        },
        {
          "format": "Shorten",
          "filename": "gd1966-12-01d3t01.shn"
        },
        {
          "format": "VBR MP3",
          "filename": "gd1966-12-01d3t01_vbr.mp3",
          "bitrate": "225"
        }
      ]
    },
    {
      "track": "22",
      "title": "Something on YOur Mind",
      "duration": 201.51,
      "formats": [
        {
          "format": "VBR MP3",
          "filename": "gd1966-12-01d3t02.mp3",
          "bitrate": "180"
        },
        {
          "format": "Shorten",
          "filename": "gd1966-12-01d3t02.shn"
        },
        {
          "format": "VBR MP3",
          "filename": "gd1966-12-01d3t02_vbr.mp3",
          "bitrate": "203"
        }
      ]
    },
    {
      "track": "23",
      "title": "Big Boy Pete",
      "duration": 105.5,
      "formats": [
        {
          "format": "VBR MP3",
          "filename": "gd1966-12-01d3t03.mp3",
          "bitrate": "187"
        },
        {
          "format": "Shorten",
          "filename": "gd1966-12-01d3t03.shn"
        },
        {
          "format": "VBR MP3",
          "filename": "gd1966-12-01d3t03_vbr.mp3",
          "bitrate": "215"
        }
      ]
    },
    {
      "track": "24",
      "title": "Death Don't Have No Mercy",
      "duration": 280.71,
      "formats": [
        {
          "format": "VBR MP3",
          "filename": "gd1966-12-01d3t04.mp3",
          "bitrate": "182"
        },
        {
          "format": "Shorten",
          "filename": "gd1966-12-01d3t04.shn"
        },
        {
          "format": "VBR MP3",
          "filename": "gd1966-12-01d3t04_vbr.mp3",
          "bitrate": "203"
        }
      ]
    },
    {
      "track": "25",
      "title": "Dancin' In The Streets",
      "duration": 350.32,
      "formats": [
        {
          "format": "VBR MP3",
          "filename": "gd1966-12-01d3t06.mp3",
          "bitrate": "189"
        },
        {
          "format": "Shorten",
          "filename": "gd1966-12-01d3t06.shn"
        },
        {
          "format": "VBR MP3",
          "filename": "gd1966-12-01d3t06_vbr.mp3",
          "bitrate": "226"
        }
      ]
    },
    {
      "track": "26",
      "title": "Me and My Uncle",
      "duration": 148.61,
      "formats": [
        {
          "format": "VBR MP3",
          "filename": "gd1966-12-01d3t07.mp3",
          "bitrate": "184"
        },
        {
          "format": "Shorten",
          "filename": "gd1966-12-01d3t07.shn"
        },
        {
          "format": "VBR MP3",
          "filename": "gd1966-12-01d3t07_vbr.mp3",
          "bitrate": "217"
        }
      ]
    },
    {
      "track": "27",
      "title": "Lindy",
      "duration": 91.59,
      "formats": [
        {
          "format": "VBR MP3",
          "filename": "gd1966-12-10d3t05.mp3",
          "bitrate": "187"
        },
        {
          "format": "Shorten",
          "filename": "gd1966-12-10d3t05.shn"
        },
        {
          "format": "VBR MP3",
          "filename": "gd1966-12-10d3t05_vbr.mp3",
          "bitrate": "215"
        }
      ]
    }
  ]
}