{
  "rating": 2.6774999999999998,
  "review_count": 4,
  "source_type": "AUD",
  "confidence": 0.8,
  "date": "1969-06-27",
  "venue": "Veterans Auditorium",
  "location": "Santa Rosa, CA",
  "raw_rating": 4.25,
  "high_ratings": 3,
  "low_ratings": 0,
  "tracks": [
    {
      "track": "01",
      "title": "Slewfoot",
      "duration": 103.27,
      "formats": [
        {
          "format": "VBR MP3",
          "filename": "gd690627d1t01.mp3",
          "bitrate": "180"
        },
        {
          "format": "Shorten",
          "filename": "gd690627d1t01.shn"
        }
      ]
    },
    {
      "track": "02",
      "title": "Mama Tried",
      "duration": 80.22,
      "formats": [
        {
          "format": "VBR MP3",
          "filename": "gd690627d1t02.mp3",
          "bitrate": "183"
        },
        {
          "format": "Shorten",
          "filename": "gd690627d1t02.shn"
        }
      ]
    },
    {
      "track": "03",
      "title": "High Time",
      "duration": 151.57,
      "formats": [
        {
          "format": "VBR MP3",
          "filename": "gd690627d1t03.mp3",
          "bitrate": "179"
        },
        {
          "format": "Shorten",
          "filename": "gd690627d1t03.shn"
        }
      ]
    },
    {
      "track": "04",
      "title": "Dupree's Diamond Blues",
      "duration": 119.54,
      "formats": [
        {
          "format": "VBR MP3",
          "filename": "gd690627d1t04.mp3",
          "bitrate": "183"
        },
        {
          "format": "Shorten",
          "filename": "gd690627d1t04.shn"
        }
      ]
    },
    {
      "track": "05",
      "title": "Me and My Uncle",
      "duration": 101.52,
      "formats": [
        {
          "format": "VBR MP3",
          "filename": "gd690627d1t05.mp3",
          "bitrate": "183"
        },
        {
          "format": "Shorten",
          "filename": "gd690627d1t05.shn"
        }
      ]
    },
    {
      "track": "06",
      "title": "Casey Jones",
      "duration": 188.48,
      "formats": [
        {
          "format": "VBR MP3",
          "filename": "gd690627d1t06.mp3",
          "bitrate": "184"
        },
        {
          "format": "Shorten",
          "filename": "gd690627d1t06.shn"
        }
      ]
    },
    {
      "track": "07",
      "title": "Dire Wolf",
      "duration": 156.06,
      "formats": [
        {
          "format": "VBR MP3",
          "filename": "gd690627d1t07.mp3",
          "bitrate": "183"
        },
        {
          "format": "Shorten",
          "filename": "gd690627d1t07.shn"
        }
      ]
    },
    {
      "track": "08",
      "title": "Sittin' On Top Of The World",
      "duration": 119.69,
      "formats": [
        {
          "format": "VBR MP3",
          "filename": "gd690627d1t08.mp3",
          "bitrate": "184"
        },
        {
          "format": "Shorten",
          "filename": "gd690627d1t08.shn"
        }
      ]
    },
    {
      "track": "09",
      "title": "Big Boss Man",
      "duration": 182.2,
      "formats": [
        {
          "format": "VBR MP3",
          "filename": "gd690627d1t09.mp3",
          "bitrate": "171"
        },
        {
          "format": "Shorten",
          "filename": "gd690627d1t09.shn"
        }
      ]
    },
    {
      "track": "10",
      "title": "Dark Star >",
      "duration": 814.5,
      "formats": [
        {
          "format": "VBR MP3",
          "filename": "gd690627d2t01.mp3",
          "bitrate": "183"
        },
        {
          "format": "Shorten",
          "filename": "gd690627d2t01.shn"
        }
      ]
    },
    {
      "track": "11",
      "title": "St. Stephen",
      "duration": 219.37,
      "formats": [
        {
          "format": "VBR MP3",
          "filename": "gd690627d2t02.mp3",
          "bitrate": "183"
        },
        {
          "format": "Shorten",
          "filename": "gd690627d2t02.shn"
        }
      ]
    },
    {
      "track": "12",
      "title": "The Eleven Jam",
      "duration": 79.79,
      "formats": [
        {
          "format": "VBR MP3",
          "filename": "gd690627d2t03.mp3",
          "bitrate": "185"
        },
        {
          "format": "Shorten",
          "filename": "gd690627d2t03.shn"
        }
      ]
    },
    {
      "track": "13",
      "title": "Green, Green Grass of Home",
      "duration": 163.22,
      "formats": [
        {
          "format": "VBR MP3",
          "filename": "gd690627d2t04.mp3",
          "bitrate": "176"
        },
        {
          "format": "Shorten",
          "filename": "gd690627d2t04.shn"
        }
      ]
    },
    {
      "track": "14",
      "title": "It's All Over Now, Baby Blue",
      "duration": 124.99,
      "formats": [
        {
          "format": "VBR MP3",
          "filename": "gd690627d2t05.mp3",
          "bitrate": "180"
        },
        {
          "format": "Shorten",
          "filename": "gd690627d2t05.shn"
        }
      ]
    }
  ]
}