{
  "rating": 2.423076923076923,
  "review_count": 13,
  "source_type": "UNKNOWN",
  "confidence": 1.0,
  "date": "1969-01-26",
  "venue": "Avalon Ballroom",
  "location": "San Francisco, CA",
  "raw_rating": 4.846153846153846,
  "high_ratings": 13,
  "low_ratings": 0,
  "tracks": [
    {
      "track": "01",
      "title": "Tuning",
      "duration": 46.3,
      "formats": [
        {
          "format": "Flac",
          "filename": "gd69-01-26d1t01.flac"
        },
        {
          "format": "VBR MP3",
          "filename": "gd69-01-26d1t01.mp3",
          "bitrate": "187"
        }
      ]
    },
    {
      "track": "02",
      "title": "That's It For The Other One ->",
      "duration": 961.73,
      "formats": [
        {
          "format": "Flac",
          "filename": "gd69-01-26d1t02.flac"
        },
        {
          "format": "VBR MP3",
          "filename": "gd69-01-26d1t02.mp3",
          "bitrate": "193"
        }
      ]
    },
    {
      "track": "03",
      "title": "Clementine ->",
      "duration": 656.77,
      "formats": [
        {
          "format": "Flac",
          "filename": "gd69-01-26d1t03.flac"
        },
        {
          "format": "VBR MP3",
          "filename": "gd69-01-26d1t03.mp3",
          "bitrate": "187"
        }
      ]
    },
    {
      "track": "04",
      "title": "Death Don't Have No Mercy",
      "duration": 619.01,
      "formats": [
        {
          "format": "Flac",
          "filename": "gd69-01-26d1t04.flac"
        },
        {
          "format": "VBR MP3",
          "filename": "gd69-01-26d1t04.mp3",
          "bitrate": "187"
        }
      ]
    },
    {
      "track": "05",
      "title": "Dark Star ->",
      "duration": 578.9,
      "formats": [
        {
          "format": "Flac",
          "filename": "gd69-01-26d1t05.flac"
        },
        {
          "format": "VBR MP3",
          "filename": "gd69-01-26d1t05.mp3",
          "bitrate": "191"
        }
      ]
    },
    {
      "track": "06",
      "title": "St Stephen ->",
      "duration": 401.73,
      "formats": [
        {
          "format": "Flac",
          "filename": "gd69-01-26d1t06.flac"
        },
        {
          "format": "VBR MP3",
          "filename": "gd69-01-26d1t06.mp3",
          "bitrate": "192"
        }
      ]
    },
    {
      "track": "07",
      "title": "The Eleven ->",
      "duration": 556.06,
      "formats": [
        {
          "format": "Flac",
          "filename": "gd69-01-26d1t07.flac"
        },
        {
          "format": "VBR MP3",
          "filename": "gd69-01-26d1t07.mp3",
          "bitrate": "198"
        }
      ]
    },
    {
      "track": "08",
      "title": "Turn On Your Lovelight",
      "duration": 904.44,
      "formats": [
        {
          "format": "Flac",
          "filename": "gd69-01-26d1t08.flac"
        },
        {
          "format": "VBR MP3",
          "filename": "gd69-01-26d1t08.mp3",
          "bitrate": "189"
        }
      ]
    }
  ]
}