{
  "rating": 2.357142857142857,
  "review_count": 7,
  "source_type": "UNKNOWN",
  "confidence": 1.0,
  "date": "1968-10-13",
  "venue": "Avalon Ballroom",
  "location": "San Francisco, CA",
  "raw_rating": 4.714285714285714,
  "high_ratings": 6,
  "low_ratings": 0,
  "tracks": [
    {
      "track": "01",
      "title": "Dark Star >",
      "duration": 465.74,
      "formats": [
        {
          "format": "VBR MP3",
          "filename": "gd68-10-13d1t01.mp3",
          "bitrate": "179"
        },
        {
          "format": "Shorten",
          "filename": "gd68-10-13d1t01.shn"
        },
        {
          "format": "VBR MP3",
          "filename": "gd68-10-13d1t01_vbr.mp3",
          "bitrate": "186"
        }
      ]
    },
    {
      "track": "02",
      "title": "St Stephen >",
      "duration": 165.18,
      "formats": [
        {
          "format": "VBR MP3",
          "filename": "gd68-10-13d1t02.mp3",
          "bitrate": "182"
        },
        {
          "format": "Shorten",
          "filename": "gd68-10-13d1t02.shn"
        },
        {
          "format": "VBR MP3",
          "filename": "gd68-10-13d1t02_vbr.mp3",
          "bitrate": "187"
        }
      ]
    },
    {
      "track": "03",
      "title": "The Eleven >",
      "duration": 487.95,
      "formats": [
        {
          "format": "VBR MP3",
          "filename": "gd68-10-13d1t03.mp3",
          "bitrate": "190"
        },
        {
          "format": "Shorten",
          "filename": "gd68-10-13d1t03.shn"
        },
        {
          "format": "VBR MP3",
          "filename": "gd68-10-13d1t03_vbr.mp3",
          "bitrate": "196"
        }
      ]
    },
    {
      "track": "04",
      "title": "Death Don't Have No Mercy",
      "duration": 308.87,
      "formats": [
        {
          "format": "VBR MP3",
          "filename": "gd68-10-13d1t04.mp3",
          "bitrate": "181"
        },
        {
          "format": "Shorten",
          "filename": "gd68-10-13d1t04.shn"
        },
        {
          "format": "VBR MP3",
          "filename": "gd68-10-13d1t04_vbr.mp3",
          "bitrate": "194"
        }
      ]
    },
    {
      "track": "05",
      "title": "Cryptical Envelopment >",
      "duration": 59.62,
      "formats": [
        {
          "format": "VBR MP3",
          "filename": "gd68-10-13d1t05.mp3",
          "bitrate": "186"
        },
        {
          "format": "Shorten",
          "filename": "gd68-10-13d1t05.shn"
        },
        {
          "format": "VBR MP3",
          "filename": "gd68-10-13d1t05_vbr.mp3",
          "bitrate": "189"
        }
      ]
    },
    {
      "track": "06",
      "title": "The Other One >",
      "duration": 282.62,
      "formats": [
        {
          "format": "VBR MP3",
          "filename": "gd68-10-13d1t06.mp3",
          "bitrate": "188"
        },
        {
          "format": "Shorten",
          "filename": "gd68-10-13d1t06.shn"
        },
        {
          "format": "VBR MP3",
          "filename": "gd68-10-13d1t06_vbr.mp3",
          "bitrate": "196"
        }
      ]
    },
    {
      "track": "07",
      "title": "Cryptical Envelopment >",
      "duration": 297.76,
      "formats": [
        {
          "format": "VBR MP3",
          "filename": "gd68-10-13d1t07.mp3",
          "bitrate": "186"
        },
        {
          "format": "Shorten",
          "filename": "gd68-10-13d1t07.shn"
        },
        {
          "format": "VBR MP3",
          "filename": "gd68-10-13d1t07_vbr.mp3",
          "bitrate": "198"
        }
      ]
    },
    {
      "track": "08",
      "title": "New Potato Caboose >",
      "duration": 100.16,
      "formats": [
        {
          "format": "VBR MP3",
          "filename": "gd68-10-13d1t08.mp3",
          "bitrate": "184"
        },
        {
          "format": "Shorten",
          "filename": "gd68-10-13d1t08.shn"
        },
        {
          "format": "VBR MP3",
          "filename": "gd68-10-13d1t08_vbr.mp3",
          "bitrate": "192"
        }
      ]
    },
    {
      "track": "09",
      "title": "Drums >",
      "duration": 153.73,
      "formats": [
        {
          "format": "VBR MP3",
          "filename": "gd68-10-13d1t09.mp3",
          "bitrate": "192"
        },
        {
          "format": "Shorten",
          "filename": "gd68-10-13d1t09.shn"
        },
        {
          "format": "VBR MP3",
          "filename": "gd68-10-13d1t09_vbr.mp3",
          "bitrate": "192"
        }
      ]
    },
    {
      "track": "10",
      "title": "Caution Jam >",
      "duration": 84.58,
      "formats": [
        {
          "format": "VBR MP3",
          "filename": "gd68-10-13d1t10.mp3",
          "bitrate": "188"
        },
        {
          "format": "Shorten",
          "filename": "gd68-10-13d1t10.shn"
        },
        {
          "format": "VBR MP3",
          "filename": "gd68-10-13d1t10_vbr.mp3",
          "bitrate": "201"
        }
      ]
    },
    {
      "track": "11",
      "title": "Feedback",
      "duration": 179.85,
      "formats": [
        {
          "format": "VBR MP3",
          "filename": "gd68-10-13d1t11.mp3",
          "bitrate": "177"
        },
        {
          "format": "Shorten",
          "filename": "gd68-10-13d1t11.shn"
        },
        {
          "format": "VBR MP3",
          "filename": "gd68-10-13d1t11_vbr.mp3",
          "bitrate": "192"
        }
      ]
    }
  ]
}