{
  "rating": 2.0,
  "review_count": 3,
  "source_type": "UNKNOWN",
  "confidence": 0.6,
  "date": "1969-07-03",
  "venue": "Reed's Ranch",
  "location": "Colorado Springs, CO",
  "raw_rating": 5.0,
  "high_ratings": 3,
  "low_ratings": 0,
  "tracks": [
    {
      "track": "01",
      "title": "Green Green Grass Of Home >",
      "duration": 312.45,
      "formats": [
        {
          "format": "Flac",
          "filename": "gd69-07-03d1t01.flac"
        },
        {
          "format": "VBR MP3",
          "filename": "gd69-07-03d1t01.mp3",
          "bitrate": "190"
        }
      ]
    },
    {
      "track": "02",
      "title": "Ol' Slewfoot",
      "duration": 195.8,
      "formats": [
        {
          "format": "Flac",
          "filename": "gd69-07-03d1t02.flac"
        },
        {
          "format": "VBR MP3",
          "filename": "gd69-07-03d1t02.mp3",
          "bitrate": "186"
        }
      ]
    },
    {
      "track": "03",
      "title": "Sittin' On Top Of The World",
      "duration": 221.78,
      "formats": [
        {
          "format": "Flac",
          "filename": "gd69-07-03d1t03.flac"
        },
        {
          "format": "VBR MP3",
          "filename": "gd69-07-03d1t03.mp3",
          "bitrate": "193"
        }
      ]
    },
    {
      "track": "04",
      "title": "Morning Dew",
      "duration": 620.06,
      "formats": [
        {
          "format": "Flac",
          "filename": "gd69-07-03d1t04.flac"
        },
        {
          "format": "VBR MP3",
          "filename": "gd69-07-03d1t04.mp3",
          "bitrate": "194"
        }
      ]
    },
    {
      "track": "05",
      "title": "High Time",
      "duration": 416.08,
      "formats": [
        {
          "format": "Flac",
          "filename": "gd69-07-03d1t05.flac"
        },
        {
          "format": "VBR MP3",
          "filename": "gd69-07-03d1t05.mp3",
          "bitrate": "198"
        }
      ]
    },
    {
      "track": "06",
      "title": "Me And My Uncle",
      "duration": 217.49,
      "formats": [
        {
          "format": "Flac",
          "filename": "gd69-07-03d1t06.flac"
        },
        {
          "format": "VBR MP3",
          "filename": "gd69-07-03d1t06.mp3",
          "bitrate": "193"
        }
      ]
    },
    {
      "track": "07",
      "title": "Casey Jones",
      "duration": 219.06,
      "formats": [
        {
          "format": "Flac",
          "filename": "gd69-07-03d1t07.flac"
        },
        {
          "format": "VBR MP3",
          "filename": "gd69-07-03d1t07.mp3",
          "bitrate": "167"
        }
      ]
    },
    {
      "track": "08",
      "title": "He Was A Friend Of Mine",
      "duration": 781.58,
      "formats": [
        {
          "format": "Flac",
          "filename": "gd69-07-03d1t08.flac"
        },
        {
          "format": "VBR MP3",
          "filename": "gd69-07-03d1t08.mp3",
          "bitrate": "184"
        }
      ]
    }
  ]
}