{
  "rating": 2.6999999999999997,
  "review_count": 1,
  "source_type": "MATRIX",
  "confidence": 0.2,
  "date": "1966-12-01",
  "venue": "The Matrix",
  "location": "San Francisco, CA",
  "raw_rating": 5.0,
  "high_ratings": 1,
  "low_ratings": 0,
  "tracks": [
    {
      "track": "01",
      "title": "New Minglewood Blues",
      "duration": 232.76,
      "formats": [
        {
          "format": "Flac",
          "filename": "01 New Minglewood Blues.flac"
        },
        {
          "format": "VBR MP3",
          "filename": "01 New Minglewood Blues.mp3",
          "bitrate": "180"
        }
      ]
    },
    {
      "track": "02",
      "title": "tuning",
      "duration": 120.41,
      "formats": [
        {
          "format": "Flac",
          "filename": "02 tuning.flac"
        },
        {
          "format": "VBR MP3",
          "filename": "02 tuning.mp3",
          "bitrate": "176"
        }
      ]
    },
    {
      "track": "03",
      "title": "Betty and Dupree",
      "duration": 315.01,
      "formats": [
        {
          "format": "Flac",
          "filename": "03 Betty and Dupree.flac"
        },
        {
          "format": "VBR MP3",
          "filename": "03 Betty and Dupree.mp3",
          "bitrate": "179"
        }
      ]
    },
    {
      "track": "04",
      "title": "Next Time You See Me",
      "duration": 229.57,
      "formats": [
        {
          "format": "Flac",
          "filename": "04 Next Time You See Me.flac"
        },
        {
          "format": "VBR MP3",
          "filename": "04 Next Time You See Me.mp3",
          "bitrate": "178"
        }
      ]
    },
    {
      "track": "05",
      "title": "tuning",
      "duration": 92.88,
      "formats": [
        {
          "format": "Flac",
          "filename": "05 tuning.flac"
        },
        {
          "format": "VBR MP3",
          "filename": "05 tuning.mp3",
          "bitrate": "177"
        }
      ]
    },
    {
      "track": "06",
      "title": "I Know You Rider",
      "duration": 274.87,
      "formats": [
        {
          "format": "Flac",
          "filename": "06 I Know You Rider.flac"
        },
        {
          "format": "VBR MP3",
          "filename": "06 I Know You Rider.mp3",
          "bitrate": "180"
        }
      ]
    },
    {
      "track": "07",
      "title": "Big Boss Man",
      "duration": 248.95,
      "formats": [
        {
          "format": "Flac",
          "filename": "07 Big Boss Man.flac"
        },
        {
          "format": "VBR MP3",
          "filename": "07 Big Boss Man.mp3",
          "bitrate": "179"
        }
      ]
    },
    {
      "track": "08",
      "title": "One Kind Favor",
      "duration": 344.72,
      "formats": [
        {
          "format": "Flac",
          "filename": "08 One Kind Favor.flac"
        },
        {
          "format": "VBR MP3",
          "filename": "08 One Kind Favor.mp3",
          "bitrate": "179"
        }
      ]
    },
    {
      "track": "09",
      "title": "Alice D Millionaire",
      "duration": 188.68,
      "formats": [
        {
          "format": "Flac",
          "filename": "09 Alice D Millionaire.flac"
        },
        {
          "format": "VBR MP3",
          "filename": "09 Alice D Millionaire.mp3",
          "bitrate": "177"
        }
      ]
    },
    {
      "track": "10",
      "title": "Me And My Uncle",
      "duration": 107.71,
      "formats": [
        {
          "format": "Flac",
          "filename": "10 Me And My Uncle.flac"
        },
        {
          "format": "VBR MP3",
          "filename": "10 Me And My Uncle.mp3",
          "bitrate": "177"
        }
      ]
    },
    {
      "track": "11",
      "title": "Me And My Uncle",
      "duration": 229.8,
      "formats": [
        {
          "format": "Flac",
          "filename": "11 Me And My Uncle.flac"
        },
        {
          "format": "VBR MP3",
          "filename": "11 Me And My Uncle.mp3",
          "bitrate": "178"
        }
      ]
    },
    {
      "track": "12",
      "title": "Cream Puff War",
      "duration": 575.51,
      "formats": [
        {
          "format": "Flac",
          "filename": "12 Cream Puff War.flac"
        },
        {
          "format": "VBR MP3",
          "filename": "12 Cream Puff War.mp3",
          "bitrate": "179"
        }
      ]
    },
    {
      "track": "13",
      "title": "You Don't Love Me",
      "duration": 292.88,
      "formats": [
        {
          "format": "Flac",
          "filename": "13 You Don't Love Me.flac"
        },
        {
          "format": "VBR MP3",
          "filename": "13 You Don't Love Me.mp3",
          "bitrate": "174"
        }
      ]
    },
    {
      "track": "14",
      "title": "Beat It On Down The Line",
      "duration": 169.75,
      "formats": [
        {
          "format": "Flac",
          "filename": "14 Beat It On Down The Line.flac"
        },
        {
          "format": "VBR MP3",
          "filename": "14 Beat It On Down The Line.mp3",
          "bitrate": "177"
        }
      ]
    },
    {
      "track": "15",
      "title": "It Hurts Me Too",
      "duration": 278.72,
      "formats": [
        {
          "format": "Flac",
          "filename": "15 It Hurts Me Too.flac"
        },
        {
          "format": "VBR MP3",
          "filename": "15 It Hurts Me Too.mp3",
          "bitrate": "174"
        }
      ]
    },
    {
      "track": "16",
      "title": "On The Road Again",
      "duration": 162.99,
      "formats": [
        {
          "format": "Flac",
          "filename": "16 On The Road Again.flac"
        },
        {
          "format": "VBR MP3",
          "filename": "16 On The Road Again.mp3",
          "bitrate": "174"
        }
      ]
    },
    {
      "track": "17",
      "title": "Look Over Yonder's Wall",
      "duration": 258.15,
      "formats": [
        {
          "format": "Flac",
          "filename": "17 Look Over Yonder's Wall.flac"
        },
        {
          "format": "VBR MP3",
          "filename": "17 Look Over Yonder's Wall.mp3",
          "bitrate": "175"
        }
      ]
    },
    {
      "track": "18",
      "title": "My Own Fault",
      "duration": 438.77,
      "formats": [
        {
          "format": "Flac",
          "filename": "18 My Own Fault.flac"
        },
        {
          "format": "VBR MP3",
          "filename": "18 My Own Fault.mp3",
          "bitrate": "178"
        }
      ]
    },
    {
      "track": "19",
      "title": "Down So Long",
      "duration": 249.93,
      "formats": [
        {
          "format": "Flac",
          "filename": "19 Down So Long.flac"
        },
        {
          "format": "VBR MP3",
          "filename": "19 Down So Long.mp3",
          "bitrate": "178"
        }
      ]
    },
    {
      "track": "20",
      "title": "Cold Rain And Snow",
      "duration": 179.32,
      "formats": [
        {
          "format": "Flac",
          "filename": "20 Cold Rain And Snow.flac"
        },
        {
          "format": "VBR MP3",
          "filename": "20 Cold Rain And Snow.mp3",
          "bitrate": "178"
        }
      ]
    },
    {
      "track": "21",
      "title": "Viola Lee Blues",
      "duration": 908.55,
      "formats": [
        {
          "format": "Flac",
          "filename": "21 Viola Lee Blues.flac"
        },
        {
          "format": "VBR MP3",
          "filename": "21 Viola Lee Blues.mp3",
          "bitrate": "180"
        }
      ]
    },
    {
      "track": "22",
      "title": "Deep Elem Blues",
      "duration": 296.09,
      "formats": [
        {
          "format": "Flac",
          "filename": "22 Deep Elem Blues.flac"
        },
        {
          "format": "VBR MP3",
          "filename": "22 Deep Elem Blues.mp3",
          "bitrate": "179"
        }
      ]
    },
    {
      "track": "23",
      "title": "Something On Your Mind",
      "duration": 305.8,
      "formats": [
        {
          "format": "Flac",
          "filename": "23 Something On Your Mind.flac"
        },
        {
          "format": "VBR MP3",
          "filename": "23 Something On Your Mind.mp3",
          "bitrate": "177"
        }
      ]
    },
    {
      "track": "24",
      "title": "Big Boy Pete",
      "duration": 192.69,
      "formats": [
        {
          "format": "Flac",
          "filename": "24 Big Boy Pete.flac"
        },
        {
          "format": "VBR MP3",
          "filename": "24 Big Boy Pete.mp3",
          "bitrate": "181"
        }
      ]
    },
    {
      "track": "25",
      "title": "Death Don't Have No Mercy",
      "duration": 581.81,
      "formats": [
        {
          "format": "Flac",
          "filename": "25 Death Don't Have No Mercy.flac"
        },
        {
          "format": "VBR MP3",
          "filename": "25 Death Don't Have No Mercy.mp3",
          "bitrate": "178"
        }
      ]
    },
    {
      "track": "26",
      "title": "Lindy",
      "duration": 187.85,
      "formats": [
        {
          "format": "Flac",
          "filename": "26 Lindy.flac"
        },
        {
          "format": "VBR MP3",
          "filename": "26 Lindy.mp3",
          "bitrate": "179"
        }
      ]
    },
    {
      "track": "27",
      "title": "Dancin' In The Streets",
      "duration": 671.53,
      "formats": [
        {
          "format": "Flac",
          "filename": "27 Dancin' In The Streets.flac"
        },
        {
          "format": "VBR MP3",
          "filename": "27 Dancin' In The Streets.mp3",
          "bitrate": "179"
        }
      ]
    },
    {
      "track": "28",
      "title": "Me And My Uncle",
      "duration": 266.79,
      "formats": [
        {
          "format": "Flac",
          "filename": "28 Me And My Uncle.flac"
        },
        {
          "format": "VBR MP3",
          "filename": "28 Me And My Uncle.mp3",
          "bitrate": "180"
        }
      ]
    },
    {
      "track": "29",
      "title": "Outro",
      "duration": 34.21,
      "formats": [
        {
          "format": "Flac",
          "filename": "29 Outro.flac"
        },
        {
          "format": "VBR MP3",
          "filename": "29 Outro.mp3",
          "bitrate": "179"
        }
      ]
    }
  ]
}