{
  "rating": 1.2,
  "review_count": 1,
  "source_type": "UNKNOWN",
  "confidence": 0.2,
  "date": "1969-04-05",
  "venue": "Avalon Ballroom",
  "location": "San Francisco, CA",
  "raw_rating": 4.0,
  "high_ratings": 1,
  "low_ratings": 0,
  "tracks": [
    {
      "track": "01",
      "title": "Dupree's Diamond Blues",
      "duration": 243.24,
      "formats": [
        {
          "format": "Flac",
          "filename": "gd1969-04-05s1t01.flac"
        },
        {
          "format": "VBR MP3",
          "filename": "gd1969-04-05s1t01.mp3",
          "bitrate": "171"
        }
      ]
    },
    {
      "track": "02",
      "title": "Mountains Of The Moon >",
      "duration": 369.16,
      "formats": [
        {
          "format": "Flac",
          "filename": "gd1969-04-05s1t02.flac"
        },
        {
          "format": "VBR MP3",
          "filename": "gd1969-04-05s1t02.mp3",
          "bitrate": "166"
        }
      ]
    },
    {
      "track": "03",
      "title": "Dark Star >",
      "duration": 1047.21,
      "formats": [
        {
          "format": "Flac",
          "filename": "gd1969-04-05s1t03.flac"
        },
        {
          "format": "VBR MP3",
          "filename": "gd1969-04-05s1t03.mp3",
          "bitrate": "180"
        }
      ]
    },
    {
      "track": "04",
      "title": "St. Stephen > *",
      "duration": 406.8,
      "formats": [
        {
          "format": "Flac",
          "filename": "gd1969-04-05s1t04.flac"
        },
        {
          "format": "VBR MP3",
          "filename": "gd1969-04-05s1t04.mp3",
          "bitrate": "178"
        }
      ]
    },
    {
      "track": "05",
      "title": "Turn On Your Love Light",
      "duration": 1043.6,
      "formats": [
        {
          "format": "Flac",
          "filename": "gd1969-04-05s1t05.flac"
        },
        {
          "format": "VBR MP3",
          "filename": "gd1969-04-05s1t05.mp3",
          "bitrate": "181"
        }
      ]
    },
    {
      "track": "06",
      "title": "Hard To Handle >",
      "duration": 355.33,
      "formats": [
        {
          "format": "Flac",
          "filename": "gd1969-04-05s2t01.flac"
        },
        {
          "format": "VBR MP3",
          "filename": "gd1969-04-05s2t01.mp3",
          "bitrate": "186"
        }
      ]
    },
    {
      "track": "07",
      "title": "Cosmic Charlie",
      "duration": 409.09,
      "formats": [
        {
          "format": "Flac",
          "filename": "gd1969-04-05s2t02.flac"
        },
        {
          "format": "VBR MP3",
          "filename": "gd1969-04-05s2t02.mp3",
          "bitrate": "175"
        }
      ]
    },
    {
      "track": "08",
      "title": "tuning",
      "duration": 110.39,
      "formats": [
        {
          "format": "Flac",
          "filename": "gd1969-04-05s2t03.flac"
        },
        {
          "format": "VBR MP3",
          "filename": "gd1969-04-05s2t03.mp3",
          "bitrate": "178"
        }
      ]
    },
    {
      "track": "09",
      "title": "China Cat Sunflower >",
      "duration": 336.03,
      "formats": [
        {
          "format": "Flac",
          "filename": "gd1969-04-05s2t04.flac"
        },
        {
          "format": "VBR MP3",
          "filename": "gd1969-04-05s2t04.mp3",
          "bitrate": "186"
        }
      ]
    },
    {
      "track": "10",
      "title": "Doin' That Rag",
      "duration": 572.84,
      "formats": [
        {
          "format": "Flac",
          "filename": "gd1969-04-05s2t05.flac"
        },
        {
          "format": "VBR MP3",
          "filename": "gd1969-04-05s2t05.mp3",
          "bitrate": "180"
        }
      ]
    },
    {
      "track": "11",
      "title": "Cryptical Envelopment >",
      "duration": 143.41,
      "formats": [
        {
          "format": "Flac",
          "filename": "gd1969-04-05s2t06.flac"
        },
        {
          "format": "VBR MP3",
          "filename": "gd1969-04-05s2t06.mp3",
          "bitrate": "182"
        }
      ]
    },
    {
      "track": "12",
      "title": "The Other One >",
      "duration": 555.68,
      "formats": [
        {
          "format": "Flac",
          "filename": "gd1969-04-05s2t07.flac"
        },
        {
          "format": "VBR MP3",
          "filename": "gd1969-04-05s2t07.mp3",
          "bitrate": "188"
        }
      ]
    },
    {
      "track": "13",
      "title": "Cryptical Envelopment >",
      "duration": 365.73,
      "formats": [
        {
          "format": "Flac",
          "filename": "gd1969-04-05s2t08.flac"
        },
        {
          "format": "VBR MP3",
          "filename": "gd1969-04-05s2t08.mp3",
          "bitrate": "187"
        }
      ]
    },
    {
      "track": "14",
      "title": "The Eleven >",
      "duration": 508.68,
      "formats": [
        {
          "format": "Flac",
          "filename": "gd1969-04-05s2t09.flac"
        },
        {
          "format": "VBR MP3",
          "filename": "gd1969-04-05s2t09.mp3",
          "bitrate": "188"
        }
      ]
    },
    {
      "track": "15",
      "title": "It's A Sin",
      "duration": 366.36,
      "formats": [
        {
          "format": "Flac",
          "filename": "gd1969-04-05s2t10.flac"
        },
        {
          "format": "VBR MP3",
          "filename": "gd1969-04-05s2t10.mp3",
          "bitrate": "180"
        }
      ]
    },
    {
      "track": "16",
      "title": "Alligator >",
      "duration": 232.08,
      "formats": [
        {
          "format": "Flac",
          "filename": "gd1969-04-05s2t11.flac"
        },
        {
          "format": "VBR MP3",
          "filename": "gd1969-04-05s2t11.mp3",
          "bitrate": "187"
        }
      ]
    },
    {
      "track": "17",
      "title": "Drums >",
      "duration": 270.55,
      "formats": [
        {
          "format": "Flac",
          "filename": "gd1969-04-05s2t12.flac"
        },
        {
          "format": "VBR MP3",
          "filename": "gd1969-04-05s2t12.mp3",
          "bitrate": "193"
        }
      ]
    },
    {
      "track": "18",
      "title": "Feedback >",
      "duration": 476.79,
      "formats": [
        {
          "format": "Flac",
          "filename": "gd1969-04-05s2t13.flac"
        },
        {
          "format": "VBR MP3",
          "filename": "gd1969-04-05s2t13.mp3",
          "bitrate": "183"
        }
      ]
    },
    {
      "track": "19",
      "title": "And We Bid You Good Night",
      "duration": 209.59,
      "formats": [
        {
          "format": "Flac",
          "filename": "gd1969-04-05s2t14.flac"
        },
        {
          "format": "VBR MP3",
          "filename": "gd1969-04-05s2t14.mp3",
          "bitrate": "179"
        }
      ]
    }
  ]
}