{
  "rating": 1.2,
  "review_count": 1,
  "source_type": "UNKNOWN",
  "confidence": 0.2,
  "date": "1966-03-19",
  "venue": "Carthay Studios",
  "location": "Los Angeles, CA",
  "raw_rating": 4.0,
  "high_ratings": 1,
  "low_ratings": 0,
  "tracks": [
    {
      "track": "01",
      "title": "Viola Lee Blues",
      "duration": 708.4,
      "formats": [
        {
          "format": "Flac",
          "filename": "gd1969-03-19t01.flac"
        }
      ]
    },
    {
      "track": "02",
      "title": "One Kind Favor",
      "duration": 257.64,
      "formats": [
        {
          "format": "Flac",
          "filename": "gd1969-03-19t02.flac"
        }
      ]
    },
    {
      "track": "03",
      "title": "I Know You Rider",
      "duration": 160.95,
      "formats": [
        {
          "format": "Flac",
          "filename": "gd1969-03-19t03.flac"
        }
      ]
    },
    {
      "track": "04",
      "title": "You See A Broken Heart",
      "duration": 196.83,
      "formats": [
        {
          "format": "Flac",
          "filename": "gd1969-03-19t04.flac"
        }
      ]
    },
    {
      "track": "05",
      "title": "It's A Sin",
      "duration": 193.89,
      "formats": [
        {
          "format": "Flac",
          "filename": "gd1969-03-19t05.flac"
        }
      ]
    },
    {
      "track": "06",
      "title": "tuning",
      "duration": 92.91,
      "formats": [
        {
          "format": "Flac",
          "filename": "gd1969-03-19t06.flac"
        }
      ]
    },
    {
      "track": "07",
      "title": "Beat It On Down The Line",
      "duration": 246.36,
      "formats": [
        {
          "format": "Flac",
          "filename": "gd1969-03-19t07.flac"
        }
      ]
    },
    {
      "track": "08",
      "title": "Heads//Up",
      "duration": 245.19,
      "formats": [
        {
          "format": "Flac",
          "filename": "gd1969-03-19t08.flac"
        }
      ]
    },
    {
      "track": "09",
      "title": "Jam",
      "duration": 132.73,
      "formats": [
        {
          "format": "Flac",
          "filename": "gd1969-03-19t09.flac"
        }
      ]
    },
    {
      "track": "10",
      "title": "Next Time You See Me",
      "duration": 177.15,
      "formats": [
        {
          "format": "Flac",
          "filename": "gd1969-03-19t10.flac"
        }
      ]
    },
    {
      "track": "11",
      "title": "ice cream banter",
      "duration": 106.09,
      "formats": [
        {
          "format": "Flac",
          "filename": "gd1969-03-19t11.flac"
        }
      ]
    },
    {
      "track": "12",
      "title": "Slow R and B instrumental",
      "duration": 466.51,
      "formats": [
        {
          "format": "Flac",
          "filename": "gd1969-03-19t12.flac"
        }
      ]
    },
    {
      "track": "13",
      "title": "Death Don't Have No Mercy",
      "duration": 363.37,
      "formats": [
        {
          "format": "Flac",
          "filename": "gd1969-03-19t13.flac"
        }
      ]
    },
    {
      "track": "14",
      "title": "In The Midnight Hour//",
      "duration": 644.33,
      "formats": [
        {
          "format": "Flac",
          "filename": "gd1969-03-19t14.flac"
        }
      ]
    }
  ]
}