{
  "rating": 2.835,
  "review_count": 4,
  "source_type": "AUD",
  "confidence": 0.8,
  "date": "1966-07-29",
  "venue": "P.N.E. Garden Auditorium",
  "location": "Vancouver, BC",
  "raw_rating": 4.5,
  "high_ratings": 4,
  "low_ratings": 0,
  "tracks": [
    {
      "track": "01",
      "title": "Standing On The Corner",
      "duration": 117.23,
      "formats": [
        {
          "format": "VBR MP3",
          "filename": "gd66-07-29d1t01.mp3",
          "bitrate": "179"
        },
        {
          "format": "Shorten",
          "filename": "gd66-07-29d1t01.shn"
        }
      ]
    },
    {
      "track": "02",
      "title": "Rider",
      "duration": 121.8,
      "formats": [
        {
          "format": "VBR MP3",
          "filename": "gd66-07-29d1t02.mp3",
          "bitrate": "180"
        },
        {
          "format": "Shorten",
          "filename": "gd66-07-29d1t02.shn"
        }
      ]
    },
    {
      "track": "03",
      "title": "Next Time You See Me",
      "duration": 124.54,
      "formats": [
        {
          "format": "VBR MP3",
          "filename": "gd66-07-29d1t03.mp3",
          "bitrate": "182"
        },
        {
          "format": "Shorten",
          "filename": "gd66-07-29d1t03.shn"
        }
      ]
    },
    {
      "track": "04",
      "title": "Sitting on Top of the World",
      "duration": 138.37,
      "formats": [
        {
          "format": "VBR MP3",
          "filename": "gd66-07-29d1t04.mp3",
          "bitrate": "182"
        },
        {
          "format": "Shorten",
          "filename": "gd66-07-29d1t04.shn"
        }
      ]
    },
    {
      "track": "05",
      "title": "You Don't. Have To Ask",
      "duration": 200.86,
      "formats": [
        {
          "format": "VBR MP3",
          "filename": "gd66-07-29d1t05.mp3",
          "bitrate": "181"
        },
        {
          "format": "Shorten",
          "filename": "gd66-07-29d1t05.shn"
        }
      ]
    },
    {
      "track": "06",
      "title": "Big Boss Man",
      "duration": 148.81,
      "formats": [
        {
          "format": "VBR MP3",
          "filename": "gd66-07-29d1t06.mp3",
          "bitrate": "180"
        },
        {
          "format": "Shorten",
          "filename": "gd66-07-29d1t06.shn"
        }
      ]
    },
    {
      "track": "07",
      "title": "Stealin'",
      "duration": 130.69,
      "formats": [
        {
          "format": "VBR MP3",
          "filename": "gd66-07-29d1t07.mp3",
          "bitrate": "183"
        },
        {
          "format": "Shorten",
          "filename": "gd66-07-29d1t07.shn"
        }
      ]
    },
    {
      "track": "08",
      "title": "Cardboard Cowboy",
      "duration": 102.65,
      "formats": [
        {
          "format": "VBR MP3",
          "filename": "gd66-07-29d1t08.mp3",
          "bitrate": "184"
        },
        {
          "format": "Shorten",
          "filename": "gd66-07-29d1t08.shn"
        }
      ]
    },
    {
      "track": "09",
      "title": "Baby Blue",
      "duration": 179.9,
      "formats": [
        {
          "format": "VBR MP3",
          "filename": "gd66-07-29d1t09.mp3",
          "bitrate": "183"
        },
        {
          "format": "Shorten",
          "filename": "gd66-07-29d1t09.shn"
        }
      ]
    },
    {
      "track": "10",
      "title": "Cream Puff War",
      "duration": 299.16,
      "formats": [
        {
          "format": "VBR MP3",
          "filename": "gd66-07-29d1t10.mp3",
          "bitrate": "181"
        },
        {
          "format": "Shorten",
          "filename": "gd66-07-29d1t10.shn"
        }
      ]
    },
    {
      "track": "11",
      "title": "Like a Dog (lyrics by Robert Hunter, music by David Gans) 11/11/00, Fillmore,",
      "duration": 272.44,
      "formats": [
        {
          "format": "VBR MP3",
          "filename": "gd66-07-29d1t11-filler.mp3",
          "bitrate": "162"
        },
        {
          "format": "Shorten",
          "filename": "gd66-07-29d1t11-filler.shn"
        }
      ]
    },
    {
      "track": "12",
      "title": "Bird Song 11/7/00 Solana Beach, CA",
      "duration": 427.65,
      "formats": [
        {
          "format": "VBR MP3",
          "filename": "gd66-07-29d1t12-filler.mp3",
          "bitrate": "177"
        },
        {
          "format": "Shorten",
          "filename": "gd66-07-29d1t12-filler.shn"
        }
      ]
    }
  ]
}