{
  "rating": 2.0625,
  "review_count": 8,
  "source_type": "UNKNOWN",
  "confidence": 1.0,
  "date": "1966-05-19",
  "venue": "Avalon Ballroom",
  "location": "San Francisco, CA",
  "raw_rating": 4.125,
  "high_ratings": 6,
  "low_ratings": 1,
  "tracks": [
    {
      "track": "01",
      "title": "Beat It On Down The Line",
      "duration": 154.24,
      "formats": [
        {
          "format": "Flac",
          "filename": "gd66-05-19d1t01.flac"
        },
        {
          "format": "VBR MP3",
          "filename": "gd66-05-19d1t01.mp3",
          "bitrate": "195"
        }
      ]
    },
    {
      "track": "02",
      "title": "Standing On The Corner",
      "duration": 224.86,
      "formats": [
        {
          "format": "Flac",
          "filename": "gd66-05-19d1t02.flac"
        },
        {
          "format": "VBR MP3",
          "filename": "gd66-05-19d1t02.mp3",
          "bitrate": "191"
        }
      ]
    },
    {
      "track": "03",
      "title": "Mindbender",
      "duration": 184.8,
      "formats": [
        {
          "format": "Flac",
          "filename": "gd66-05-19d1t03.flac"
        },
        {
          "format": "VBR MP3",
          "filename": "gd66-05-19d1t03.mp3",
          "bitrate": "194"
        }
      ]
    },
    {
      "track": "04",
      "title": "It Hurts Me Too",
      "duration": 246.9,
      "formats": [
        {
          "format": "Flac",
          "filename": "gd66-05-19d1t04.flac"
        },
        {
          "format": "VBR MP3",
          "filename": "gd66-05-19d1t04.mp3",
          "bitrate": "187"
        }
      ]
    },
    {
      "track": "05",
      "title": "Viola Lee Blues",
      "duration": 475.04,
      "formats": [
        {
          "format": "Flac",
          "filename": "gd66-05-19d1t05.flac"
        },
        {
          "format": "VBR MP3",
          "filename": "gd66-05-19d1t05.mp3",
          "bitrate": "191"
        }
      ]
    },
    {
      "track": "06",
      "title": "I Know You Rider",
      "duration": 171.18,
      "formats": [
        {
          "format": "Flac",
          "filename": "gd66-05-19d1t06.flac"
        },
        {
          "format": "VBR MP3",
          "filename": "gd66-05-19d1t06.mp3",
          "bitrate": "195"
        }
      ]
    },
    {
      "track": "07",
      "title": "It's A Sin",
      "duration": 198.6,
      "formats": [
        {
          "format": "Flac",
          "filename": "gd66-05-19d1t07.flac"
        },
        {
          "format": "VBR MP3",
          "filename": "gd66-05-19d1t07.mp3",
          "bitrate": "186"
        }
      ]
    },
    {
      "track": "08",
      "title": "Sick And Tired",
      "duration": 224.73,
      "formats": [
        {
          "format": "Flac",
          "filename": "gd66-05-19d1t08.flac"
        },
        {
          "format": "VBR MP3",
          "filename": "gd66-05-19d1t08.mp3",
          "bitrate": "193"
        }
      ]
    },
    {
      "track": "09",
      "title": "Cream Puff War",
      "duration": 245.81,
      "formats": [
        {
          "format": "Flac",
          "filename": "gd66-05-19d1t09.flac"
        },
        {
          "format": "VBR MP3",
          "filename": "gd66-05-19d1t09.mp3",
          "bitrate": "194"
        }
      ]
    },
    {
      "track": "10",
      "title": "Sittin' On Top Of The World",
      "duration": 166.77,
      "formats": [
        {
          "format": "Flac",
          "filename": "gd66-05-19d1t10.flac"
        },
        {
          "format": "VBR MP3",
          "filename": "gd66-05-19d1t10.mp3",
          "bitrate": "187"
        }
      ]
    },
    {
      "track": "11",
      "title": "Minglewood Blues",
      "duration": 270.22,
      "formats": [
        {
          "format": "Flac",
          "filename": "gd66-05-19d1t11.flac"
        },
        {
          "format": "VBR MP3",
          "filename": "gd66-05-19d1t11.mp3",
          "bitrate": "196"
        }
      ]
    },
    {
      "track": "12",
      "title": "Cold Rain And Snow",
      "duration": 202.4,
      "formats": [
        {
          "format": "Flac",
          "filename": "gd66-05-19d1t12.flac"
        },
        {
          "format": "VBR MP3",
          "filename": "gd66-05-19d1t12.mp3",
          "bitrate": "195"
        }
      ]
    },
    {
      "track": "13",
      "title": "Come Back Baby",
      "duration": 379.89,
      "formats": [
        {
          "format": "Flac",
          "filename": "gd66-05-19d1t13.flac"
        },
        {
          "format": "VBR MP3",
          "filename": "gd66-05-19d1t13.mp3",
          "bitrate": "192"
        }
      ]
    },
    {
      "track": "14",
      "title": "Silver Threads And Golden Needles",
      "duration": 160.52,
      "formats": [
        {
          "format": "Flac",
          "filename": "gd66-05-19d1t14.flac"
        },
        {
          "format": "VBR MP3",
          "filename": "gd66-05-19d1t14.mp3",
          "bitrate": "198"
        }
      ]
    },
    {
      "track": "15",
      "title": "It's All Over Now, Baby Blue",
      "duration": 303.94,
      "formats": [
        {
          "format": "Flac",
          "filename": "gd66-05-19d1t15.flac"
        },
        {
          "format": "VBR MP3",
          "filename": "gd66-05-19d1t15.mp3",
          "bitrate": "192"
        }
      ]
    },
    {
      "track": "16",
      "title": "Good Lovin'",
      "duration": 218.66,
      "formats": [
        {
          "format": "Flac",
          "filename": "gd66-05-19d1t16.flac"
        },
        {
          "format": "VBR MP3",
          "filename": "gd66-05-19d1t16.mp3",
          "bitrate": "196"
        }
      ]
    },
    {
      "track": "17",
      "title": "You Don't Have To Ask",
      "duration": 178.37,
      "formats": [
        {
          "format": "Flac",
          "filename": "gd66-05-19d1t17.flac"
        },
        {
          "format": "VBR MP3",
          "filename": "gd66-05-19d1t17.mp3",
          "bitrate": "200"
        }
      ]
    }
  ]
}