{
  "rating": 4.32,
  "review_count": 5,
  "source_type": "MATRIX",
  "confidence": 1.0,
  "date": "1966-11-29",
  "venue": "The Matrix",
  "location": "San Francisco, CA",
  "raw_rating": 4.8,
  "high_ratings": 5,
  "low_ratings": 0,
  "tracks": [
    {
      "track": "01",
      "title": "Me And My Uncle",
      "duration": 260.14,
      "formats": [
        {
          "format": "Flac",
          "filename": "gd66-11-29.d1t01.flac"
        },
        {
          "format": "VBR MP3",
          "filename": "gd66-11-29.d1t01.mp3",
          "bitrate": "238"
        }
      ]
    },
    {
      "track": "02",
      "title": "The Same Thing",
      "duration": 793.0,
      "formats": [
        {
          "format": "Flac",
          "filename": "gd66-11-29.d1t02.flac"
        },
        {
          "format": "VBR MP3",
          "filename": "gd66-11-29.d1t02.mp3",
          "bitrate": "226"
        }
      ]
    },
    {
      "track": "03",
      "title": "Stealin'",
      "duration": 239.16,
      "formats": [
        {
          "format": "Flac",
          "filename": "gd66-11-29.d1t03.flac"
        },
        {
          "format": "VBR MP3",
          "filename": "gd66-11-29.d1t03.mp3",
          "bitrate": "228"
        }
      ]
    },
    {
      "track": "04",
      "title": "Big Big Pete",
      "duration": 236.09,
      "formats": [
        {
          "format": "Flac",
          "filename": "gd66-11-29.d1t04.flac"
        },
        {
          "format": "VBR MP3",
          "filename": "gd66-11-29.d1t04.mp3",
          "bitrate": "227"
        }
      ]
    },
    {
      "track": "05",
      "title": "See That My Grave Is Kept Clean",
      "duration": 425.01,
      "formats": [
        {
          "format": "Flac",
          "filename": "gd66-11-29.d1t05.flac"
        },
        {
          "format": "VBR MP3",
          "filename": "gd66-11-29.d1t05.mp3",
          "bitrate": "221"
        }
      ]
    },
    {
      "track": "06",
      "title": "Early Morning Rain",
      "duration": 211.76,
      "formats": [
        {
          "format": "Flac",
          "filename": "gd66-11-29.d1t06.flac"
        },
        {
          "format": "VBR MP3",
          "filename": "gd66-11-29.d1t06.mp3",
          "bitrate": "223"
        }
      ]
    },
    {
      "track": "07",
      "title": "Cold Rain And Snow",
      "duration": 282.53,
      "formats": [
        {
          "format": "Flac",
          "filename": "gd66-11-29.d1t07.flac"
        },
        {
          "format": "VBR MP3",
          "filename": "gd66-11-29.d1t07.mp3",
          "bitrate": "226"
        }
      ]
    },
    {
      "track": "08",
      "title": "Viola Lee Blues",
      "duration": 681.26,
      "formats": [
        {
          "format": "Flac",
          "filename": "gd66-11-29.d1t08.flac"
        },
        {
          "format": "VBR MP3",
          "filename": "gd66-11-29.d1t08.mp3",
          "bitrate": "240"
        }
      ]
    },
    {
      "track": "09",
      "title": "Been Down So Long",
      "duration": 230.24,
      "formats": [
        {
          "format": "Flac",
          "filename": "gd66-11-29.d1t09.flac"
        },
        {
          "format": "VBR MP3",
          "filename": "gd66-11-29.d1t09.mp3",
          "bitrate": "228"
        }
      ]
    },
    {
      "track": "10",
      "title": "Something On Your Mind",
      "duration": 309.37,
      "formats": [
        {
          "format": "Flac",
          "filename": "gd66-11-29.d1t10.flac"
        },
        {
          "format": "VBR MP3",
          "filename": "gd66-11-29.d1t10.mp3",
          "bitrate": "224"
        }
      ]
    },
    {
      "track": "11",
      "title": "Lindy",
      "duration": 181.48,
      "formats": [
        {
          "format": "Flac",
          "filename": "gd66-11-29.d1t11.flac"
        },
        {
          "format": "VBR MP3",
          "filename": "gd66-11-29.d1t11.mp3",
          "bitrate": "241"
        }
      ]
    },
    {
      "track": "12",
      "title": "Good Morning Little School Girl",
      "duration": 688.78,
      "formats": [
        {
          "format": "Flac",
          "filename": "gd66-11-29.d1t12.flac"
        },
        {
          "format": "VBR MP3",
          "filename": "gd66-11-29.d1t12.mp3",
          "bitrate": "234"
        }
      ]
    },
    {
      "track": "13",
      "title": "I Just Want To Make Love To You",
      "duration": 216.4,
      "formats": [
        {
          "format": "Flac",
          "filename": "gd66-11-29.d1t13.flac"
        },
        {
          "format": "VBR MP3",
          "filename": "gd66-11-29.d1t13.mp3",
          "bitrate": "269"
        }
      ]
    },
    {
      "track": "14",
      "title": "The Merry-Go-Round Broke Down",
      "duration": 43.8,
      "formats": [
        {
          "format": "Flac",
          "filename": "gd66-11-29.d1t14.flac"
        },
        {
          "format": "VBR MP3",
          "filename": "gd66-11-29.d1t14.mp3",
          "bitrate": "227"
        }
      ]
    }
  ]
}