{
  "rating": 1.575,
  "review_count": 2,
  "source_type": "UNKNOWN",
  "confidence": 0.4,
  "date": "1969-04-06",
  "venue": "Avalon Ballroom",
  "location": "San Francisco, CA",
  "raw_rating": 4.5,
  "high_ratings": 2,
  "low_ratings": 0,
  "tracks": [
    {
      "track": "01",
      "title": "Good Morning Little Schoolgirl",
      "duration": 267.52,
      "formats": [
        {
          "format": "VBR MP3",
          "filename": "gd69-04-06d1t01.mp3",
          "bitrate": "166"
        },
        {
          "format": "Shorten",
          "filename": "gd69-04-06d1t01.shn"
        }
      ]
    },
    {
      "track": "02",
      "title": "Beat It On Down The Line",
      "duration": 122.77,
      "formats": [
        {
          "format": "VBR MP3",
          "filename": "gd69-04-06d1t02.mp3",
          "bitrate": "165"
        },
        {
          "format": "Shorten",
          "filename": "gd69-04-06d1t02.shn"
        }
      ]
    },
    {
      "track": "03",
      "title": "It's All Over Now, Baby Blue",
      "duration": 266.41,
      "formats": [
        {
          "format": "VBR MP3",
          "filename": "gd69-04-06d1t03.mp3",
          "bitrate": "164"
        },
        {
          "format": "Shorten",
          "filename": "gd69-04-06d1t03.shn"
        }
      ]
    },
    {
      "track": "04",
      "title": "King Bee",
      "duration": 249.24,
      "formats": [
        {
          "format": "VBR MP3",
          "filename": "gd69-04-06d1t04.mp3",
          "bitrate": "168"
        },
        {
          "format": "Shorten",
          "filename": "gd69-04-06d1t04.shn"
        }
      ]
    },
    {
      "track": "05",
      "title": "Cryptical Envelopment >",
      "duration": 80.32,
      "formats": [
        {
          "format": "VBR MP3",
          "filename": "gd69-04-06d2t01.mp3",
          "bitrate": "177"
        },
        {
          "format": "Shorten",
          "filename": "gd69-04-06d2t01.shn"
        }
      ]
    },
    {
      "track": "06",
      "title": "Drums >",
      "duration": 10.14,
      "formats": [
        {
          "format": "VBR MP3",
          "filename": "gd69-04-06d2t02.mp3",
          "bitrate": "179"
        },
        {
          "format": "Shorten",
          "filename": "gd69-04-06d2t02.shn"
        }
      ]
    },
    {
      "track": "07",
      "title": "The Other One >",
      "duration": 476.03,
      "formats": [
        {
          "format": "VBR MP3",
          "filename": "gd69-04-06d2t03.mp3",
          "bitrate": "173"
        },
        {
          "format": "Shorten",
          "filename": "gd69-04-06d2t03.shn"
        }
      ]
    },
    {
      "track": "08",
      "title": "Cryptical Envelopment >",
      "duration": 436.94,
      "formats": [
        {
          "format": "VBR MP3",
          "filename": "gd69-04-06d2t04.mp3",
          "bitrate": "171"
        },
        {
          "format": "Shorten",
          "filename": "gd69-04-06d2t04.shn"
        }
      ]
    },
    {
      "track": "09",
      "title": "Death Don't Have No Mercy",
      "duration": 459.88,
      "formats": [
        {
          "format": "VBR MP3",
          "filename": "gd69-04-06d2t05.mp3",
          "bitrate": "170"
        },
        {
          "format": "Shorten",
          "filename": "gd69-04-06d2t05.shn"
        }
      ]
    },
    {
      "track": "10",
      "title": "Lovelight",
      "duration": 1088.21,
      "formats": [
        {
          "format": "VBR MP3",
          "filename": "gd69-04-06d2t06.mp3",
          "bitrate": "171"
        },
        {
          "format": "Shorten",
          "filename": "gd69-04-06d2t06.shn"
        }
      ]
    },
    {
      "track": "11",
      "title": "Viola Lee Blues",
      "duration": 572.81,
      "formats": [
        {
          "format": "VBR MP3",
          "filename": "gd69-04-06d2t07.mp3",
          "bitrate": "171"
        },
        {
          "format": "Shorten",
          "filename": "gd69-04-06d2t07.shn"
        }
      ]
    }
  ]
}