{
  "rating": 1.6363636363636365,
  "review_count": 11,
  "source_type": "UNKNOWN",
  "confidence": 1.0,
  "date": "1966-01-29",
  "venue": "Sound City Recording Studios",
  "location": "San Francisco, CA",
  "raw_rating": 3.272727272727273,
  "high_ratings": 5,
  "low_ratings": 4,
  "tracks": [
    {
      "track": "01",
      "title": "Ken Kesey interviewed by Frank Fey",
      "duration": 438.5,
      "formats": [
        {
          "format": "Flac",
          "filename": "gd1966-01-29d1t01.flac"
        },
        {
          "format": "VBR MP3",
          "filename": "gd1966-01-29d1t01.mp3",
          "bitrate": "173"
        }
      ]
    },
    {
      "track": "02",
      "title": "Ken Babbs and harmonica",
      "duration": 192.08,
      "formats": [
        {
          "format": "Flac",
          "filename": "gd1966-01-29d1t02.flac"
        },
        {
          "format": "VBR MP3",
          "filename": "gd1966-01-29d1t02.mp3",
          "bitrate": "179"
        }
      ]
    },
    {
      "track": "03",
      "title": "Take Two: Ken Kesey",
      "duration": 47.62,
      "formats": [
        {
          "format": "Flac",
          "filename": "gd1966-01-29d1t03.flac"
        },
        {
          "format": "VBR MP3",
          "filename": "gd1966-01-29d1t03.mp3",
          "bitrate": "170"
        }
      ]
    },
    {
      "track": "04",
      "title": "Bull",
      "duration": 51.14,
      "formats": [
        {
          "format": "Flac",
          "filename": "gd1966-01-29d1t04.flac"
        },
        {
          "format": "VBR MP3",
          "filename": "gd1966-01-29d1t04.mp3",
          "bitrate": "182"
        }
      ]
    },
    {
      "track": "05",
      "title": "Peggy The Pistol",
      "duration": 261.14,
      "formats": [
        {
          "format": "Flac",
          "filename": "gd1966-01-29d1t05.flac"
        },
        {
          "format": "VBR MP3",
          "filename": "gd1966-01-29d1t05.mp3",
          "bitrate": "178"
        }
      ]
    },
    {
      "track": "06",
      "title": "One-way Ticket",
      "duration": 519.64,
      "formats": [
        {
          "format": "Flac",
          "filename": "gd1966-01-29d1t06.flac"
        },
        {
          "format": "VBR MP3",
          "filename": "gd1966-01-29d1t06.mp3",
          "bitrate": "178"
        }
      ]
    },
    {
      "track": "07",
      "title": "Bells And Fairies",
      "duration": 91.44,
      "formats": [
        {
          "format": "Flac",
          "filename": "gd1966-01-29d1t07.flac"
        },
        {
          "format": "VBR MP3",
          "filename": "gd1966-01-29d1t07.mp3",
          "bitrate": "181"
        }
      ]
    },
    {
      "track": "08",
      "title": "Levitation",
      "duration": 267.69,
      "formats": [
        {
          "format": "Flac",
          "filename": "gd1966-01-29d1t08.flac"
        },
        {
          "format": "VBR MP3",
          "filename": "gd1966-01-29d1t08.mp3",
          "bitrate": "174"
        }
      ]
    },
    {
      "track": "09",
      "title": "Trip X",
      "duration": 121.77,
      "formats": [
        {
          "format": "Flac",
          "filename": "gd1966-01-29d1t09.flac"
        },
        {
          "format": "VBR MP3",
          "filename": "gd1966-01-29d1t09.mp3",
          "bitrate": "180"
        }
      ]
    },
    {
      "track": "10",
      "title": "The End",
      "duration": 39.15,
      "formats": [
        {
          "format": "Flac",
          "filename": "gd1966-01-29d1t10.flac"
        },
        {
          "format": "VBR MP3",
          "filename": "gd1966-01-29d1t10.mp3",
          "bitrate": "171"
        }
      ]
    }
  ]
}