{
  "rating": 2.0,
  "review_count": 3,
  "source_type": "UNKNOWN",
  "confidence": 0.6,
  "date": "1968-01-17",
  "venue": "Carousel Ballroom",
  "location": "San Francisco, CA",
  "raw_rating": 5.0,
  "high_ratings": 3,
  "low_ratings": 0,
  "tracks": [
    {
      "track": "01",
      "title": "Turn On Your Lovelight;",
      "duration": 436.41,
      "formats": [
        {
          "format": "VBR MP3",
          "filename": "gd68-01-17d1t01.mp3",
          "bitrate": "178"
        },
        {
          "format": "Shorten",
          "filename": "gd68-01-17d1t01.shn"
        },
        {
          "format": "VBR MP3",
          "filename": "gd68-01-17d1t01_vbr.mp3",
          "bitrate": "187"
        }
      ]
    },
    {
      "track": "02",
      "title": "technical difficulties",
      "duration": 101.51,
      "formats": [
        {
          "format": "VBR MP3",
          "filename": "gd68-01-17d1t02.mp3",
          "bitrate": "177"
        },
        {
          "format": "Shorten",
          "filename": "gd68-01-17d1t02.shn"
        },
        {
          "format": "VBR MP3",
          "filename": "gd68-01-17d1t02_vbr.mp3",
          "bitrate": "189"
        }
      ]
    },
    {
      "track": "03",
      "title": "Dark Star >",
      "duration": 160.46,
      "formats": [
        {
          "format": "VBR MP3",
          "filename": "gd68-01-17d1t03.mp3",
          "bitrate": "174"
        },
        {
          "format": "Shorten",
          "filename": "gd68-01-17d1t03.shn"
        },
        {
          "format": "VBR MP3",
          "filename": "gd68-01-17d1t03_vbr.mp3",
          "bitrate": "185"
        }
      ]
    },
    {
      "track": "04",
      "title": "China Cat Sunflower >",
      "duration": 145.31,
      "formats": [
        {
          "format": "VBR MP3",
          "filename": "gd68-01-17d1t04.mp3",
          "bitrate": "177"
        },
        {
          "format": "Shorten",
          "filename": "gd68-01-17d1t04.shn"
        },
        {
          "format": "VBR MP3",
          "filename": "gd68-01-17d1t04_vbr.mp3",
          "bitrate": "186"
        }
      ]
    },
    {
      "track": "05",
      "title": "The Eleven >",
      "duration": 307.0,
      "formats": [
        {
          "format": "VBR MP3",
          "filename": "gd68-01-17d1t05.mp3",
          "bitrate": "175"
        },
        {
          "format": "Shorten",
          "filename": "gd68-01-17d1t05.shn"
        },
        {
          "format": "VBR MP3",
          "filename": "gd68-01-17d1t05_vbr.mp3",
          "bitrate": "187"
        }
      ]
    },
    {
      "track": "06",
      "title": "Feedback;",
      "duration": 38.96,
      "formats": [
        {
          "format": "VBR MP3",
          "filename": "gd68-01-17d1t06.mp3",
          "bitrate": "175"
        },
        {
          "format": "Shorten",
          "filename": "gd68-01-17d1t06.shn"
        },
        {
          "format": "VBR MP3",
          "filename": "gd68-01-17d1t06_vbr.mp3",
          "bitrate": "190"
        }
      ]
    },
    {
      "track": "07",
      "title": "New Potato Caboose >",
      "duration": 287.95,
      "formats": [
        {
          "format": "VBR MP3",
          "filename": "gd68-01-17d1t07.mp3",
          "bitrate": "175"
        },
        {
          "format": "Shorten",
          "filename": "gd68-01-17d1t07.shn"
        },
        {
          "format": "VBR MP3",
          "filename": "gd68-01-17d1t07_vbr.mp3",
          "bitrate": "187"
        }
      ]
    },
    {
      "track": "08",
      "title": "Born Cross-Eyed >",
      "duration": 88.98,
      "formats": [
        {
          "format": "VBR MP3",
          "filename": "gd68-01-17d1t08.mp3",
          "bitrate": "175"
        },
        {
          "format": "Shorten",
          "filename": "gd68-01-17d1t08.shn"
        },
        {
          "format": "VBR MP3",
          "filename": "gd68-01-17d1t08_vbr.mp3",
          "bitrate": "186"
        }
      ]
    },
    {
      "track": "09",
      "title": "Feedback >",
      "duration": 20.45,
      "formats": [
        {
          "format": "VBR MP3",
          "filename": "gd68-01-17d1t09.mp3",
          "bitrate": "172"
        },
        {
          "format": "Shorten",
          "filename": "gd68-01-17d1t09.shn"
        },
        {
          "format": "VBR MP3",
          "filename": "gd68-01-17d1t09_vbr.mp3",
          "bitrate": "188"
        }
      ]
    },
    {
      "track": "10",
      "title": "Spanish Jam;",
      "duration": 522.64,
      "formats": [
        {
          "format": "VBR MP3",
          "filename": "gd68-01-17d1t10.mp3",
          "bitrate": "175"
        },
        {
          "format": "Shorten",
          "filename": "gd68-01-17d1t10.shn"
        },
        {
          "format": "VBR MP3",
          "filename": "gd68-01-17d1t10_vbr.mp3",
          "bitrate": "188"
        }
      ]
    },
    {
      "track": "11",
      "title": "Cryptical Envelopment >",
      "duration": 67.43,
      "formats": [
        {
          "format": "VBR MP3",
          "filename": "gd68-01-17d2t01.mp3",
          "bitrate": "177"
        },
        {
          "format": "Shorten",
          "filename": "gd68-01-17d2t01.shn"
        },
        {
          "format": "VBR MP3",
          "filename": "gd68-01-17d2t01_vbr.mp3",
          "bitrate": "190"
        }
      ]
    },
    {
      "track": "12",
      "title": "The Other One >",
      "duration": 119.6,
      "formats": [
        {
          "format": "VBR MP3",
          "filename": "gd68-01-17d2t02.mp3",
          "bitrate": "178"
        },
        {
          "format": "Shorten",
          "filename": "gd68-01-17d2t02.shn"
        },
        {
          "format": "VBR MP3",
          "filename": "gd68-01-17d2t02_vbr.mp3",
          "bitrate": "191"
        }
      ]
    },
    {
      "track": "13",
      "title": "Cryptical Envelopment >",
      "duration": 188.42,
      "formats": [
        {
          "format": "VBR MP3",
          "filename": "gd68-01-17d2t03.mp3",
          "bitrate": "178"
        },
        {
          "format": "Shorten",
          "filename": "gd68-01-17d2t03.shn"
        },
        {
          "format": "VBR MP3",
          "filename": "gd68-01-17d2t03_vbr.mp3",
          "bitrate": "192"
        }
      ]
    },
    {
      "track": "14",
      "title": "Good Morning Little Schoolgirl",
      "duration": 490.19,
      "formats": [
        {
          "format": "VBR MP3",
          "filename": "gd68-01-17d2t04.mp3",
          "bitrate": "178"
        },
        {
          "format": "Shorten",
          "filename": "gd68-01-17d2t04.shn"
        },
        {
          "format": "VBR MP3",
          "filename": "gd68-01-17d2t04_vbr.mp3",
          "bitrate": "189"
        }
      ]
    }
  ]
}