{
  "rating": 3.344444444444444,
  "review_count": 18,
  "source_type": "AUD",
  "confidence": 1.0,
  "date": "1966-11-19",
  "venue": "Fillmore Auditorium",
  "location": "San Francisco, CA",
  "raw_rating": 4.777777777777778,
  "high_ratings": 17,
  "low_ratings": 0,
  "tracks": [
    {
      "track": "01",
      "title": "Introduction",
      "duration": 41.64,
      "formats": [
        {
          "format": "Flac",
          "filename": "gd66-11-19d1t01.flac"
        },
        {
          "format": "VBR MP3",
          "filename": "gd66-11-19d1t01.mp3",
          "bitrate": "194"
        }
      ]
    },
    {
      "track": "02",
      "title": "Cold Rain And Snow",
      "duration": 199.58,
      "formats": [
        {
          "format": "Flac",
          "filename": "gd66-11-19d1t02.flac"
        },
        {
          "format": "VBR MP3",
          "filename": "gd66-11-19d1t02.mp3",
          "bitrate": "194"
        }
      ]
    },
    {
      "track": "03",
      "title": "Hi-Heel Sneakers",
      "duration": 272.4,
      "formats": [
        {
          "format": "Flac",
          "filename": "gd66-11-19d1t03.flac"
        },
        {
          "format": "VBR MP3",
          "filename": "gd66-11-19d1t03.mp3",
          "bitrate": "193"
        }
      ]
    },
    {
      "track": "04",
      "title": "Pain In My Heart",
      "duration": 235.48,
      "formats": [
        {
          "format": "Flac",
          "filename": "gd66-11-19d1t04.flac"
        },
        {
          "format": "VBR MP3",
          "filename": "gd66-11-19d1t04.mp3",
          "bitrate": "192"
        }
      ]
    },
    {
      "track": "05",
      "title": "Beat It On Down The Line",
      "duration": 190.89,
      "formats": [
        {
          "format": "Flac",
          "filename": "gd66-11-19d1t05.flac"
        },
        {
          "format": "VBR MP3",
          "filename": "gd66-11-19d1t05.mp3",
          "bitrate": "197"
        }
      ]
    },
    {
      "track": "06",
      "title": "Cream Puff War",
      "duration": 488.48,
      "formats": [
        {
          "format": "Flac",
          "filename": "gd66-11-19d1t06.flac"
        },
        {
          "format": "VBR MP3",
          "filename": "gd66-11-19d1t06.mp3",
          "bitrate": "193"
        }
      ]
    },
    {
      "track": "07",
      "title": "The Same Thing",
      "duration": 644.37,
      "formats": [
        {
          "format": "Flac",
          "filename": "gd66-11-19d1t07.flac"
        },
        {
          "format": "VBR MP3",
          "filename": "gd66-11-19d1t07.mp3",
          "bitrate": "191"
        }
      ]
    },
    {
      "track": "08",
      "title": "He Was A Friend Of Mine",
      "duration": 301.21,
      "formats": [
        {
          "format": "Flac",
          "filename": "gd66-11-19d1t08.flac"
        },
        {
          "format": "VBR MP3",
          "filename": "gd66-11-19d1t08.mp3",
          "bitrate": "190"
        }
      ]
    },
    {
      "track": "09",
      "title": "Dancin' In The Street",
      "duration": 380.7,
      "formats": [
        {
          "format": "Flac",
          "filename": "gd66-11-19d1t09.flac"
        },
        {
          "format": "VBR MP3",
          "filename": "gd66-11-19d1t09.mp3",
          "bitrate": "192"
        }
      ]
    },
    {
      "track": "10",
      "title": "Smokestack Lightnin' ->",
      "duration": 546.2,
      "formats": [
        {
          "format": "Flac",
          "filename": "gd66-11-19d1t10.flac"
        },
        {
          "format": "VBR MP3",
          "filename": "gd66-11-19d1t10.mp3",
          "bitrate": "193"
        }
      ]
    },
    {
      "track": "11",
      "title": "I'm A King Bee",
      "duration": 349.6,
      "formats": [
        {
          "format": "Flac",
          "filename": "gd66-11-19d1t11.flac"
        },
        {
          "format": "VBR MP3",
          "filename": "gd66-11-19d1t11.mp3",
          "bitrate": "191"
        }
      ]
    },
    {
      "track": "12",
      "title": "In The Midnight Hour",
      "duration": 1162.72,
      "formats": [
        {
          "format": "Flac",
          "filename": "gd66-11-19d1t12.flac"
        },
        {
          "format": "VBR MP3",
          "filename": "gd66-11-19d1t12.mp3",
          "bitrate": "192"
        }
      ]
    }
  ]
}