{
  "rating": 0.0,
  "review_count": 0,
  "source_type": "FM",
  "confidence": 0.0,
  "date": "1968-02-14",
  "venue": "Carousel Ballroom",
  "location": "San Francisco, CA",
  "raw_rating": 0.0,
  "high_ratings": 0,
  "low_ratings": 0,
  "tracks": [
    {
      "track": "01",
      "title": "Morning Dew",
      "duration": 381.55,
      "formats": [
        {
          "format": "Flac",
          "filename": "01 Morning Dew.flac"
        }
      ]
    },
    {
      "track": "02",
      "title": "Good Morning Little Schoolgirl",
      "duration": 747.97,
      "formats": [
        {
          "format": "Flac",
          "filename": "02 Good Morning Little Schoolgirl.flac"
        }
      ]
    },
    {
      "track": "03",
      "title": "Dark Star >",
      "duration": 353.64,
      "formats": [
        {
          "format": "Flac",
          "filename": "03 Dark Star.flac"
        }
      ]
    },
    {
      "track": "04",
      "title": "China Cat Sunflower >",
      "duration": 263.25,
      "formats": [
        {
          "format": "Flac",
          "filename": "04 China Cat Sunflower.flac"
        }
      ]
    },
    {
      "track": "05",
      "title": "The Eleven >",
      "duration": 294.4,
      "formats": [
        {
          "format": "Flac",
          "filename": "05 The Eleven.flac"
        }
      ]
    },
    {
      "track": "06",
      "title": "Turn On Your Love Light",
      "duration": 544.31,
      "formats": [
        {
          "format": "Flac",
          "filename": "06 Turn On Your Lovelight.flac"
        }
      ]
    },
    {
      "track": "07",
      "title": "Stage Announcements",
      "duration": 42.28,
      "formats": [
        {
          "format": "Flac",
          "filename": "07 Stage Announcements.flac"
        }
      ]
    },
    {
      "track": "08",
      "title": "That's It For The Other One >",
      "duration": 521.09,
      "formats": [
        {
          "format": "Flac",
          "filename": "08 That's It For The Other One.flac"
        }
      ]
    },
    {
      "track": "09",
      "title": "New Potato Caboose >",
      "duration": 519.08,
      "formats": [
        {
          "format": "Flac",
          "filename": "09 New Potato Caboose.flac"
        }
      ]
    },
    {
      "track": "10",
      "title": "Born Cross-Eyed >",
      "duration": 153.21,
      "formats": [
        {
          "format": "Flac",
          "filename": "10 Born Cross-Eyed.flac"
        }
      ]
    },
    {
      "track": "11",
      "title": "Spanish Jam",
      "duration": 946.2,
      "formats": [
        {
          "format": "Flac",
          "filename": "11 Spanish Jam.flac"
        }
      ]
    },
    {
      "track": "12",
      "title": "Alligator >",
      "duration": 853.55,
      "formats": [
        {
          "format": "Flac",
          "filename": "12 Alligator.flac"
        }
      ]
    },
    {
      "track": "13",
      "title": "Caution (Do Not Stop On Tracks) >",
      "duration": 590.71,
      "formats": [
        {
          "format": "Flac",
          "filename": "13 Caution (Do Not Stop On Tracks).flac"
        }
      ]
    },
    {
      "track": "14",
      "title": "Feedback",
      "duration": 343.85,
      "formats": [
        {
          "format": "Flac",
          "filename": "14 Feedback.flac"
        }
      ]
    },
    {
      "track": "15",
      "title": "Encore Break",
      "duration": 240.04,
      "formats": [
        {
          "format": "Flac",
          "filename": "15 Encore Break.flac"
        }
      ]
    },
    {
      "track": "16",
      "title": "In The Midnight Hour",
      "duration": 635.79,
      "formats": [
        {
          "format": "Flac",
          "filename": "16 In The Midnight Hour.flac"
        }
      ]
    },
    {
      "track": "17",
      "title": "Stage Announcements",
      "duration": 80.81,
      "formats": [
        {
          "format": "Flac",
          "filename": "17 Stage Announcements.flac"
        }
      ]
    }
  ]
}