{
  "rating": 1.5,
  "review_count": 1,
  "source_type": "UNKNOWN",
  "confidence": 0.2,
  "date": "1968-02-14",
  "venue": "Carousel Ballroom",
  "location": "San Francisco, CA",
  "raw_rating": 5.0,
  "high_ratings": 1,
  "low_ratings": 0,
  "tracks": [
    {
      "track": "01",
      "title": "Morning Dew",
      "duration": 231.95,
      "formats": [
        {
          "format": "Shorten",
          "filename": "GD68-02-14D1T01.SHN"
        },
        {
          "format": "VBR MP3",
          "filename": "GD68-02-14D1T01.mp3",
          "bitrate": "185"
        }
      ]
    },
    {
      "track": "02",
      "title": "Good Morning Little School Girl",
      "duration": 429.9,
      "formats": [
        {
          "format": "Shorten",
          "filename": "GD68-02-14D1T02.SHN"
        },
        {
          "format": "VBR MP3",
          "filename": "GD68-02-14D1T02.mp3",
          "bitrate": "183"
        }
      ]
    },
    {
      "track": "03",
      "title": "Dark Star ->",
      "duration": 185.5,
      "formats": [
        {
          "format": "Shorten",
          "filename": "GD68-02-14D1T03.SHN"
        },
        {
          "format": "VBR MP3",
          "filename": "GD68-02-14D1T03.mp3",
          "bitrate": "182"
        }
      ]
    },
    {
      "track": "04",
      "title": "China Cat Sunflower ->",
      "duration": 133.26,
      "formats": [
        {
          "format": "Shorten",
          "filename": "GD68-02-14D1T04.SHN"
        },
        {
          "format": "VBR MP3",
          "filename": "GD68-02-14D1T04.mp3",
          "bitrate": "189"
        }
      ]
    },
    {
      "track": "05",
      "title": "The Eleven ->",
      "duration": 203.03,
      "formats": [
        {
          "format": "Shorten",
          "filename": "GD68-02-14D1T05.SHN"
        },
        {
          "format": "VBR MP3",
          "filename": "GD68-02-14D1T05.mp3",
          "bitrate": "184"
        }
      ]
    },
    {
      "track": "06",
      "title": "Turn On Your Lovelight",
      "duration": 321.23,
      "formats": [
        {
          "format": "Shorten",
          "filename": "GD68-02-14D1T06.SHN"
        },
        {
          "format": "VBR MP3",
          "filename": "GD68-02-14D1T06.mp3",
          "bitrate": "184"
        }
      ]
    },
    {
      "track": "07",
      "title": "Midnight Hour",
      "duration": 501.27,
      "formats": [
        {
          "format": "Shorten",
          "filename": "GD68-02-14D1T07.SHN"
        },
        {
          "format": "VBR MP3",
          "filename": "GD68-02-14D1T07.mp3",
          "bitrate": "184"
        }
      ]
    },
    {
      "track": "09",
      "title": "The Other One ->",
      "duration": 83.91,
      "formats": [
        {
          "format": "Shorten",
          "filename": "GD68-02-14D2T01.SHN"
        },
        {
          "format": "VBR MP3",
          "filename": "GD68-02-14D2T01.mp3",
          "bitrate": "174"
        }
      ]
    },
    {
      "track": "10",
      "title": "Cryptical Envelopment ->",
      "duration": 116.75,
      "formats": [
        {
          "format": "Shorten",
          "filename": "GD68-02-14D2T02.SHN"
        },
        {
          "format": "VBR MP3",
          "filename": "GD68-02-14D2T02.mp3",
          "bitrate": "185"
        }
      ]
    },
    {
      "track": "11",
      "title": "The Other One (reprise) ->",
      "duration": 134.33,
      "formats": [
        {
          "format": "Shorten",
          "filename": "GD68-02-14D2T03.SHN"
        },
        {
          "format": "VBR MP3",
          "filename": "GD68-02-14D2T03.mp3",
          "bitrate": "186"
        }
      ]
    },
    {
      "track": "12",
      "title": "New Potato Canboose ->",
      "duration": 326.02,
      "formats": [
        {
          "format": "Shorten",
          "filename": "GD68-02-14D2T04.SHN"
        },
        {
          "format": "VBR MP3",
          "filename": "GD68-02-14D2T04.mp3",
          "bitrate": "184"
        }
      ]
    },
    {
      "track": "13",
      "title": "Born Cross-eyed ->",
      "duration": 88.17,
      "formats": [
        {
          "format": "Shorten",
          "filename": "GD68-02-14D2T05.SHN"
        },
        {
          "format": "VBR MP3",
          "filename": "GD68-02-14D2T05.mp3",
          "bitrate": "183"
        }
      ]
    },
    {
      "track": "14",
      "title": "Spanish Inquisition",
      "duration": 378.1,
      "formats": [
        {
          "format": "Shorten",
          "filename": "GD68-02-14D2T06.SHN"
        },
        {
          "format": "VBR MP3",
          "filename": "GD68-02-14D2T06.mp3",
          "bitrate": "180"
        }
      ]
    },
    {
      "track": "15",
      "title": "Tuning break",
      "duration": 106.43,
      "formats": [
        {
          "format": "Shorten",
          "filename": "GD68-02-14D2T07.SHN"
        },
        {
          "format": "VBR MP3",
          "filename": "GD68-02-14D2T07.mp3",
          "bitrate": "190"
        }
      ]
    },
    {
      "track": "17",
      "title": "Alligator -> Drums -> Alligator",
      "duration": 527.95,
      "formats": [
        {
          "format": "Shorten",
          "filename": "GD68-02-14D2T08.SHN"
        },
        {
          "format": "VBR MP3",
          "filename": "GD68-02-14D2T08.mp3",
          "bitrate": "192"
        }
      ]
    },
    {
      "track": "18",
      "title": "Midnight Hour",
      "duration": 449.15,
      "formats": [
        {
          "format": "Shorten",
          "filename": "GD68-02-14SUPPD1T07.SHN"
        },
        {
          "format": "VBR MP3",
          "filename": "GD68-02-14SUPPD1T07.mp3",
          "bitrate": "198"
        }
      ]
    },
    {
      "track": "19",
      "title": "Caution (Do Not Stop On Tracks)",
      "duration": 81.49,
      "formats": [
        {
          "format": "Shorten",
          "filename": "GD68-02-14D2T09.SHN"
        },
        {
          "format": "VBR MP3",
          "filename": "GD68-02-14D2T09.mp3",
          "bitrate": "183"
        },
        {
          "format": "Shorten",
          "filename": "GD68-02-14SUPPD2T07.SHN"
        },
        {
          "format": "VBR MP3",
          "filename": "GD68-02-14SUPPD2T07.mp3",
          "bitrate": "195"
        }
      ]
    },
    {
      "track": "20",
      "title": "Alligator > Drums > Alligator (reprise) >",
      "duration": 475.86,
      "formats": [
        {
          "format": "Shorten",
          "filename": "GD68-02-14SUPPD2T08.SHN"
        },
        {
          "format": "VBR MP3",
          "filename": "GD68-02-14SUPPD2T08.mp3",
          "bitrate": "213"
        }
      ]
    },
    {
      "track": "21",
      "title": "Alligator Underwater Feedback",
      "duration": 388.33,
      "formats": [
        {
          "format": "Shorten",
          "filename": "GD68-02-14D2T10.SHN"
        },
        {
          "format": "VBR MP3",
          "filename": "GD68-02-14D2T10.mp3",
          "bitrate": "182"
        },
        {
          "format": "Shorten",
          "filename": "GD68-02-14SUPPD2T09.SHN"
        },
        {
          "format": "VBR MP3",
          "filename": "GD68-02-14SUPPD2T09.mp3",
          "bitrate": "203"
        }
      ]
    },
    {
      "track": "22",
      "title": "Alligator Underwater Feedback",
      "duration": 144.4,
      "formats": [
        {
          "format": "Shorten",
          "filename": "GD68-02-14SUPPD2T10.SHN"
        },
        {
          "format": "VBR MP3",
          "filename": "GD68-02-14SUPPD2T10.mp3",
          "bitrate": "206"
        }
      ]
    }
  ]
}