{
  "rating": 2.25,
  "review_count": 8,
  "source_type": "UNKNOWN",
  "confidence": 1.0,
  "date": "1968-05-18",
  "venue": "County Fairgrounds",
  "location": "Santa Clara, CA",
  "raw_rating": 4.5,
  "high_ratings": 7,
  "low_ratings": 0,
  "tracks": [
    {
      "track": "01",
      "title": "Jorma Banter",
      "duration": 11.42,
      "formats": [
        {
          "format": "Flac",
          "filename": "gd1968-05-18t01.flac"
        },
        {
          "format": "VBR MP3",
          "filename": "gd1968-05-18t01.mp3",
          "bitrate": "138"
        }
      ]
    },
    {
      "track": "02",
      "title": "Alligator >",
      "duration": 209.93,
      "formats": [
        {
          "format": "Flac",
          "filename": "gd1968-05-18t02.flac"
        },
        {
          "format": "VBR MP3",
          "filename": "gd1968-05-18t02.mp3",
          "bitrate": "137"
        }
      ]
    },
    {
      "track": "03",
      "title": "Drums >",
      "duration": 178.26,
      "formats": [
        {
          "format": "Flac",
          "filename": "gd1968-05-18t03.flac"
        },
        {
          "format": "VBR MP3",
          "filename": "gd1968-05-18t03.mp3",
          "bitrate": "138"
        }
      ]
    },
    {
      "track": "04",
      "title": "Alligator >",
      "duration": 717.96,
      "formats": [
        {
          "format": "Flac",
          "filename": "gd1968-05-18t04.flac"
        },
        {
          "format": "VBR MP3",
          "filename": "gd1968-05-18t04.mp3",
          "bitrate": "136"
        }
      ]
    },
    {
      "track": "05",
      "title": "Caution (Do Not Stop On Tracks) >",
      "duration": 976.22,
      "formats": [
        {
          "format": "Flac",
          "filename": "gd1968-05-18t05.flac"
        },
        {
          "format": "VBR MP3",
          "filename": "gd1968-05-18t05.mp3",
          "bitrate": "134"
        }
      ]
    },
    {
      "track": "06",
      "title": "Feedback",
      "duration": 253.4,
      "formats": [
        {
          "format": "Flac",
          "filename": "gd1968-05-18t06.flac"
        },
        {
          "format": "VBR MP3",
          "filename": "gd1968-05-18t06.mp3",
          "bitrate": "135"
        }
      ]
    },
    {
      "track": "07",
      "title": "Weir, Jorma Banter",
      "duration": 128.12,
      "formats": [
        {
          "format": "Flac",
          "filename": "gd1968-05-18t07.flac"
        },
        {
          "format": "VBR MP3",
          "filename": "gd1968-05-18t07.mp3",
          "bitrate": "134"
        }
      ]
    }
  ]
}