{
  "rating": 0.8999999999999999,
  "review_count": 1,
  "source_type": "UNKNOWN",
  "confidence": 0.2,
  "date": "1969-04-26",
  "venue": "Electric Theater",
  "location": "Chicago, IL",
  "raw_rating": 3.0,
  "high_ratings": 0,
  "low_ratings": 0,
  "tracks": [
    {
      "track": "01",
      "title": "Dupree's Diamond Blues",
      "duration": 124.41,
      "formats": [
        {
          "format": "VBR MP3",
          "filename": "gd690426d1t01.mp3",
          "bitrate": "174"
        },
        {
          "format": "Shorten",
          "filename": "gd690426d1t01.shn"
        }
      ]
    },
    {
      "track": "02",
      "title": "Mountains On The Moon ->",
      "duration": 184.36,
      "formats": [
        {
          "format": "VBR MP3",
          "filename": "gd690426d1t02.mp3",
          "bitrate": "177"
        },
        {
          "format": "Shorten",
          "filename": "gd690426d1t02.shn"
        }
      ]
    },
    {
      "track": "03",
      "title": "China Cat Sunflower ->",
      "duration": 206.28,
      "formats": [
        {
          "format": "VBR MP3",
          "filename": "gd690426d1t03.mp3",
          "bitrate": "192"
        },
        {
          "format": "Shorten",
          "filename": "gd690426d1t03.shn"
        }
      ]
    },
    {
      "track": "04",
      "title": "Doin' That Rag",
      "duration": 240.94,
      "formats": [
        {
          "format": "VBR MP3",
          "filename": "gd690426d1t04.mp3",
          "bitrate": "180"
        },
        {
          "format": "Shorten",
          "filename": "gd690426d1t04.shn"
        }
      ]
    },
    {
      "track": "05",
      "title": "It Hurts Me Too ->",
      "duration": 177.25,
      "formats": [
        {
          "format": "VBR MP3",
          "filename": "gd690426d1t05.mp3",
          "bitrate": "182"
        },
        {
          "format": "Shorten",
          "filename": "gd690426d1t05.shn"
        }
      ]
    },
    {
      "track": "06",
      "title": "Hard To Handle",
      "duration": 151.76,
      "formats": [
        {
          "format": "VBR MP3",
          "filename": "gd690426d1t06.mp3",
          "bitrate": "185"
        },
        {
          "format": "Shorten",
          "filename": "gd690426d1t06.shn"
        }
      ]
    },
    {
      "track": "07",
      "title": "Cryptical Envelopment ->",
      "duration": 60.22,
      "formats": [
        {
          "format": "VBR MP3",
          "filename": "gd690426d1t07.mp3",
          "bitrate": "180"
        },
        {
          "format": "Shorten",
          "filename": "gd690426d1t07.shn"
        }
      ]
    },
    {
      "track": "08",
      "title": "Drums ->",
      "duration": 25.23,
      "formats": [
        {
          "format": "VBR MP3",
          "filename": "gd690426d1t08.mp3",
          "bitrate": "183"
        },
        {
          "format": "Shorten",
          "filename": "gd690426d1t08.shn"
        }
      ]
    },
    {
      "track": "09",
      "title": "The Other One ->",
      "duration": 258.41,
      "formats": [
        {
          "format": "VBR MP3",
          "filename": "gd690426d1t09.mp3",
          "bitrate": "188"
        },
        {
          "format": "Shorten",
          "filename": "gd690426d1t09.shn"
        }
      ]
    },
    {
      "track": "10",
      "title": "The Eleven Jam ->",
      "duration": 136.7,
      "formats": [
        {
          "format": "VBR MP3",
          "filename": "gd690426d1t10.mp3",
          "bitrate": "192"
        },
        {
          "format": "Shorten",
          "filename": "gd690426d1t10.shn"
        }
      ]
    },
    {
      "track": "11",
      "title": "The Other One >",
      "duration": 41.05,
      "formats": [
        {
          "format": "VBR MP3",
          "filename": "gd690426d1t11.mp3",
          "bitrate": "190"
        },
        {
          "format": "Shorten",
          "filename": "gd690426d1t11.shn"
        }
      ]
    },
    {
      "track": "12",
      "title": "It's a Sin",
      "duration": 167.83,
      "formats": [
        {
          "format": "VBR MP3",
          "filename": "gd690426d1t12.mp3",
          "bitrate": "185"
        },
        {
          "format": "Shorten",
          "filename": "gd690426d1t12.shn"
        }
      ]
    },
    {
      "track": "13",
      "title": "Morning Dew",
      "duration": 332.34,
      "formats": [
        {
          "format": "VBR MP3",
          "filename": "gd690426d1t13.mp3",
          "bitrate": "187"
        },
        {
          "format": "Shorten",
          "filename": "gd690426d1t13.shn"
        }
      ]
    },
    {
      "track": "14",
      "title": "Sittin' On Top Of The World",
      "duration": 161.06,
      "formats": [
        {
          "format": "VBR MP3",
          "filename": "gd690426d2t01.mp3",
          "bitrate": "192"
        },
        {
          "format": "Shorten",
          "filename": "gd690426d2t01.shn"
        }
      ]
    },
    {
      "track": "15",
      "title": "Minglewood",
      "duration": 164.54,
      "formats": [
        {
          "format": "VBR MP3",
          "filename": "gd690426d2t02.mp3",
          "bitrate": "193"
        },
        {
          "format": "Shorten",
          "filename": "gd690426d2t02.shn"
        }
      ]
    },
    {
      "track": "16",
      "title": "Silver Threads",
      "duration": 126.42,
      "formats": [
        {
          "format": "VBR MP3",
          "filename": "gd690426d2t03.mp3",
          "bitrate": "185"
        },
        {
          "format": "Shorten",
          "filename": "gd690426d2t03.shn"
        }
      ]
    },
    {
      "track": "17",
      "title": "It's All Over Now Baby Blue",
      "duration": 235.18,
      "formats": [
        {
          "format": "VBR MP3",
          "filename": "gd690426d2t04.mp3",
          "bitrate": "183"
        },
        {
          "format": "Shorten",
          "filename": "gd690426d2t04.shn"
        }
      ]
    },
    {
      "track": "18",
      "title": "St. Stephen >",
      "duration": 196.14,
      "formats": [
        {
          "format": "VBR MP3",
          "filename": "gd690426d2t05.mp3",
          "bitrate": "190"
        },
        {
          "format": "Shorten",
          "filename": "gd690426d2t05.shn"
        }
      ]
    },
    {
      "track": "19",
      "title": "Turn On Your Lovelight",
      "duration": 1123.23,
      "formats": [
        {
          "format": "VBR MP3",
          "filename": "gd690426d2t06.mp3",
          "bitrate": "189"
        },
        {
          "format": "Shorten",
          "filename": "gd690426d2t06.shn"
        }
      ]
    },
    {
      "track": "20",
      "title": "Viola Lee Blues ->",
      "duration": 658.78,
      "formats": [
        {
          "format": "VBR MP3",
          "filename": "gd690426d3t01.mp3",
          "bitrate": "190"
        },
        {
          "format": "Shorten",
          "filename": "gd690426d3t01.shn"
        }
      ]
    },
    {
      "track": "21",
      "title": "What's Become Of The Baby",
      "duration": 465.07,
      "formats": [
        {
          "format": "VBR MP3",
          "filename": "gd690426d3t02.mp3",
          "bitrate": "186"
        },
        {
          "format": "Shorten",
          "filename": "gd690426d3t02.shn"
        }
      ]
    },
    {
      "track": "22",
      "title": "We Bid You Goodnight",
      "duration": 91.68,
      "formats": [
        {
          "format": "VBR MP3",
          "filename": "gd690426d3t03.mp3",
          "bitrate": "174"
        },
        {
          "format": "Shorten",
          "filename": "gd690426d3t03.shn"
        }
      ]
    }
  ]
}