{
  "rating": 0.0,
  "review_count": 0,
  "source_type": "UNKNOWN",
  "confidence": 0.0,
  "date": "1968-08-22",
  "venue": "Fillmore West",
  "location": "San Francisco, CA",
  "raw_rating": 0.0,
  "high_ratings": 0,
  "low_ratings": 0,
  "tracks": [
    {
      "track": "01",
      "title": "Saint Stephen >",
      "duration": 265.19,
      "formats": [
        {
          "format": "Flac",
          "filename": "gd1968-08-22s1t01.flac"
        },
        {
          "format": "VBR MP3",
          "filename": "gd1968-08-22s1t01.mp3",
          "bitrate": "163"
        }
      ]
    },
    {
      "track": "02",
      "title": "The Eleven >",
      "duration": 830.49,
      "formats": [
        {
          "format": "Flac",
          "filename": "gd1968-08-22s1t02.flac"
        },
        {
          "format": "VBR MP3",
          "filename": "gd1968-08-22s1t02.mp3",
          "bitrate": "163"
        }
      ]
    },
    {
      "track": "03",
      "title": "Death Don't Have No Mercy",
      "duration": 496.87,
      "formats": [
        {
          "format": "Flac",
          "filename": "gd1968-08-22s1t03.flac"
        },
        {
          "format": "VBR MP3",
          "filename": "gd1968-08-22s1t03.mp3",
          "bitrate": "167"
        }
      ]
    },
    {
      "track": "04",
      "title": "Bill Graham intro",
      "duration": 17.87,
      "formats": [
        {
          "format": "Flac",
          "filename": "gd1968-08-22s2t01.flac"
        },
        {
          "format": "VBR MP3",
          "filename": "gd1968-08-22s2t01.mp3",
          "bitrate": "180"
        }
      ]
    },
    {
      "track": "05",
      "title": "Dark Star",
      "duration": 730.17,
      "formats": [
        {
          "format": "Flac",
          "filename": "gd1968-08-22s2t02.flac"
        },
        {
          "format": "VBR MP3",
          "filename": "gd1968-08-22s2t02.mp3",
          "bitrate": "170"
        }
      ]
    },
    {
      "track": "06",
      "title": "Cryptical Envelopment >",
      "duration": 122.51,
      "formats": [
        {
          "format": "Flac",
          "filename": "gd1968-08-22s2t03.flac"
        },
        {
          "format": "VBR MP3",
          "filename": "gd1968-08-22s2t03.mp3",
          "bitrate": "162"
        }
      ]
    },
    {
      "track": "07",
      "title": "The Other//One >",
      "duration": 228.44,
      "formats": [
        {
          "format": "Flac",
          "filename": "gd1968-08-22s2t04.flac"
        },
        {
          "format": "VBR MP3",
          "filename": "gd1968-08-22s2t04.mp3",
          "bitrate": "157"
        }
      ]
    },
    {
      "track": "08",
      "title": "Cryptical Envelopment >",
      "duration": 380.88,
      "formats": [
        {
          "format": "Flac",
          "filename": "gd1968-08-22s2t05.flac"
        },
        {
          "format": "VBR MP3",
          "filename": "gd1968-08-22s2t05.mp3",
          "bitrate": "163"
        }
      ]
    },
    {
      "track": "09",
      "title": "New Potato Caboose",
      "duration": 795.19,
      "formats": [
        {
          "format": "Flac",
          "filename": "gd1968-08-22s2t06.flac"
        },
        {
          "format": "VBR MP3",
          "filename": "gd1968-08-22s2t06.mp3",
          "bitrate": "159"
        }
      ]
    }
  ]
}