{
  "rating": 2.4479166666666665,
  "review_count": 48,
  "source_type": "UNKNOWN",
  "confidence": 1.0,
  "date": "1968-10-12",
  "venue": "Avalon Ballroom",
  "location": "San Francisco, CA",
  "raw_rating": 4.895833333333333,
  "high_ratings": 48,
  "low_ratings": 0,
  "tracks": [
    {
      "track": "01",
      "title": "Introduction",
      "duration": 37.66,
      "formats": [
        {
          "format": "Flac",
          "filename": "gd68-10-12d1t01.flac"
        },
        {
          "format": "VBR MP3",
          "filename": "gd68-10-12d1t01.mp3",
          "bitrate": "178"
        }
      ]
    },
    {
      "track": "02",
      "title": "Dark Star ->",
      "duration": 892.08,
      "formats": [
        {
          "format": "Flac",
          "filename": "gd68-10-12d1t02.flac"
        },
        {
          "format": "VBR MP3",
          "filename": "gd68-10-12d1t02.mp3",
          "bitrate": "192"
        }
      ]
    },
    {
      "track": "03",
      "title": "Saint Stephen ->",
      "duration": 227.49,
      "formats": [
        {
          "format": "Flac",
          "filename": "gd68-10-12d1t03.flac"
        },
        {
          "format": "VBR MP3",
          "filename": "gd68-10-12d1t03.mp3",
          "bitrate": "187"
        }
      ]
    },
    {
      "track": "04",
      "title": "The Eleven ->",
      "duration": 661.06,
      "formats": [
        {
          "format": "Flac",
          "filename": "gd68-10-12d1t04.flac"
        },
        {
          "format": "VBR MP3",
          "filename": "gd68-10-12d1t04.mp3",
          "bitrate": "192"
        }
      ]
    },
    {
      "track": "05",
      "title": "Death Don't Have No Mercy",
      "duration": 501.41,
      "formats": [
        {
          "format": "Flac",
          "filename": "gd68-10-12d1t05.flac"
        },
        {
          "format": "VBR MP3",
          "filename": "gd68-10-12d1t05.mp3",
          "bitrate": "190"
        }
      ]
    },
    {
      "track": "06",
      "title": "Cryptical Envelopment ->",
      "duration": 88.89,
      "formats": [
        {
          "format": "Flac",
          "filename": "gd68-10-12d1t06.flac"
        },
        {
          "format": "VBR MP3",
          "filename": "gd68-10-12d1t06.mp3",
          "bitrate": "191"
        }
      ]
    },
    {
      "track": "07",
      "title": "Drums ->",
      "duration": 11.17,
      "formats": [
        {
          "format": "Flac",
          "filename": "gd68-10-12d1t07.flac"
        },
        {
          "format": "VBR MP3",
          "filename": "gd68-10-12d1t07.mp3",
          "bitrate": "199"
        }
      ]
    },
    {
      "track": "08",
      "title": "The Other One ->",
      "duration": 430.61,
      "formats": [
        {
          "format": "Flac",
          "filename": "gd68-10-12d1t08.flac"
        },
        {
          "format": "VBR MP3",
          "filename": "gd68-10-12d1t08.mp3",
          "bitrate": "196"
        }
      ]
    },
    {
      "track": "09",
      "title": "Cryptical Envelopment ->",
      "duration": 509.53,
      "formats": [
        {
          "format": "Flac",
          "filename": "gd68-10-12d1t09.flac"
        },
        {
          "format": "VBR MP3",
          "filename": "gd68-10-12d1t09.mp3",
          "bitrate": "194"
        }
      ]
    },
    {
      "track": "10",
      "title": "New Potato Caboose ->",
      "duration": 399.6,
      "formats": [
        {
          "format": "Flac",
          "filename": "gd68-10-12d1t10.flac"
        },
        {
          "format": "VBR MP3",
          "filename": "gd68-10-12d1t10.mp3",
          "bitrate": "188"
        }
      ]
    },
    {
      "track": "11",
      "title": "Drums ->",
      "duration": 93.74,
      "formats": [
        {
          "format": "Flac",
          "filename": "gd68-10-12d1t11.flac"
        },
        {
          "format": "VBR MP3",
          "filename": "gd68-10-12d1t11.mp3",
          "bitrate": "194"
        }
      ]
    },
    {
      "track": "12",
      "title": "Jam ->",
      "duration": 428.8,
      "formats": [
        {
          "format": "Flac",
          "filename": "gd68-10-12d1t12.flac"
        },
        {
          "format": "VBR MP3",
          "filename": "gd68-10-12d1t12.mp3",
          "bitrate": "190"
        }
      ]
    },
    {
      "track": "13",
      "title": "Feedback",
      "duration": 433.34,
      "formats": [
        {
          "format": "Flac",
          "filename": "gd68-10-12d1t13.flac"
        },
        {
          "format": "VBR MP3",
          "filename": "gd68-10-12d1t13.mp3",
          "bitrate": "190"
        }
      ]
    }
  ]
}