{
  "rating": 1.575,
  "review_count": 2,
  "source_type": "UNKNOWN",
  "confidence": 0.4,
  "date": "1968-10-13",
  "venue": "Avalon Ballroom",
  "location": "San Francisco, CA",
  "raw_rating": 4.5,
  "high_ratings": 2,
  "low_ratings": 0,
  "tracks": [
    {
      "track": "01",
      "title": "Dark Star >",
      "duration": 366.46,
      "formats": [
        {
          "format": "VBR MP3",
          "filename": "gd68-10-13d1t01.mp3",
          "bitrate": "180"
        },
        {
          "format": "Shorten",
          "filename": "gd68-10-13d1t01.shn"
        }
      ]
    },
    {
      "track": "02",
      "title": "Saint Stephen >",
      "duration": 140.82,
      "formats": [
        {
          "format": "VBR MP3",
          "filename": "gd68-10-13d1t02.mp3",
          "bitrate": "182"
        },
        {
          "format": "Shorten",
          "filename": "gd68-10-13d1t02.shn"
        }
      ]
    },
    {
      "track": "03",
      "title": "The Eleven ->",
      "duration": 445.24,
      "formats": [
        {
          "format": "VBR MP3",
          "filename": "gd68-10-13d1t03.mp3",
          "bitrate": "189"
        },
        {
          "format": "Shorten",
          "filename": "gd68-10-13d1t03.shn"
        }
      ]
    },
    {
      "track": "04",
      "title": "Death Don't Have No Mercy",
      "duration": 268.04,
      "formats": [
        {
          "format": "VBR MP3",
          "filename": "gd68-10-13d1t04.mp3",
          "bitrate": "181"
        },
        {
          "format": "Shorten",
          "filename": "gd68-10-13d1t04.shn"
        }
      ]
    },
    {
      "track": "05",
      "title": "Cryptical Envelopment ->",
      "duration": 58.5,
      "formats": [
        {
          "format": "VBR MP3",
          "filename": "gd68-10-13d1t05.mp3",
          "bitrate": "186"
        },
        {
          "format": "Shorten",
          "filename": "gd68-10-13d1t05.shn"
        }
      ]
    },
    {
      "track": "06",
      "title": "The Other One ->",
      "duration": 263.12,
      "formats": [
        {
          "format": "VBR MP3",
          "filename": "gd68-10-13d1t06.mp3",
          "bitrate": "188"
        },
        {
          "format": "Shorten",
          "filename": "gd68-10-13d1t06.shn"
        }
      ]
    },
    {
      "track": "07",
      "title": "Cryptical Envelopment ->",
      "duration": 279.44,
      "formats": [
        {
          "format": "VBR MP3",
          "filename": "gd68-10-13d1t07.mp3",
          "bitrate": "185"
        },
        {
          "format": "Shorten",
          "filename": "gd68-10-13d1t07.shn"
        }
      ]
    },
    {
      "track": "08",
      "title": "New Potato Caboose ->",
      "duration": 99.89,
      "formats": [
        {
          "format": "VBR MP3",
          "filename": "gd68-10-13d1t08.mp3",
          "bitrate": "183"
        },
        {
          "format": "Shorten",
          "filename": "gd68-10-13d1t08.shn"
        }
      ]
    },
    {
      "track": "09",
      "title": "Drums ->",
      "duration": 138.93,
      "formats": [
        {
          "format": "VBR MP3",
          "filename": "gd68-10-13d1t09.mp3",
          "bitrate": "191"
        },
        {
          "format": "Shorten",
          "filename": "gd68-10-13d1t09.shn"
        }
      ]
    },
    {
      "track": "10",
      "title": "Alligator ->",
      "duration": 78.99,
      "formats": [
        {
          "format": "VBR MP3",
          "filename": "gd68-10-13d1t10.mp3",
          "bitrate": "188"
        },
        {
          "format": "Shorten",
          "filename": "gd68-10-13d1t10.shn"
        }
      ]
    },
    {
      "track": "11",
      "title": "Feedback",
      "duration": 170.18,
      "formats": [
        {
          "format": "VBR MP3",
          "filename": "gd68-10-13d1t11.mp3",
          "bitrate": "178"
        },
        {
          "format": "Shorten",
          "filename": "gd68-10-13d1t11.shn"
        }
      ]
    }
  ]
}