{
  "rating": 2.3333333333333335,
  "review_count": 6,
  "source_type": "UNKNOWN",
  "confidence": 1.0,
  "date": "1967-03-18",
  "venue": "Winterland Arena",
  "location": "San Francisco, CA",
  "raw_rating": 4.666666666666667,
  "high_ratings": 6,
  "low_ratings": 0,
  "tracks": [
    {
      "track": "01",
      "title": "Me And My Uncle",
      "duration": 110.71,
      "formats": [
        {
          "format": "VBR MP3",
          "filename": "gd67-03-18d1t01.mp3",
          "bitrate": "181"
        },
        {
          "format": "Shorten",
          "filename": "gd67-03-18d1t01.shn"
        }
      ]
    },
    {
      "track": "02",
      "title": "Next Time You See Me",
      "duration": 138.94,
      "formats": [
        {
          "format": "VBR MP3",
          "filename": "gd67-03-18d1t02.mp3",
          "bitrate": "188"
        },
        {
          "format": "Shorten",
          "filename": "gd67-03-18d1t02.shn"
        }
      ]
    },
    {
      "track": "03",
      "title": "He Was A Friend Of Mine",
      "duration": 169.96,
      "formats": [
        {
          "format": "VBR MP3",
          "filename": "gd67-03-18d1t03.mp3",
          "bitrate": "182"
        },
        {
          "format": "Shorten",
          "filename": "gd67-03-18d1t03.shn"
        }
      ]
    },
    {
      "track": "04",
      "title": "Smokestack Lightnin'",
      "duration": 334.88,
      "formats": [
        {
          "format": "VBR MP3",
          "filename": "gd67-03-18d1t04.mp3",
          "bitrate": "185"
        },
        {
          "format": "Shorten",
          "filename": "gd67-03-18d1t04.shn"
        }
      ]
    },
    {
      "track": "05",
      "title": "Morning Dew",
      "duration": 197.73,
      "formats": [
        {
          "format": "VBR MP3",
          "filename": "gd67-03-18d1t05.mp3",
          "bitrate": "186"
        },
        {
          "format": "Shorten",
          "filename": "gd67-03-18d1t05.shn"
        }
      ]
    },
    {
      "track": "06",
      "title": "It Hurts Me Too",
      "duration": 143.37,
      "formats": [
        {
          "format": "VBR MP3",
          "filename": "gd67-03-18d1t06.mp3",
          "bitrate": "186"
        },
        {
          "format": "Shorten",
          "filename": "gd67-03-18d1t06.shn"
        }
      ]
    },
    {
      "track": "07",
      "title": "Beat It On Down The Line",
      "duration": 122.34,
      "formats": [
        {
          "format": "VBR MP3",
          "filename": "gd67-03-18d1t07.mp3",
          "bitrate": "190"
        },
        {
          "format": "Shorten",
          "filename": "gd67-03-18d1t07.shn"
        }
      ]
    },
    {
      "track": "08",
      "title": "Dancin' In The Streets",
      "duration": 395.07,
      "formats": [
        {
          "format": "VBR MP3",
          "filename": "gd67-03-18d1t08.mp3",
          "bitrate": "185"
        },
        {
          "format": "Shorten",
          "filename": "gd67-03-18d1t08.shn"
        }
      ]
    },
    {
      "track": "09",
      "title": "Golden Road To Unlimited Devotion",
      "duration": 77.1,
      "formats": [
        {
          "format": "VBR MP3",
          "filename": "gd67-03-18d2t01.mp3",
          "bitrate": "181"
        },
        {
          "format": "Shorten",
          "filename": "gd67-03-18d2t01.shn"
        }
      ]
    },
    {
      "track": "10",
      "title": "Cream Puff War",
      "duration": 260.97,
      "formats": [
        {
          "format": "VBR MP3",
          "filename": "gd67-03-18d2t02.mp3",
          "bitrate": "190"
        },
        {
          "format": "Shorten",
          "filename": "gd67-03-18d2t02.shn"
        }
      ]
    },
    {
      "track": "11",
      "title": "Same Thing",
      "duration": 480.65,
      "formats": [
        {
          "format": "VBR MP3",
          "filename": "gd67-03-18d2t03.mp3",
          "bitrate": "191"
        },
        {
          "format": "Shorten",
          "filename": "gd67-03-18d2t03.shn"
        }
      ]
    },
    {
      "track": "12",
      "title": "Cold Rain And Snow",
      "duration": 140.83,
      "formats": [
        {
          "format": "VBR MP3",
          "filename": "gd67-03-18d2t04.mp3",
          "bitrate": "187"
        },
        {
          "format": "Shorten",
          "filename": "gd67-03-18d2t04.shn"
        }
      ]
    },
    {
      "track": "13",
      "title": "Viola Lee Blues",
      "duration": 529.64,
      "formats": [
        {
          "format": "VBR MP3",
          "filename": "gd67-03-18d2t05.mp3",
          "bitrate": "184"
        },
        {
          "format": "Shorten",
          "filename": "gd67-03-18d2t05.shn"
        }
      ]
    },
    {
      "track": "14",
      "title": "Death Don't Have No Mercy //",
      "duration": 228.82,
      "formats": [
        {
          "format": "VBR MP3",
          "filename": "gd67-03-18d2t06.mp3",
          "bitrate": "184"
        },
        {
          "format": "Shorten",
          "filename": "gd67-03-18d2t06.shn"
        }
      ]
    }
  ]
}