{
  "rating": 2.4,
  "review_count": 15,
  "source_type": "UNKNOWN",
  "confidence": 1.0,
  "date": "1966-02-25",
  "venue": "Ivar Theater",
  "location": "Los Angeles, CA",
  "raw_rating": 4.8,
  "high_ratings": 14,
  "low_ratings": 0,
  "tracks": [
    {
      "track": "01",
      "title": "She's On The Road Again",
      "duration": 93.6,
      "formats": [
        {
          "format": "VBR MP3",
          "filename": "gd66-02-25d1t01.mp3",
          "bitrate": "191"
        },
        {
          "format": "Shorten",
          "filename": "gd66-02-25d1t01.shn"
        }
      ]
    },
    {
      "track": "02",
      "title": "Next Time You See Me",
      "duration": 114.5,
      "formats": [
        {
          "format": "VBR MP3",
          "filename": "gd66-02-25d1t02.mp3",
          "bitrate": "191"
        },
        {
          "format": "Shorten",
          "filename": "gd66-02-25d1t02.shn"
        }
      ]
    },
    {
      "track": "03",
      "title": "I Know You Rider",
      "duration": 102.91,
      "formats": [
        {
          "format": "VBR MP3",
          "filename": "gd66-02-25d1t03.mp3",
          "bitrate": "192"
        },
        {
          "format": "Shorten",
          "filename": "gd66-02-25d1t03.shn"
        }
      ]
    },
    {
      "track": "04",
      "title": "Hey Little One",
      "duration": 168.1,
      "formats": [
        {
          "format": "VBR MP3",
          "filename": "gd66-02-25d1t04.mp3",
          "bitrate": "188"
        },
        {
          "format": "Shorten",
          "filename": "gd66-02-25d1t04.shn"
        }
      ]
    },
    {
      "track": "05",
      "title": "Cold Rain & Snow",
      "duration": 107.87,
      "formats": [
        {
          "format": "VBR MP3",
          "filename": "gd66-02-25d1t05.mp3",
          "bitrate": "190"
        },
        {
          "format": "Shorten",
          "filename": "gd66-02-25d1t05.shn"
        }
      ]
    },
    {
      "track": "06",
      "title": "King Bee >",
      "duration": 193.53,
      "formats": [
        {
          "format": "VBR MP3",
          "filename": "gd66-02-25d1t06.mp3",
          "bitrate": "196"
        },
        {
          "format": "Shorten",
          "filename": "gd66-02-25d1t06.shn"
        }
      ]
    },
    {
      "track": "07",
      "title": "Caution",
      "duration": 294.8,
      "formats": [
        {
          "format": "VBR MP3",
          "filename": "gd66-02-25d1t07.mp3",
          "bitrate": "194"
        },
        {
          "format": "Shorten",
          "filename": "gd66-02-25d1t07.shn"
        }
      ]
    },
    {
      "track": "08",
      "title": "Stealin'",
      "duration": 37.97,
      "formats": [
        {
          "format": "VBR MP3",
          "filename": "gd66-02-25d1t08.mp3",
          "bitrate": "182"
        },
        {
          "format": "Shorten",
          "filename": "gd66-02-25d1t08.shn"
        }
      ]
    },
    {
      "track": "09",
      "title": "Stealin'",
      "duration": 105.25,
      "formats": [
        {
          "format": "VBR MP3",
          "filename": "gd66-02-25d1t09.mp3",
          "bitrate": "191"
        },
        {
          "format": "Shorten",
          "filename": "gd66-02-25d1t09.shn"
        }
      ]
    },
    {
      "track": "10",
      "title": "Good Morning, Lil' School Girl >",
      "duration": 322.29,
      "formats": [
        {
          "format": "VBR MP3",
          "filename": "gd66-02-25d1t10.mp3",
          "bitrate": "187"
        },
        {
          "format": "Shorten",
          "filename": "gd66-02-25d1t10.shn"
        }
      ]
    },
    {
      "track": "11",
      "title": "You Don't Love Me >",
      "duration": 244.93,
      "formats": [
        {
          "format": "VBR MP3",
          "filename": "gd66-02-25d1t11.mp3",
          "bitrate": "188"
        },
        {
          "format": "Shorten",
          "filename": "gd66-02-25d1t11.shn"
        }
      ]
    },
    {
      "track": "12",
      "title": "Good Morning, Lil' School Girl",
      "duration": 271.75,
      "formats": [
        {
          "format": "VBR MP3",
          "filename": "gd66-02-25d1t12.mp3",
          "bitrate": "184"
        },
        {
          "format": "Shorten",
          "filename": "gd66-02-25d1t12.shn"
        }
      ]
    }
  ]
}