{
  "rating": 2.4499999999999997,
  "review_count": 2,
  "source_type": "SBD",
  "confidence": 0.4,
  "date": "1968-03-31",
  "venue": "Carousel Ballroom",
  "location": "San Francisco, CA",
  "raw_rating": 3.5,
  "high_ratings": 1,
  "low_ratings": 0,
  "tracks": [
    {
      "track": "01",
      "title": "Turn On Your Lovelight",
      "duration": 401.2,
      "formats": [
        {
          "format": "Flac",
          "filename": "gd68-03-31d1t01.flac"
        },
        {
          "format": "VBR MP3",
          "filename": "gd68-03-31d1t01.mp3",
          "bitrate": "182"
        }
      ]
    },
    {
      "track": "02",
      "title": "Beat It On Down The Line",
      "duration": 253.57,
      "formats": [
        {
          "format": "Flac",
          "filename": "gd68-03-31d1t02.flac"
        },
        {
          "format": "VBR MP3",
          "filename": "gd68-03-31d1t02.mp3",
          "bitrate": "181"
        }
      ]
    },
    {
      "track": "03",
      "title": "Dancing In The Street",
      "duration": 511.18,
      "formats": [
        {
          "format": "Flac",
          "filename": "gd68-03-31d1t03.flac"
        },
        {
          "format": "VBR MP3",
          "filename": "gd68-03-31d1t03.mp3",
          "bitrate": "162"
        }
      ]
    },
    {
      "track": "04",
      "title": "Caution (Do Not Stop On Tracks) ->",
      "duration": 364.26,
      "formats": [
        {
          "format": "Flac",
          "filename": "gd68-03-31d1t04.flac"
        },
        {
          "format": "VBR MP3",
          "filename": "gd68-03-31d1t04.mp3",
          "bitrate": "192"
        }
      ]
    },
    {
      "track": "05",
      "title": "Feedback ->",
      "duration": 281.0,
      "formats": [
        {
          "format": "Flac",
          "filename": "gd68-03-31d1t05.flac"
        },
        {
          "format": "VBR MP3",
          "filename": "gd68-03-31d1t05.mp3",
          "bitrate": "188"
        }
      ]
    },
    {
      "track": "06",
      "title": "And We Bid You Good Night",
      "duration": 86.17,
      "formats": [
        {
          "format": "Flac",
          "filename": "gd68-03-31d1t06.flac"
        },
        {
          "format": "VBR MP3",
          "filename": "gd68-03-31d1t06.mp3",
          "bitrate": "191"
        }
      ]
    }
  ]
}