{
  "rating": 1.575,
  "review_count": 2,
  "source_type": "UNKNOWN",
  "confidence": 0.4,
  "date": "1966-09-16",
  "venue": "Avalon Ballroom",
  "location": "San Francisco, CA",
  "raw_rating": 4.5,
  "high_ratings": 2,
  "low_ratings": 0,
  "tracks": [
    {
      "track": "01",
      "title": "I Know You Rider",
      "duration": 158.16,
      "formats": [
        {
          "format": "VBR MP3",
          "filename": "gdvintagehistoricd1t01.mp3",
          "bitrate": "180"
        },
        {
          "format": "Shorten",
          "filename": "gdvintagehistoricd1t01.shn"
        }
      ]
    },
    {
      "track": "02",
      "title": "It Hurts Me Too",
      "duration": 148.04,
      "formats": [
        {
          "format": "VBR MP3",
          "filename": "gdvintagehistoricd1t02.mp3",
          "bitrate": "177"
        },
        {
          "format": "Shorten",
          "filename": "gdvintagehistoricd1t02.shn"
        }
      ]
    },
    {
      "track": "03",
      "title": "It's All Over Now, Baby Blue",
      "duration": 157.33,
      "formats": [
        {
          "format": "VBR MP3",
          "filename": "gdvintagehistoricd1t03.mp3",
          "bitrate": "174"
        },
        {
          "format": "Shorten",
          "filename": "gdvintagehistoricd1t03.shn"
        }
      ]
    },
    {
      "track": "04",
      "title": "Dancing In The Streets",
      "duration": 246.17,
      "formats": [
        {
          "format": "VBR MP3",
          "filename": "gdvintagehistoricd1t04.mp3",
          "bitrate": "181"
        },
        {
          "format": "Shorten",
          "filename": "gdvintagehistoricd1t04.shn"
        }
      ]
    },
    {
      "track": "05",
      "title": "In The Midnight Hour",
      "duration": 593.31,
      "formats": [
        {
          "format": "VBR MP3",
          "filename": "gdvintagehistoricd1t05.mp3",
          "bitrate": "176"
        },
        {
          "format": "Shorten",
          "filename": "gdvintagehistoricd1t05.shn"
        }
      ]
    },
    {
      "track": "06",
      "title": "Good Morning Little Schoolgirl",
      "duration": 386.63,
      "formats": [
        {
          "format": "VBR MP3",
          "filename": "gdvintagehistoricd1t06.mp3",
          "bitrate": "184"
        },
        {
          "format": "Shorten",
          "filename": "gdvintagehistoricd1t06.shn"
        }
      ]
    },
    {
      "track": "07",
      "title": "Lindy",
      "duration": 105.98,
      "formats": [
        {
          "format": "VBR MP3",
          "filename": "gdvintagehistoricd1t07.mp3",
          "bitrate": "188"
        },
        {
          "format": "Shorten",
          "filename": "gdvintagehistoricd1t07.shn"
        }
      ]
    },
    {
      "track": "08",
      "title": "Stealin'",
      "duration": 91.66,
      "formats": [
        {
          "format": "VBR MP3",
          "filename": "gdvintagehistoricd1t08.mp3",
          "bitrate": "175"
        },
        {
          "format": "Shorten",
          "filename": "gdvintagehistoricd1t08.shn"
        }
      ]
    },
    {
      "track": "09",
      "title": "The Same Thing",
      "duration": 377.96,
      "formats": [
        {
          "format": "VBR MP3",
          "filename": "gdvintagehistoricd1t09.mp3",
          "bitrate": "169"
        },
        {
          "format": "Shorten",
          "filename": "gdvintagehistoricd1t09.shn"
        }
      ]
    }
  ]
}