{
  "rating": 1.866666666666667,
  "review_count": 3,
  "source_type": "UNKNOWN",
  "confidence": 0.6,
  "date": "1969-02-02",
  "venue": "Labor Temple",
  "location": "Minneapolis, MN",
  "raw_rating": 4.666666666666667,
  "high_ratings": 3,
  "low_ratings": 0,
  "tracks": [
    {
      "track": "01",
      "title": "Good Morning Little Schoolgirl",
      "duration": 741.01,
      "formats": [
        {
          "format": "Flac",
          "filename": "gd69-02-02d1t01.flac"
        },
        {
          "format": "VBR MP3",
          "filename": "gd69-02-02d1t01.mp3",
          "bitrate": "173"
        }
      ]
    },
    {
      "track": "02",
      "title": "Dark Star ->",
      "duration": 937.64,
      "formats": [
        {
          "format": "Flac",
          "filename": "gd69-02-02d1t02.flac"
        },
        {
          "format": "VBR MP3",
          "filename": "gd69-02-02d1t02.mp3",
          "bitrate": "178"
        }
      ]
    },
    {
      "track": "03",
      "title": "St. Stephen ->",
      "duration": 322.44,
      "formats": [
        {
          "format": "Flac",
          "filename": "gd69-02-02d1t03.flac"
        },
        {
          "format": "VBR MP3",
          "filename": "gd69-02-02d1t03.mp3",
          "bitrate": "177"
        }
      ]
    },
    {
      "track": "04",
      "title": "The Eleven ->",
      "duration": 588.16,
      "formats": [
        {
          "format": "Flac",
          "filename": "gd69-02-02d1t04.flac"
        },
        {
          "format": "VBR MP3",
          "filename": "gd69-02-02d1t04.mp3",
          "bitrate": "173"
        }
      ]
    },
    {
      "track": "05",
      "title": "Death Don't Have No Mercy",
      "duration": 401.04,
      "formats": [
        {
          "format": "Flac",
          "filename": "gd69-02-02d1t05.flac"
        },
        {
          "format": "VBR MP3",
          "filename": "gd69-02-02d1t05.mp3",
          "bitrate": "183"
        }
      ]
    },
    {
      "track": "06",
      "title": "That's It For The Other One ->",
      "duration": 1028.99,
      "formats": [
        {
          "format": "Flac",
          "filename": "gd69-02-02d2t01.flac"
        },
        {
          "format": "VBR MP3",
          "filename": "gd69-02-02d2t01.mp3",
          "bitrate": "181"
        }
      ]
    },
    {
      "track": "07",
      "title": "Turn On Your Lovelight",
      "duration": 1131.04,
      "formats": [
        {
          "format": "Flac",
          "filename": "gd69-02-02d2t02.flac"
        },
        {
          "format": "VBR MP3",
          "filename": "gd69-02-02d2t02.mp3",
          "bitrate": "178"
        }
      ]
    }
  ]
}