{
  "rating": 2.25,
  "review_count": 4,
  "source_type": "UNKNOWN",
  "confidence": 0.8,
  "date": "1969-02-27",
  "venue": "Fillmore West",
  "location": "San Francisco, CA",
  "raw_rating": 5.0,
  "high_ratings": 4,
  "low_ratings": 0,
  "tracks": [
    {
      "track": "01",
      "title": "Good Morning Little Schoolgirl",
      "duration": 371.57,
      "formats": [
        {
          "format": "VBR MP3",
          "filename": "gd69-02-27d1t01.mp3",
          "bitrate": "174"
        },
        {
          "format": "Shorten",
          "filename": "gd69-02-27d1t01.shn"
        }
      ]
    },
    {
      "track": "02",
      "title": "Doin' That Rag",
      "duration": 297.56,
      "formats": [
        {
          "format": "VBR MP3",
          "filename": "gd69-02-27d1t02.mp3",
          "bitrate": "172"
        },
        {
          "format": "Shorten",
          "filename": "gd69-02-27d1t02.shn"
        }
      ]
    },
    {
      "track": "03",
      "title": "Cryptical Envelopment >",
      "duration": 66.45,
      "formats": [
        {
          "format": "VBR MP3",
          "filename": "gd69-02-27d1t03.mp3",
          "bitrate": "174"
        },
        {
          "format": "Shorten",
          "filename": "gd69-02-27d1t03.shn"
        }
      ]
    },
    {
      "track": "04",
      "title": "Drums >",
      "duration": 5.87,
      "formats": [
        {
          "format": "VBR MP3",
          "filename": "gd69-02-27d1t04.mp3",
          "bitrate": "177"
        },
        {
          "format": "Shorten",
          "filename": "gd69-02-27d1t04.shn"
        }
      ]
    },
    {
      "track": "05",
      "title": "That's It For The Other One >",
      "duration": 335.47,
      "formats": [
        {
          "format": "VBR MP3",
          "filename": "gd69-02-27d1t05.mp3",
          "bitrate": "184"
        },
        {
          "format": "Shorten",
          "filename": "gd69-02-27d1t05.shn"
        }
      ]
    },
    {
      "track": "06",
      "title": "Cryptical Envelopment > Jam",
      "duration": 329.43,
      "formats": [
        {
          "format": "VBR MP3",
          "filename": "gd69-02-27d1t06.mp3",
          "bitrate": "181"
        },
        {
          "format": "Shorten",
          "filename": "gd69-02-27d1t06.shn"
        }
      ]
    },
    {
      "track": "07",
      "title": "Dupree's Diamond Blues >",
      "duration": 138.07,
      "formats": [
        {
          "format": "VBR MP3",
          "filename": "gd69-02-27d2t01.mp3",
          "bitrate": "179"
        },
        {
          "format": "Shorten",
          "filename": "gd69-02-27d2t01.shn"
        }
      ]
    },
    {
      "track": "08",
      "title": "Mountains Of The Moon",
      "duration": 176.24,
      "formats": [
        {
          "format": "VBR MP3",
          "filename": "gd69-02-27d2t02.mp3",
          "bitrate": "174"
        },
        {
          "format": "Shorten",
          "filename": "gd69-02-27d2t02.shn"
        }
      ]
    },
    {
      "track": "09",
      "title": "Dark Star >",
      "duration": 696.13,
      "formats": [
        {
          "format": "VBR MP3",
          "filename": "gd69-02-27d2t03.mp3",
          "bitrate": "187"
        },
        {
          "format": "Shorten",
          "filename": "gd69-02-27d2t03.shn"
        }
      ]
    },
    {
      "track": "10",
      "title": "St Stephen >",
      "duration": 179.62,
      "formats": [
        {
          "format": "VBR MP3",
          "filename": "gd69-02-27d2t04.mp3",
          "bitrate": "180"
        },
        {
          "format": "Shorten",
          "filename": "gd69-02-27d2t04.shn"
        }
      ]
    },
    {
      "track": "11",
      "title": "The Eleven",
      "duration": 588.59,
      "formats": [
        {
          "format": "VBR MP3",
          "filename": "gd69-02-27d2t05.mp3",
          "bitrate": "189"
        },
        {
          "format": "Shorten",
          "filename": "gd69-02-27d2t05.shn"
        }
      ]
    },
    {
      "track": "12",
      "title": "Turn On Your Lovelight",
      "duration": 659.16,
      "formats": [
        {
          "format": "VBR MP3",
          "filename": "gd69-02-27d3t01.mp3",
          "bitrate": "188"
        },
        {
          "format": "Shorten",
          "filename": "gd69-02-27d3t01.shn"
        }
      ]
    },
    {
      "track": "13",
      "title": "Cosmic Charlie",
      "duration": 217.53,
      "formats": [
        {
          "format": "VBR MP3",
          "filename": "gd69-02-27d3t02.mp3",
          "bitrate": "181"
        },
        {
          "format": "Shorten",
          "filename": "gd69-02-27d3t02.shn"
        }
      ]
    }
  ]
}