{
  "rating": 0.0,
  "review_count": 0,
  "source_type": "UNKNOWN",
  "confidence": 0.0,
  "date": "1969-08-30",
  "venue": "Family Dog at the Great Highway",
  "location": "San Francisco, CA",
  "raw_rating": 0.0,
  "high_ratings": 0,
  "low_ratings": 0,
  "tracks": [
    {
      "track": "01",
      "title": "Dark Star ->",
      "duration": 1736.01,
      "formats": [
        {
          "format": "Flac",
          "filename": "gd1969-08-30d1t01.flac"
        },
        {
          "format": "VBR MP3",
          "filename": "gd1969-08-30d1t01.mp3",
          "bitrate": "190"
        }
      ]
    },
    {
      "track": "02",
      "title": "Saint Stephen ->",
      "duration": 386.3,
      "formats": [
        {
          "format": "Flac",
          "filename": "gd1969-08-30d1t02.flac"
        },
        {
          "format": "VBR MP3",
          "filename": "gd1969-08-30d1t02.mp3",
          "bitrate": "181"
        }
      ]
    },
    {
      "track": "03",
      "title": "The Eleven ->",
      "duration": 385.66,
      "formats": [
        {
          "format": "Flac",
          "filename": "gd1969-08-30d1t03.flac"
        },
        {
          "format": "VBR MP3",
          "filename": "gd1969-08-30d1t03.mp3",
          "bitrate": "188"
        }
      ]
    },
    {
      "track": "04",
      "title": "Drums ->",
      "duration": 350.74,
      "formats": [
        {
          "format": "Flac",
          "filename": "gd1969-08-30d1t04.flac"
        },
        {
          "format": "VBR MP3",
          "filename": "gd1969-08-30d1t04.mp3",
          "bitrate": "182"
        }
      ]
    },
    {
      "track": "05",
      "title": "High Time",
      "duration": 389.92,
      "formats": [
        {
          "format": "Flac",
          "filename": "gd1969-08-30d1t05.flac"
        },
        {
          "format": "VBR MP3",
          "filename": "gd1969-08-30d1t05.mp3",
          "bitrate": "177"
        }
      ]
    }
  ]
}