{
  "rating": 2.3055555555555554,
  "review_count": 18,
  "source_type": "UNKNOWN",
  "confidence": 1.0,
  "date": "1969-05-30",
  "venue": "Springer's Inn",
  "location": "Portland, OR",
  "raw_rating": 4.611111111111111,
  "high_ratings": 16,
  "low_ratings": 0,
  "tracks": [
    {
      "track": "01",
      "title": "Morning Dew",
      "duration": 585.8,
      "formats": [
        {
          "format": "Flac",
          "filename": "gd69-05-30d1t01.flac"
        },
        {
          "format": "VBR MP3",
          "filename": "gd69-05-30d1t01.mp3",
          "bitrate": "178"
        }
      ]
    },
    {
      "track": "02",
      "title": "Me And My Uncle",
      "duration": 180.72,
      "formats": [
        {
          "format": "Flac",
          "filename": "gd69-05-30d1t02.flac"
        },
        {
          "format": "VBR MP3",
          "filename": "gd69-05-30d1t02.mp3",
          "bitrate": "176"
        }
      ]
    },
    {
      "track": "03",
      "title": "Doin' That Rag",
      "duration": 494.8,
      "formats": [
        {
          "format": "Flac",
          "filename": "gd69-05-30d1t03.flac"
        },
        {
          "format": "VBR MP3",
          "filename": "gd69-05-30d1t03.mp3",
          "bitrate": "177"
        }
      ]
    },
    {
      "track": "04",
      "title": "I'm A King Bee",
      "duration": 542.13,
      "formats": [
        {
          "format": "Flac",
          "filename": "gd69-05-30d1t04.flac"
        },
        {
          "format": "VBR MP3",
          "filename": "gd69-05-30d1t04.mp3",
          "bitrate": "177"
        }
      ]
    },
    {
      "track": "05",
      "title": "Dark Star ->",
      "duration": 1022.94,
      "formats": [
        {
          "format": "Flac",
          "filename": "gd69-05-30d1t05.flac"
        },
        {
          "format": "VBR MP3",
          "filename": "gd69-05-30d1t05.mp3",
          "bitrate": "180"
        }
      ]
    },
    {
      "track": "06",
      "title": "Cosmic Charlie",
      "duration": 376.97,
      "formats": [
        {
          "format": "Flac",
          "filename": "gd69-05-30d1t06.flac"
        },
        {
          "format": "VBR MP3",
          "filename": "gd69-05-30d1t06.mp3",
          "bitrate": "177"
        }
      ]
    },
    {
      "track": "07",
      "title": "St. Stephen ->",
      "duration": 552.48,
      "formats": [
        {
          "format": "Flac",
          "filename": "gd69-05-30d2t01.flac"
        },
        {
          "format": "VBR MP3",
          "filename": "gd69-05-30d2t01.mp3",
          "bitrate": "181"
        }
      ]
    },
    {
      "track": "08",
      "title": "The Eleven ->",
      "duration": 753.33,
      "formats": [
        {
          "format": "Flac",
          "filename": "gd69-05-30d2t02.flac"
        },
        {
          "format": "VBR MP3",
          "filename": "gd69-05-30d2t02.mp3",
          "bitrate": "181"
        }
      ]
    },
    {
      "track": "09",
      "title": "Turn On Your Lovelight",
      "duration": 1053.88,
      "formats": [
        {
          "format": "Flac",
          "filename": "gd69-05-30d2t03.flac"
        },
        {
          "format": "VBR MP3",
          "filename": "gd69-05-30d2t03.mp3",
          "bitrate": "181"
        }
      ]
    }
  ]
}