{
  "rating": 1.2249999999999999,
  "review_count": 2,
  "source_type": "UNKNOWN",
  "confidence": 0.4,
  "date": "1967-11-14",
  "venue": "American Studios",
  "location": "North Hollywood, CA",
  "raw_rating": 3.5,
  "high_ratings": 1,
  "low_ratings": 1,
  "tracks": [
    {
      "track": "01",
      "title": "Born Cross-Eyed (reel #2 side B; 8 track 15 ips)",
      "duration": 196.67,
      "formats": [
        {
          "format": "24bit Flac",
          "filename": "gd67-11-14.sbds1t01.flac"
        },
        {
          "format": "VBR MP3",
          "filename": "gd67-11-14.sbds1t01.mp3",
          "bitrate": "195"
        }
      ]
    },
    {
      "track": "02",
      "title": "Dark Star (reel #2 side B; 8 track 15 ips)",
      "duration": 171.28,
      "formats": [
        {
          "format": "24bit Flac",
          "filename": "gd67-11-14.sbds1t02.flac"
        },
        {
          "format": "VBR MP3",
          "filename": "gd67-11-14.sbds1t02.mp3",
          "bitrate": "175"
        }
      ]
    }
  ]
}