{
  "rating": 2.142857142857143,
  "review_count": 7,
  "source_type": "UNKNOWN",
  "confidence": 1.0,
  "date": "1968-08-21",
  "venue": "Fillmore West",
  "location": "San Francisco, CA",
  "raw_rating": 4.285714285714286,
  "high_ratings": 6,
  "low_ratings": 1,
  "tracks": [
    {
      "track": "01",
      "title": "Cryptical Envelopment>",
      "duration": 14.19,
      "formats": [
        {
          "format": "VBR MP3",
          "filename": "gd68-08-21d1t01.mp3",
          "bitrate": "219"
        },
        {
          "format": "Shorten",
          "filename": "gd68-08-21d1t01.shn"
        }
      ]
    },
    {
      "track": "02",
      "title": "Drums>",
      "duration": 6.58,
      "formats": [
        {
          "format": "VBR MP3",
          "filename": "gd68-08-21d1t02.mp3",
          "bitrate": "247"
        },
        {
          "format": "Shorten",
          "filename": "gd68-08-21d1t02.shn"
        }
      ]
    },
    {
      "track": "03",
      "title": "The Other One>",
      "duration": 199.08,
      "formats": [
        {
          "format": "VBR MP3",
          "filename": "gd68-08-21d1t03.mp3",
          "bitrate": "186"
        },
        {
          "format": "Shorten",
          "filename": "gd68-08-21d1t03.shn"
        }
      ]
    },
    {
      "track": "04",
      "title": "Cryptical Envelopment",
      "duration": 302.33,
      "formats": [
        {
          "format": "VBR MP3",
          "filename": "gd68-08-21d1t04.mp3",
          "bitrate": "192"
        },
        {
          "format": "Shorten",
          "filename": "gd68-08-21d1t04.shn"
        }
      ]
    },
    {
      "track": "05",
      "title": "Good Morning Little Schoolgirl",
      "duration": 525.36,
      "formats": [
        {
          "format": "VBR MP3",
          "filename": "gd68-08-21d1t05.mp3",
          "bitrate": "199"
        },
        {
          "format": "Shorten",
          "filename": "gd68-08-21d1t05.shn"
        }
      ]
    },
    {
      "track": "06",
      "title": "Alligator>",
      "duration": 125.12,
      "formats": [
        {
          "format": "VBR MP3",
          "filename": "gd68-08-21d1t06.mp3",
          "bitrate": "189"
        },
        {
          "format": "Shorten",
          "filename": "gd68-08-21d1t06.shn"
        }
      ]
    },
    {
      "track": "07",
      "title": "Drums>",
      "duration": 107.75,
      "formats": [
        {
          "format": "VBR MP3",
          "filename": "gd68-08-21d1t07.mp3",
          "bitrate": "198"
        },
        {
          "format": "Shorten",
          "filename": "gd68-08-21d1t07.shn"
        }
      ]
    },
    {
      "track": "08",
      "title": "Alligator>",
      "duration": 36.57,
      "formats": [
        {
          "format": "VBR MP3",
          "filename": "gd68-08-21d1t08.mp3",
          "bitrate": "194"
        },
        {
          "format": "Shorten",
          "filename": "gd68-08-21d1t08.shn"
        }
      ]
    },
    {
      "track": "09",
      "title": "Jam>",
      "duration": 72.51,
      "formats": [
        {
          "format": "VBR MP3",
          "filename": "gd68-08-21d1t09.mp3",
          "bitrate": "193"
        },
        {
          "format": "Shorten",
          "filename": "gd68-08-21d1t09.shn"
        }
      ]
    },
    {
      "track": "10",
      "title": "Alligator>",
      "duration": 339.09,
      "formats": [
        {
          "format": "VBR MP3",
          "filename": "gd68-08-21d1t10.mp3",
          "bitrate": "185"
        },
        {
          "format": "Shorten",
          "filename": "gd68-08-21d1t10.shn"
        }
      ]
    },
    {
      "track": "11",
      "title": "Feedback",
      "duration": 60.43,
      "formats": [
        {
          "format": "VBR MP3",
          "filename": "gd68-08-21d1t11.mp3",
          "bitrate": "186"
        },
        {
          "format": "Shorten",
          "filename": "gd68-08-21d1t11.shn"
        }
      ]
    },
    {
      "track": "12",
      "title": "Dark Star>",
      "duration": 460.13,
      "formats": [
        {
          "format": "VBR MP3",
          "filename": "gd68-08-21d2t01.mp3",
          "bitrate": "191"
        },
        {
          "format": "Shorten",
          "filename": "gd68-08-21d2t01.shn"
        }
      ]
    },
    {
      "track": "13",
      "title": "St Stephen>",
      "duration": 120.24,
      "formats": [
        {
          "format": "VBR MP3",
          "filename": "gd68-08-21d2t02.mp3",
          "bitrate": "185"
        },
        {
          "format": "Shorten",
          "filename": "gd68-08-21d2t02.shn"
        }
      ]
    },
    {
      "track": "14",
      "title": "The Eleven>",
      "duration": 461.36,
      "formats": [
        {
          "format": "VBR MP3",
          "filename": "gd68-08-21d2t03.mp3",
          "bitrate": "187"
        },
        {
          "format": "Shorten",
          "filename": "gd68-08-21d2t03.shn"
        }
      ]
    },
    {
      "track": "15",
      "title": "Death Don't Have No Mercy",
      "duration": 240.45,
      "formats": [
        {
          "format": "VBR MP3",
          "filename": "gd68-08-21d2t04.mp3",
          "bitrate": "185"
        },
        {
          "format": "Shorten",
          "filename": "gd68-08-21d2t04.shn"
        }
      ]
    },
    {
      "track": "16",
      "title": "Turn On Your Lovelight",
      "duration": 516.03,
      "formats": [
        {
          "format": "VBR MP3",
          "filename": "gd68-08-21d2t05.mp3",
          "bitrate": "187"
        },
        {
          "format": "Shorten",
          "filename": "gd68-08-21d2t05.shn"
        }
      ]
    },
    {
      "track": "17",
      "title": "In The Midnight Hour",
      "duration": 402.85,
      "formats": [
        {
          "format": "VBR MP3",
          "filename": "gd68-08-21d2t06.mp3",
          "bitrate": "183"
        },
        {
          "format": "Shorten",
          "filename": "gd68-08-21d2t06.shn"
        }
      ]
    }
  ]
}