{
  "rating": 2.2222222222222223,
  "review_count": 9,
  "source_type": "UNKNOWN",
  "confidence": 1.0,
  "date": "1969-04-26",
  "venue": "Electric Theater",
  "location": "Chicago, IL",
  "raw_rating": 4.444444444444445,
  "high_ratings": 8,
  "low_ratings": 0,
  "tracks": [
    {
      "track": "01",
      "title": "Introduction",
      "duration": 27.36,
      "formats": [
        {
          "format": "Flac",
          "filename": "gd69-04-26d1t01.flac"
        },
        {
          "format": "VBR MP3",
          "filename": "gd69-04-26d1t01.mp3",
          "bitrate": "167"
        }
      ]
    },
    {
      "track": "02",
      "title": "Dupree's Diamond Blues",
      "duration": 246.06,
      "formats": [
        {
          "format": "Flac",
          "filename": "gd69-04-26d1t02.flac"
        },
        {
          "format": "VBR MP3",
          "filename": "gd69-04-26d1t02.mp3",
          "bitrate": "169"
        }
      ]
    },
    {
      "track": "03",
      "title": "Mountains Of The Moon ->",
      "duration": 307.6,
      "formats": [
        {
          "format": "Flac",
          "filename": "gd69-04-26d1t03.flac"
        },
        {
          "format": "VBR MP3",
          "filename": "gd69-04-26d1t03.mp3",
          "bitrate": "164"
        }
      ]
    },
    {
      "track": "04",
      "title": "Dark Star Jam ->",
      "duration": 96.6,
      "formats": [
        {
          "format": "Flac",
          "filename": "gd69-04-26d1t04.flac"
        },
        {
          "format": "VBR MP3",
          "filename": "gd69-04-26d1t04.mp3",
          "bitrate": "170"
        }
      ]
    },
    {
      "track": "05",
      "title": "China Cat Sunflower ->",
      "duration": 356.25,
      "formats": [
        {
          "format": "Flac",
          "filename": "gd69-04-26d1t05.flac"
        },
        {
          "format": "VBR MP3",
          "filename": "gd69-04-26d1t05.mp3",
          "bitrate": "176"
        }
      ]
    },
    {
      "track": "06",
      "title": "Doin' That Rag",
      "duration": 507.93,
      "formats": [
        {
          "format": "Flac",
          "filename": "gd69-04-26d1t06.flac"
        },
        {
          "format": "VBR MP3",
          "filename": "gd69-04-26d1t06.mp3",
          "bitrate": "175"
        }
      ]
    },
    {
      "track": "07",
      "title": "It Hurts Me Too ->",
      "duration": 347.94,
      "formats": [
        {
          "format": "Flac",
          "filename": "gd69-04-26d1t07.flac"
        },
        {
          "format": "VBR MP3",
          "filename": "gd69-04-26d1t07.mp3",
          "bitrate": "179"
        }
      ]
    },
    {
      "track": "08",
      "title": "Hard To Handle",
      "duration": 371.93,
      "formats": [
        {
          "format": "Flac",
          "filename": "gd69-04-26d1t08.flac"
        },
        {
          "format": "VBR MP3",
          "filename": "gd69-04-26d1t08.mp3",
          "bitrate": "179"
        }
      ]
    },
    {
      "track": "09",
      "title": "Cryptical Envelopment ->",
      "duration": 127.73,
      "formats": [
        {
          "format": "Flac",
          "filename": "gd69-04-26d1t09.flac"
        },
        {
          "format": "VBR MP3",
          "filename": "gd69-04-26d1t09.mp3",
          "bitrate": "178"
        }
      ]
    },
    {
      "track": "10",
      "title": "Drums ->",
      "duration": 57.21,
      "formats": [
        {
          "format": "Flac",
          "filename": "gd69-04-26d1t10.flac"
        },
        {
          "format": "VBR MP3",
          "filename": "gd69-04-26d1t10.mp3",
          "bitrate": "184"
        }
      ]
    },
    {
      "track": "11",
      "title": "The Other One ->",
      "duration": 481.16,
      "formats": [
        {
          "format": "Flac",
          "filename": "gd69-04-26d1t11.flac"
        },
        {
          "format": "VBR MP3",
          "filename": "gd69-04-26d1t11.mp3",
          "bitrate": "184"
        }
      ]
    },
    {
      "track": "12",
      "title": "The Eleven ->",
      "duration": 431.25,
      "formats": [
        {
          "format": "Flac",
          "filename": "gd69-04-26d1t12.flac"
        },
        {
          "format": "VBR MP3",
          "filename": "gd69-04-26d1t12.mp3",
          "bitrate": "185"
        }
      ]
    },
    {
      "track": "13",
      "title": "The Other One ->",
      "duration": 69.09,
      "formats": [
        {
          "format": "Flac",
          "filename": "gd69-04-26d1t13.flac"
        },
        {
          "format": "VBR MP3",
          "filename": "gd69-04-26d1t13.mp3",
          "bitrate": "185"
        }
      ]
    },
    {
      "track": "14",
      "title": "It's A Sin",
      "duration": 314.61,
      "formats": [
        {
          "format": "Flac",
          "filename": "gd69-04-26d1t14.flac"
        },
        {
          "format": "VBR MP3",
          "filename": "gd69-04-26d1t14.mp3",
          "bitrate": "177"
        }
      ]
    },
    {
      "track": "15",
      "title": "Morning Dew",
      "duration": 616.41,
      "formats": [
        {
          "format": "Flac",
          "filename": "gd69-04-26d1t15.flac"
        },
        {
          "format": "VBR MP3",
          "filename": "gd69-04-26d1t15.mp3",
          "bitrate": "180"
        }
      ]
    },
    {
      "track": "16",
      "title": "Sittin On Top Of The World",
      "duration": 250.46,
      "formats": [
        {
          "format": "Flac",
          "filename": "gd69-04-26d1t16.flac"
        },
        {
          "format": "VBR MP3",
          "filename": "gd69-04-26d1t16.mp3",
          "bitrate": "184"
        }
      ]
    },
    {
      "track": "17",
      "title": "New Minglewood Blues",
      "duration": 258.22,
      "formats": [
        {
          "format": "Flac",
          "filename": "gd69-04-26d2t01.flac"
        },
        {
          "format": "VBR MP3",
          "filename": "gd69-04-26d2t01.mp3",
          "bitrate": "184"
        }
      ]
    },
    {
      "track": "18",
      "title": "Silver Threads And Golden Needles",
      "duration": 217.97,
      "formats": [
        {
          "format": "Flac",
          "filename": "gd69-04-26d2t02.flac"
        },
        {
          "format": "VBR MP3",
          "filename": "gd69-04-26d2t02.mp3",
          "bitrate": "182"
        }
      ]
    },
    {
      "track": "19",
      "title": "It's All Over Now, Baby Blue",
      "duration": 482.1,
      "formats": [
        {
          "format": "Flac",
          "filename": "gd69-04-26d2t03.flac"
        },
        {
          "format": "VBR MP3",
          "filename": "gd69-04-26d2t03.mp3",
          "bitrate": "179"
        }
      ]
    },
    {
      "track": "20",
      "title": "Saint Stephen ->",
      "duration": 348.16,
      "formats": [
        {
          "format": "Flac",
          "filename": "gd69-04-26d2t04.flac"
        },
        {
          "format": "VBR MP3",
          "filename": "gd69-04-26d2t04.mp3",
          "bitrate": "184"
        }
      ]
    },
    {
      "track": "21",
      "title": "Turn On Your Lovelight",
      "duration": 2011.1,
      "formats": [
        {
          "format": "Flac",
          "filename": "gd69-04-26d2t05.flac"
        },
        {
          "format": "VBR MP3",
          "filename": "gd69-04-26d2t05.mp3",
          "bitrate": "181"
        }
      ]
    },
    {
      "track": "22",
      "title": "Viola Lee Blues ->",
      "duration": 652.89,
      "formats": [
        {
          "format": "Flac",
          "filename": "gd69-04-26d3t01.flac"
        },
        {
          "format": "VBR MP3",
          "filename": "gd69-04-26d3t01.mp3",
          "bitrate": "184"
        }
      ]
    },
    {
      "track": "23",
      "title": "Caution Jam ->",
      "duration": 485.09,
      "formats": [
        {
          "format": "Flac",
          "filename": "gd69-04-26d3t02.flac"
        },
        {
          "format": "VBR MP3",
          "filename": "gd69-04-26d3t02.mp3",
          "bitrate": "186"
        }
      ]
    },
    {
      "track": "24",
      "title": "Viola Lee Blues ->",
      "duration": 94.96,
      "formats": [
        {
          "format": "Flac",
          "filename": "gd69-04-26d3t03.flac"
        },
        {
          "format": "VBR MP3",
          "filename": "gd69-04-26d3t03.mp3",
          "bitrate": "180"
        }
      ]
    },
    {
      "track": "25",
      "title": "Feedback ->",
      "duration": 290.34,
      "formats": [
        {
          "format": "Flac",
          "filename": "gd69-04-26d3t04.flac"
        },
        {
          "format": "VBR MP3",
          "filename": "gd69-04-26d3t04.mp3",
          "bitrate": "184"
        }
      ]
    },
    {
      "track": "26",
      "title": "What's Become Of The Baby ->",
      "duration": 497.96,
      "formats": [
        {
          "format": "Flac",
          "filename": "gd69-04-26d3t05.flac"
        },
        {
          "format": "VBR MP3",
          "filename": "gd69-04-26d3t05.mp3",
          "bitrate": "185"
        }
      ]
    },
    {
      "track": "27",
      "title": "Feedback ->",
      "duration": 129.85,
      "formats": [
        {
          "format": "Flac",
          "filename": "gd69-04-26d3t06.flac"
        },
        {
          "format": "VBR MP3",
          "filename": "gd69-04-26d3t06.mp3",
          "bitrate": "175"
        }
      ]
    },
    {
      "track": "28",
      "title": "And We Bid You Good Night",
      "duration": 252.0,
      "formats": [
        {
          "format": "Flac",
          "filename": "gd69-04-26d3t07.flac"
        },
        {
          "format": "VBR MP3",
          "filename": "gd69-04-26d3t07.mp3",
          "bitrate": "171"
        }
      ]
    }
  ]
}