{
  "rating": 0.0,
  "review_count": 0,
  "source_type": "AUD",
  "confidence": 0.0,
  "date": "1969-06-28",
  "venue": "Veterans Auditorium",
  "location": "Santa Rosa, CA",
  "raw_rating": 0.0,
  "high_ratings": 0,
  "low_ratings": 0,
  "tracks": [
    {
      "track": "01",
      "title": "tuning",
      "duration": 83.67,
      "formats": [
        {
          "format": "Flac",
          "filename": "01 tuning.flac"
        },
        {
          "format": "VBR MP3",
          "filename": "01 tuning.mp3",
          "bitrate": "182"
        }
      ]
    },
    {
      "track": "02",
      "title": "Slewfoot",
      "duration": 246.76,
      "formats": [
        {
          "format": "Flac",
          "filename": "02 Slewfoot.flac"
        },
        {
          "format": "VBR MP3",
          "filename": "02 Slewfoot.mp3",
          "bitrate": "190"
        }
      ]
    },
    {
      "track": "03",
      "title": "Silver Threads and Golden Needles",
      "duration": 282.64,
      "formats": [
        {
          "format": "Flac",
          "filename": "03 Silver Threads and Golden Needles.flac"
        },
        {
          "format": "VBR MP3",
          "filename": "03 Silver Threads and Golden Needles.mp3",
          "bitrate": "188"
        }
      ]
    },
    {
      "track": "04",
      "title": "Mama Tried",
      "duration": 273.8,
      "formats": [
        {
          "format": "Flac",
          "filename": "04 Mama Tried.flac"
        },
        {
          "format": "VBR MP3",
          "filename": "04 Mama Tried.mp3",
          "bitrate": "186"
        }
      ]
    },
    {
      "track": "05",
      "title": "Me and My Uncle",
      "duration": 235.87,
      "formats": [
        {
          "format": "Flac",
          "filename": "05 Me and My Uncle.flac"
        },
        {
          "format": "VBR MP3",
          "filename": "05 Me and My Uncle.mp3",
          "bitrate": "189"
        }
      ]
    },
    {
      "track": "06",
      "title": "Doin' That Rag >",
      "duration": 403.93,
      "formats": [
        {
          "format": "Flac",
          "filename": "06 Doin' That Rag.flac"
        },
        {
          "format": "VBR MP3",
          "filename": "06 Doin' That Rag.mp3",
          "bitrate": "190"
        }
      ]
    },
    {
      "track": "07",
      "title": "High Time",
      "duration": 406.57,
      "formats": [
        {
          "format": "Flac",
          "filename": "07 High Time.flac"
        },
        {
          "format": "VBR MP3",
          "filename": "07 High Time.mp3",
          "bitrate": "179"
        }
      ]
    },
    {
      "track": "08",
      "title": "I'm a King Bee",
      "duration": 483.95,
      "formats": [
        {
          "format": "Flac",
          "filename": "08 I'm a King Bee.flac"
        },
        {
          "format": "VBR MP3",
          "filename": "08 I'm a King Bee.mp3",
          "bitrate": "184"
        }
      ]
    },
    {
      "track": "09",
      "title": "Sitting On Top of the World",
      "duration": 300.52,
      "formats": [
        {
          "format": "Flac",
          "filename": "09 Sitting On Top of the World.flac"
        },
        {
          "format": "VBR MP3",
          "filename": "09 Sitting On Top of the World.mp3",
          "bitrate": "189"
        }
      ]
    },
    {
      "track": "10",
      "title": "Turn On Your Lovelight",
      "duration": 1668.93,
      "formats": [
        {
          "format": "Flac",
          "filename": "10 Turn On Your Lovelight.flac"
        },
        {
          "format": "VBR MP3",
          "filename": "10 Turn On Your Lovelight.mp3",
          "bitrate": "189"
        }
      ]
    }
  ]
}