{
  "rating": 2.6774999999999998,
  "review_count": 4,
  "source_type": "AUD",
  "confidence": 0.8,
  "date": "1967-01-14",
  "venue": "Fillmore Auditorium",
  "location": "San Francisco, CA",
  "raw_rating": 4.25,
  "high_ratings": 3,
  "low_ratings": 0,
  "tracks": [
    {
      "track": "01",
      "title": "Morning Dew",
      "duration": 0.0,
      "formats": [
        {
          "format": "Shorten",
          "filename": "gd67-01-14d1t01.shn"
        }
      ]
    },
    {
      "track": "02",
      "title": "Viola Lee Blues",
      "duration": 0.0,
      "formats": [
        {
          "format": "Shorten",
          "filename": "gd67-01-14d1t02.shn"
        }
      ]
    },
    {
      "track": "03",
      "title": "Good Morning Little Schoolgirl*",
      "duration": 0.0,
      "formats": [
        {
          "format": "Shorten",
          "filename": "gd67-01-14d1t03.shn"
        }
      ]
    }
  ]
}