{
  "rating": 2.35,
  "review_count": 20,
  "source_type": "UNKNOWN",
  "confidence": 1.0,
  "date": "1968-01-17",
  "venue": "Carousel Ballroom",
  "location": "San Francisco, CA",
  "raw_rating": 4.7,
  "high_ratings": 20,
  "low_ratings": 0,
  "tracks": [
    {
      "track": "01",
      "title": "Turn On Your Lovelight",
      "duration": 431.54,
      "formats": [
        {
          "format": "VBR MP3",
          "filename": "gd68-01-17d1t01.mp3",
          "bitrate": "178"
        },
        {
          "format": "Shorten",
          "filename": "gd68-01-17d1t01.shn"
        }
      ]
    },
    {
      "track": "02",
      "title": "stag ebanter",
      "duration": 105.89,
      "formats": [
        {
          "format": "VBR MP3",
          "filename": "gd68-01-17d1t02.mp3",
          "bitrate": "177"
        },
        {
          "format": "Shorten",
          "filename": "gd68-01-17d1t02.shn"
        }
      ]
    },
    {
      "track": "03",
      "title": "Dark Star ->",
      "duration": 160.59,
      "formats": [
        {
          "format": "VBR MP3",
          "filename": "gd68-01-17d1t03.mp3",
          "bitrate": "174"
        },
        {
          "format": "Shorten",
          "filename": "gd68-01-17d1t03.shn"
        }
      ]
    },
    {
      "track": "04",
      "title": "China Cat Sunflower ->",
      "duration": 119.23,
      "formats": [
        {
          "format": "VBR MP3",
          "filename": "gd68-01-17d1t04.mp3",
          "bitrate": "177"
        },
        {
          "format": "Shorten",
          "filename": "gd68-01-17d1t04.shn"
        }
      ]
    },
    {
      "track": "05",
      "title": "The Eleven ->",
      "duration": 340.56,
      "formats": [
        {
          "format": "VBR MP3",
          "filename": "gd68-01-17d1t05.mp3",
          "bitrate": "175"
        },
        {
          "format": "Shorten",
          "filename": "gd68-01-17d1t05.shn"
        }
      ]
    },
    {
      "track": "06",
      "title": "Feedback",
      "duration": 30.74,
      "formats": [
        {
          "format": "VBR MP3",
          "filename": "gd68-01-17d1t06.mp3",
          "bitrate": "174"
        },
        {
          "format": "Shorten",
          "filename": "gd68-01-17d1t06.shn"
        }
      ]
    },
    {
      "track": "07",
      "title": "New Potato Caboose ->",
      "duration": 290.6,
      "formats": [
        {
          "format": "VBR MP3",
          "filename": "gd68-01-17d1t07.mp3",
          "bitrate": "175"
        },
        {
          "format": "Shorten",
          "filename": "gd68-01-17d1t07.shn"
        }
      ]
    },
    {
      "track": "08",
      "title": "Born Cross Eyed ->",
      "duration": 86.65,
      "formats": [
        {
          "format": "VBR MP3",
          "filename": "gd68-01-17d1t08.mp3",
          "bitrate": "176"
        },
        {
          "format": "Shorten",
          "filename": "gd68-01-17d1t08.shn"
        }
      ]
    },
    {
      "track": "09",
      "title": "Spanish Jam",
      "duration": 545.38,
      "formats": [
        {
          "format": "VBR MP3",
          "filename": "gd68-01-17d1t09.mp3",
          "bitrate": "174"
        },
        {
          "format": "Shorten",
          "filename": "gd68-01-17d1t09.shn"
        }
      ]
    },
    {
      "track": "10",
      "title": "Beat It On Down The Line ->",
      "duration": 105.8,
      "formats": [
        {
          "format": "VBR MP3",
          "filename": "gd68-01-17d2t01.mp3",
          "bitrate": "179"
        },
        {
          "format": "Shorten",
          "filename": "gd68-01-17d2t01.shn"
        }
      ]
    },
    {
      "track": "11",
      "title": "Morning Dew",
      "duration": 278.52,
      "formats": [
        {
          "format": "VBR MP3",
          "filename": "gd68-01-17d2t02.mp3",
          "bitrate": "179"
        },
        {
          "format": "Shorten",
          "filename": "gd68-01-17d2t02.shn"
        }
      ]
    },
    {
      "track": "12",
      "title": "Cryptical Envelopment ->",
      "duration": 62.26,
      "formats": [
        {
          "format": "VBR MP3",
          "filename": "gd68-01-17d2t03.mp3",
          "bitrate": "176"
        },
        {
          "format": "Shorten",
          "filename": "gd68-01-17d2t03.shn"
        }
      ]
    },
    {
      "track": "13",
      "title": "The Other One ->",
      "duration": 120.01,
      "formats": [
        {
          "format": "VBR MP3",
          "filename": "gd68-01-17d2t04.mp3",
          "bitrate": "178"
        },
        {
          "format": "Shorten",
          "filename": "gd68-01-17d2t04.shn"
        }
      ]
    },
    {
      "track": "14",
      "title": "Cryptical Envelopment ->",
      "duration": 188.19,
      "formats": [
        {
          "format": "VBR MP3",
          "filename": "gd68-01-17d2t05.mp3",
          "bitrate": "179"
        },
        {
          "format": "Shorten",
          "filename": "gd68-01-17d2t05.shn"
        }
      ]
    },
    {
      "track": "15",
      "title": "Good Morning Little Schoolgirl",
      "duration": 493.17,
      "formats": [
        {
          "format": "VBR MP3",
          "filename": "gd68-01-17d2t06.mp3",
          "bitrate": "178"
        },
        {
          "format": "Shorten",
          "filename": "gd68-01-17d2t06.shn"
        }
      ]
    }
  ]
}