{
  "rating": 2.361111111111111,
  "review_count": 18,
  "source_type": "UNKNOWN",
  "confidence": 1.0,
  "date": "1969-03-28",
  "venue": "Student Center",
  "location": "Modesto, CA",
  "raw_rating": 4.722222222222222,
  "high_ratings": 17,
  "low_ratings": 1,
  "tracks": [
    {
      "track": "01",
      "title": "//Good Morning Little Schoolgirl",
      "duration": 703.89,
      "formats": [
        {
          "format": "Flac",
          "filename": "gd69-03-28d1t01.flac"
        },
        {
          "format": "VBR MP3",
          "filename": "gd69-03-28d1t01.mp3",
          "bitrate": "179"
        }
      ]
    },
    {
      "track": "02",
      "title": "Dark Star ->",
      "duration": 1365.73,
      "formats": [
        {
          "format": "Flac",
          "filename": "gd69-03-28d1t02.flac"
        },
        {
          "format": "VBR MP3",
          "filename": "gd69-03-28d1t02.mp3",
          "bitrate": "178"
        }
      ]
    },
    {
      "track": "03",
      "title": "St. Stephen ->",
      "duration": 435.5,
      "formats": [
        {
          "format": "Flac",
          "filename": "gd69-03-28d1t03.flac"
        },
        {
          "format": "VBR MP3",
          "filename": "gd69-03-28d1t03.mp3",
          "bitrate": "178"
        }
      ]
    },
    {
      "track": "04",
      "title": "The Eleven ->",
      "duration": 844.21,
      "formats": [
        {
          "format": "Flac",
          "filename": "gd69-03-28d1t04.flac"
        },
        {
          "format": "VBR MP3",
          "filename": "gd69-03-28d1t04.mp3",
          "bitrate": "182"
        }
      ]
    },
    {
      "track": "05",
      "title": "Death Don't Have No Mercy",
      "duration": 597.38,
      "formats": [
        {
          "format": "Flac",
          "filename": "gd69-03-28d1t05.flac"
        },
        {
          "format": "VBR MP3",
          "filename": "gd69-03-28d1t05.mp3",
          "bitrate": "179"
        }
      ]
    },
    {
      "track": "06",
      "title": "Turn On Your Lovelight",
      "duration": 1456.24,
      "formats": [
        {
          "format": "Flac",
          "filename": "gd69-03-28d2t01.flac"
        },
        {
          "format": "VBR MP3",
          "filename": "gd69-03-28d2t01.mp3",
          "bitrate": "181"
        }
      ]
    },
    {
      "track": "07",
      "title": "Cryptical Envelopment ->",
      "duration": 124.04,
      "formats": [
        {
          "format": "Flac",
          "filename": "gd69-03-28d2t02.flac"
        },
        {
          "format": "VBR MP3",
          "filename": "gd69-03-28d2t02.mp3",
          "bitrate": "179"
        }
      ]
    },
    {
      "track": "08",
      "title": "Drums ->",
      "duration": 17.44,
      "formats": [
        {
          "format": "Flac",
          "filename": "gd69-03-28d2t03.flac"
        },
        {
          "format": "VBR MP3",
          "filename": "gd69-03-28d2t03.mp3",
          "bitrate": "185"
        }
      ]
    },
    {
      "track": "09",
      "title": "The Other One ->",
      "duration": 518.48,
      "formats": [
        {
          "format": "Flac",
          "filename": "gd69-03-28d2t04.flac"
        },
        {
          "format": "VBR MP3",
          "filename": "gd69-03-28d2t04.mp3",
          "bitrate": "185"
        }
      ]
    },
    {
      "track": "10",
      "title": "Cryptical Envelopment",
      "duration": 659.65,
      "formats": [
        {
          "format": "Flac",
          "filename": "gd69-03-28d2t05.flac"
        },
        {
          "format": "VBR MP3",
          "filename": "gd69-03-28d2t05.mp3",
          "bitrate": "183"
        }
      ]
    }
  ]
}