{
  "rating": 1.2249999999999999,
  "review_count": 2,
  "source_type": "UNKNOWN",
  "confidence": 0.4,
  "date": "1966-05-19",
  "venue": "Avalon Ballroom",
  "location": "San Francisco, CA",
  "raw_rating": 3.5,
  "high_ratings": 1,
  "low_ratings": 1,
  "tracks": [
    {
      "track": "01",
      "title": "Beat It On Down The Line",
      "duration": 146.57,
      "formats": [
        {
          "format": "Flac",
          "filename": "gd1966-05-19t01.flac"
        },
        {
          "format": "VBR MP3",
          "filename": "gd1966-05-19t01.mp3",
          "bitrate": "192"
        }
      ]
    },
    {
      "track": "02",
      "title": "Standing On The Corner",
      "duration": 220.57,
      "formats": [
        {
          "format": "Flac",
          "filename": "gd1966-05-19t02.flac"
        },
        {
          "format": "VBR MP3",
          "filename": "gd1966-05-19t02.mp3",
          "bitrate": "191"
        }
      ]
    },
    {
      "track": "03",
      "title": "Mindbender",
      "duration": 183.68,
      "formats": [
        {
          "format": "Flac",
          "filename": "gd1966-05-19t03.flac"
        },
        {
          "format": "VBR MP3",
          "filename": "gd1966-05-19t03.mp3",
          "bitrate": "194"
        }
      ]
    },
    {
      "track": "04",
      "title": "It Hurts Me Too",
      "duration": 236.34,
      "formats": [
        {
          "format": "Flac",
          "filename": "gd1966-05-19t04.flac"
        },
        {
          "format": "VBR MP3",
          "filename": "gd1966-05-19t04.mp3",
          "bitrate": "192"
        }
      ]
    },
    {
      "track": "05",
      "title": "Viola Lee Blues",
      "duration": 464.92,
      "formats": [
        {
          "format": "Flac",
          "filename": "gd1966-05-19t05.flac"
        },
        {
          "format": "VBR MP3",
          "filename": "gd1966-05-19t05.mp3",
          "bitrate": "192"
        }
      ]
    },
    {
      "track": "06",
      "title": "I Know You Rider",
      "duration": 171.45,
      "formats": [
        {
          "format": "Flac",
          "filename": "gd1966-05-19t06.flac"
        },
        {
          "format": "VBR MP3",
          "filename": "gd1966-05-19t06.mp3",
          "bitrate": "191"
        }
      ]
    },
    {
      "track": "07",
      "title": "It's A Sin",
      "duration": 190.76,
      "formats": [
        {
          "format": "Flac",
          "filename": "gd1966-05-19t07.flac"
        },
        {
          "format": "VBR MP3",
          "filename": "gd1966-05-19t07.mp3",
          "bitrate": "189"
        }
      ]
    },
    {
      "track": "08",
      "title": "Sick And Tired",
      "duration": 217.28,
      "formats": [
        {
          "format": "Flac",
          "filename": "gd1966-05-19t08.flac"
        },
        {
          "format": "VBR MP3",
          "filename": "gd1966-05-19t08.mp3",
          "bitrate": "191"
        }
      ]
    },
    {
      "track": "09",
      "title": "Cream Puff War",
      "duration": 259.53,
      "formats": [
        {
          "format": "Flac",
          "filename": "gd1966-05-19t09.flac"
        },
        {
          "format": "VBR MP3",
          "filename": "gd1966-05-19t09.mp3",
          "bitrate": "194"
        }
      ]
    },
    {
      "track": "10",
      "title": "Sittin' On Top Of The World",
      "duration": 142.01,
      "formats": [
        {
          "format": "Flac",
          "filename": "gd1966-05-19t10.flac"
        },
        {
          "format": "VBR MP3",
          "filename": "gd1966-05-19t10.mp3",
          "bitrate": "189"
        }
      ]
    },
    {
      "track": "11",
      "title": "Minglewood Blues",
      "duration": 270.34,
      "formats": [
        {
          "format": "Flac",
          "filename": "gd1966-05-19t11.flac"
        },
        {
          "format": "VBR MP3",
          "filename": "gd1966-05-19t11.mp3",
          "bitrate": "195"
        }
      ]
    },
    {
      "track": "12",
      "title": "Cold Rain And Snow",
      "duration": 202.17,
      "formats": [
        {
          "format": "Flac",
          "filename": "gd1966-05-19t12.flac"
        },
        {
          "format": "VBR MP3",
          "filename": "gd1966-05-19t12.mp3",
          "bitrate": "193"
        }
      ]
    },
    {
      "track": "13",
      "title": "Come Back Baby",
      "duration": 379.96,
      "formats": [
        {
          "format": "Flac",
          "filename": "gd1966-05-19t13.flac"
        },
        {
          "format": "VBR MP3",
          "filename": "gd1966-05-19t13.mp3",
          "bitrate": "193"
        }
      ]
    },
    {
      "track": "14",
      "title": "Silver Threads And Golden Needles",
      "duration": 155.68,
      "formats": [
        {
          "format": "Flac",
          "filename": "gd1966-05-19t14.flac"
        },
        {
          "format": "VBR MP3",
          "filename": "gd1966-05-19t14.mp3",
          "bitrate": "197"
        }
      ]
    },
    {
      "track": "15",
      "title": "It's All Over Now, Baby Blue",
      "duration": 309.12,
      "formats": [
        {
          "format": "Flac",
          "filename": "gd1966-05-19t15.flac"
        },
        {
          "format": "VBR MP3",
          "filename": "gd1966-05-19t15.mp3",
          "bitrate": "194"
        }
      ]
    },
    {
      "track": "16",
      "title": "Good Lovin'",
      "duration": 218.26,
      "formats": [
        {
          "format": "Flac",
          "filename": "gd1966-05-19t16.flac"
        },
        {
          "format": "VBR MP3",
          "filename": "gd1966-05-19t16.mp3",
          "bitrate": "192"
        }
      ]
    },
    {
      "track": "17",
      "title": "You Don't Have To Ask",
      "duration": 181.53,
      "formats": [
        {
          "format": "Flac",
          "filename": "gd1966-05-19t17.flac"
        },
        {
          "format": "VBR MP3",
          "filename": "gd1966-05-19t17.mp3",
          "bitrate": "192"
        }
      ]
    }
  ]
}