{
  "rating": 2.314814814814815,
  "review_count": 27,
  "source_type": "UNKNOWN",
  "confidence": 1.0,
  "date": "1966-01-01",
  "venue": "Viola Lee Blues Reahearsals",
  "location": "?, CA",
  "raw_rating": 4.62962962962963,
  "high_ratings": 25,
  "low_ratings": 1,
  "tracks": [
    {
      "track": "1",
      "title": "talk & tunings",
      "duration": 81.43,
      "formats": [
        {
          "format": "VBR MP3",
          "filename": "gd66-01t01.mp3",
          "bitrate": "188"
        },
        {
          "format": "Shorten",
          "filename": "gd66-01t01.shn"
        }
      ]
    },
    {
      "track": "2",
      "title": "Viola Lee Blues #1 verse 1 - aborted",
      "duration": 32.19,
      "formats": [
        {
          "format": "VBR MP3",
          "filename": "gd66-01t02.mp3",
          "bitrate": "183"
        },
        {
          "format": "Shorten",
          "filename": "gd66-01t02.shn"
        }
      ]
    },
    {
      "track": "3",
      "title": "Viola Lee Blues #2 verses 1 & 2 - aborted -",
      "duration": 59.82,
      "formats": [
        {
          "format": "VBR MP3",
          "filename": "gd66-01t03.mp3",
          "bitrate": "182"
        },
        {
          "format": "Shorten",
          "filename": "gd66-01t03.shn"
        }
      ]
    },
    {
      "track": "4",
      "title": "talk & tunings",
      "duration": 39.54,
      "formats": [
        {
          "format": "VBR MP3",
          "filename": "gd66-01t04.mp3",
          "bitrate": "178"
        },
        {
          "format": "Shorten",
          "filename": "gd66-01t04.shn"
        }
      ]
    },
    {
      "track": "5",
      "title": "Viola Lee Blues #3 with harmonica - aborted",
      "duration": 9.11,
      "formats": [
        {
          "format": "VBR MP3",
          "filename": "gd66-01t05.mp3",
          "bitrate": "186"
        },
        {
          "format": "Shorten",
          "filename": "gd66-01t05.shn"
        }
      ]
    },
    {
      "track": "6",
      "title": "discussions",
      "duration": 48.52,
      "formats": [
        {
          "format": "VBR MP3",
          "filename": "gd66-01t06.mp3",
          "bitrate": "179"
        },
        {
          "format": "Shorten",
          "filename": "gd66-01t06.shn"
        }
      ]
    },
    {
      "track": "7",
      "title": "Viola Lee Blues #4 with organ verse 1 & harmonica - aborted",
      "duration": 57.44,
      "formats": [
        {
          "format": "VBR MP3",
          "filename": "gd66-01t07.mp3",
          "bitrate": "184"
        },
        {
          "format": "Shorten",
          "filename": "gd66-01t07.shn"
        }
      ]
    },
    {
      "track": "8",
      "title": "tape playback? more talk",
      "duration": 58.2,
      "formats": [
        {
          "format": "VBR MP3",
          "filename": "gd66-01t08.mp3",
          "bitrate": "177"
        },
        {
          "format": "Shorten",
          "filename": "gd66-01t08.shn"
        }
      ]
    },
    {
      "track": "9",
      "title": "Viola Lee Blues #5 verse 1 -",
      "duration": 64.74,
      "formats": [
        {
          "format": "VBR MP3",
          "filename": "gd66-01t09.mp3",
          "bitrate": "178"
        },
        {
          "format": "Shorten",
          "filename": "gd66-01t09.shn"
        }
      ]
    },
    {
      "track": "10",
      "title": "Phil comments",
      "duration": 19.83,
      "formats": [
        {
          "format": "VBR MP3",
          "filename": "gd66-01t10.mp3",
          "bitrate": "183"
        },
        {
          "format": "Shorten",
          "filename": "gd66-01t10.shn"
        }
      ]
    },
    {
      "track": "11",
      "title": "Viola Lee Blues #6 verses 1 & 2 - aborted",
      "duration": 55.23,
      "formats": [
        {
          "format": "VBR MP3",
          "filename": "gd66-01t11.mp3",
          "bitrate": "178"
        },
        {
          "format": "Shorten",
          "filename": "gd66-01t11.shn"
        }
      ]
    },
    {
      "track": "12",
      "title": "more discussions",
      "duration": 14.27,
      "formats": [
        {
          "format": "VBR MP3",
          "filename": "gd66-01t12.mp3",
          "bitrate": "183"
        },
        {
          "format": "Shorten",
          "filename": "gd66-01t12.shn"
        }
      ]
    },
    {
      "track": "13",
      "title": "Viola Lee Blues #7 verses 1 & 2 & 3 - then stopped",
      "duration": 105.51,
      "formats": [
        {
          "format": "VBR MP3",
          "filename": "gd66-01t13.mp3",
          "bitrate": "179"
        },
        {
          "format": "Shorten",
          "filename": "gd66-01t13.shn"
        }
      ]
    },
    {
      "track": "14",
      "title": "talk & tunings - \"that's tasty\" - \"let's just play\"",
      "duration": 73.61,
      "formats": [
        {
          "format": "VBR MP3",
          "filename": "gd66-01t14.mp3",
          "bitrate": "178"
        },
        {
          "format": "Shorten",
          "filename": "gd66-01t14.shn"
        }
      ]
    },
    {
      "track": "15",
      "title": "Viola Lee Blues #8 verse 1 - aborted",
      "duration": 10.03,
      "formats": [
        {
          "format": "VBR MP3",
          "filename": "gd66-01t15.mp3",
          "bitrate": "177"
        },
        {
          "format": "Shorten",
          "filename": "gd66-01t15.shn"
        }
      ]
    },
    {
      "track": "16",
      "title": "talk & wild comments & confusion",
      "duration": 100.52,
      "formats": [
        {
          "format": "VBR MP3",
          "filename": "gd66-01t16.mp3",
          "bitrate": "180"
        },
        {
          "format": "Shorten",
          "filename": "gd66-01t16.shn"
        }
      ]
    },
    {
      "track": "17",
      "title": "Viola Lee Blues #9 verses 2 & 3 - aborted",
      "duration": 17.11,
      "formats": [
        {
          "format": "VBR MP3",
          "filename": "gd66-01t17.mp3",
          "bitrate": "179"
        },
        {
          "format": "Shorten",
          "filename": "gd66-01t17.shn"
        }
      ]
    },
    {
      "track": "18",
      "title": "more talk - \"I think you're against us\" - \"Pigpen's a conspiracy\"",
      "duration": 135.39,
      "formats": [
        {
          "format": "VBR MP3",
          "filename": "gd66-01t18.mp3",
          "bitrate": "186"
        },
        {
          "format": "Shorten",
          "filename": "gd66-01t18.shn"
        }
      ]
    },
    {
      "track": "19",
      "title": "\"You may know by ...\" passage repeated",
      "duration": 129.81,
      "formats": [
        {
          "format": "VBR MP3",
          "filename": "gd66-01t19.mp3",
          "bitrate": "180"
        },
        {
          "format": "Shorten",
          "filename": "gd66-01t19.shn"
        }
      ]
    },
    {
      "track": "20",
      "title": "Viola Lee Blues #10 verses 1 & 2 & 3 ; jam ; tape cuts",
      "duration": 612.3,
      "formats": [
        {
          "format": "VBR MP3",
          "filename": "gd66-01t20.mp3",
          "bitrate": "178"
        },
        {
          "format": "Shorten",
          "filename": "gd66-01t20.shn"
        }
      ]
    }
  ]
}