{
  "rating": 2.4,
  "review_count": 25,
  "source_type": "UNKNOWN",
  "confidence": 1.0,
  "date": "1967-09-03",
  "venue": "Dance Hall",
  "location": "Rio Nido, CA",
  "raw_rating": 4.8,
  "high_ratings": 25,
  "low_ratings": 0,
  "tracks": [
    {
      "track": "1",
      "title": "In the Midnight Hour",
      "duration": 337.33,
      "formats": [
        {
          "format": "VBR MP3",
          "filename": "gd1967-09-03d2t01.mp3",
          "bitrate": "177"
        },
        {
          "format": "Shorten",
          "filename": "gd1967-09-03d2t01.shn"
        },
        {
          "format": "VBR MP3",
          "filename": "gd67-09-03d1t01.mp3",
          "bitrate": "176"
        },
        {
          "format": "Shorten",
          "filename": "gd67-09-03d1t01.shn"
        }
      ]
    },
    {
      "track": "2",
      "title": "It Hurts Me Too",
      "duration": 137.75,
      "formats": [
        {
          "format": "VBR MP3",
          "filename": "gd67-09-03d1t02.mp3",
          "bitrate": "174"
        },
        {
          "format": "Shorten",
          "filename": "gd67-09-03d1t02.shn"
        }
      ]
    },
    {
      "track": "3",
      "title": "Cold Rain and Snow",
      "duration": 111.19,
      "formats": [
        {
          "format": "VBR MP3",
          "filename": "gd67-09-03d1t03.mp3",
          "bitrate": "178"
        },
        {
          "format": "Shorten",
          "filename": "gd67-09-03d1t03.shn"
        }
      ]
    },
    {
      "track": "4",
      "title": "Good Morning Little Schoolgirl",
      "duration": 338.32,
      "formats": [
        {
          "format": "VBR MP3",
          "filename": "gd67-09-03d1t04.mp3",
          "bitrate": "177"
        },
        {
          "format": "Shorten",
          "filename": "gd67-09-03d1t04.shn"
        }
      ]
    },
    {
      "track": "5",
      "title": "Viola Lee Blues",
      "duration": 821.71,
      "formats": [
        {
          "format": "VBR MP3",
          "filename": "gd67-09-03d1t05.mp3",
          "bitrate": "180"
        },
        {
          "format": "Shorten",
          "filename": "gd67-09-03d1t05.shn"
        }
      ]
    },
    {
      "track": "6",
      "title": "Big Boss Man",
      "duration": 148.9,
      "formats": [
        {
          "format": "VBR MP3",
          "filename": "gd67-09-03d1t06.mp3",
          "bitrate": "180"
        },
        {
          "format": "Shorten",
          "filename": "gd67-09-03d1t06.shn"
        }
      ]
    },
    {
      "track": "7",
      "title": "Alligator",
      "duration": 508.78,
      "formats": [
        {
          "format": "VBR MP3",
          "filename": "gd67-09-03d1t07.mp3",
          "bitrate": "185"
        },
        {
          "format": "Shorten",
          "filename": "gd67-09-03d1t07.shn"
        }
      ]
    }
  ]
}