{
  "rating": 2.2857142857142856,
  "review_count": 21,
  "source_type": "UNKNOWN",
  "confidence": 1.0,
  "date": "1968-03-16",
  "venue": "Carousel Ballroom",
  "location": "San Francisco, CA",
  "raw_rating": 4.571428571428571,
  "high_ratings": 21,
  "low_ratings": 0,
  "tracks": [
    {
      "track": "1",
      "title": "Dark Star",
      "duration": 250.39,
      "formats": [
        {
          "format": "VBR MP3",
          "filename": "gd68-03-16d1t01.mp3",
          "bitrate": "187"
        },
        {
          "format": "Shorten",
          "filename": "gd68-03-16d1t01.shn"
        }
      ]
    },
    {
      "track": "2",
      "title": "China Cat Sunflower",
      "duration": 132.25,
      "formats": [
        {
          "format": "VBR MP3",
          "filename": "gd68-03-16d1t02.mp3",
          "bitrate": "180"
        },
        {
          "format": "Shorten",
          "filename": "gd68-03-16d1t02.shn"
        }
      ]
    },
    {
      "track": "3",
      "title": "The Eleven",
      "duration": 576.07,
      "formats": [
        {
          "format": "VBR MP3",
          "filename": "gd68-03-16d1t03.mp3",
          "bitrate": "178"
        },
        {
          "format": "Shorten",
          "filename": "gd68-03-16d1t03.shn"
        }
      ]
    },
    {
      "track": "4",
      "title": "Good Morning Little Schoolgirl",
      "duration": 378.73,
      "formats": [
        {
          "format": "VBR MP3",
          "filename": "gd68-03-16d1t04.mp3",
          "bitrate": "179"
        },
        {
          "format": "Shorten",
          "filename": "gd68-03-16d1t04.shn"
        }
      ]
    },
    {
      "track": "5",
      "title": "It Hurts Me Too",
      "duration": 142.86,
      "formats": [
        {
          "format": "VBR MP3",
          "filename": "gd68-03-16d2t01.mp3",
          "bitrate": "176"
        },
        {
          "format": "Shorten",
          "filename": "gd68-03-16d2t01.shn"
        }
      ]
    },
    {
      "track": "6",
      "title": "Cryptical Envelopment",
      "duration": 64.24,
      "formats": [
        {
          "format": "VBR MP3",
          "filename": "gd68-03-16d2t02.mp3",
          "bitrate": "178"
        },
        {
          "format": "Shorten",
          "filename": "gd68-03-16d2t02.shn"
        }
      ]
    },
    {
      "track": "7",
      "title": "The Other One",
      "duration": 125.89,
      "formats": [
        {
          "format": "VBR MP3",
          "filename": "gd68-03-16d2t03.mp3",
          "bitrate": "196"
        },
        {
          "format": "Shorten",
          "filename": "gd68-03-16d2t03.shn"
        }
      ]
    },
    {
      "track": "8",
      "title": "Cryptical Envelopment",
      "duration": 30.51,
      "formats": [
        {
          "format": "VBR MP3",
          "filename": "gd68-03-16d2t04.mp3",
          "bitrate": "155"
        },
        {
          "format": "Shorten",
          "filename": "gd68-03-16d2t04.shn"
        }
      ]
    },
    {
      "track": "9",
      "title": "Alligator",
      "duration": 533.77,
      "formats": [
        {
          "format": "VBR MP3",
          "filename": "gd68-03-16d2t05.mp3",
          "bitrate": "191"
        },
        {
          "format": "Shorten",
          "filename": "gd68-03-16d2t05.shn"
        }
      ]
    },
    {
      "track": "10",
      "title": "Caution (Do Not Stop On Tracks)",
      "duration": 451.18,
      "formats": [
        {
          "format": "VBR MP3",
          "filename": "gd68-03-16d2t06.mp3",
          "bitrate": "186"
        },
        {
          "format": "Shorten",
          "filename": "gd68-03-16d2t06.shn"
        }
      ]
    },
    {
      "track": "11",
      "title": "Feedback",
      "duration": 95.93,
      "formats": [
        {
          "format": "VBR MP3",
          "filename": "gd68-03-16d2t07.mp3",
          "bitrate": "194"
        },
        {
          "format": "Shorten",
          "filename": "gd68-03-16d2t07.shn"
        }
      ]
    },
    {
      "track": "12",
      "title": "And We Bid You Good Night",
      "duration": 43.73,
      "formats": [
        {
          "format": "VBR MP3",
          "filename": "gd68-03-16d2t08.mp3",
          "bitrate": "177"
        },
        {
          "format": "Shorten",
          "filename": "gd68-03-16d2t08.shn"
        }
      ]
    },
    {
      "track": "13",
      "title": "Morning Dew",
      "duration": 279.12,
      "formats": [
        {
          "format": "VBR MP3",
          "filename": "gd68-03-16d2t09.mp3",
          "bitrate": "171"
        },
        {
          "format": "Shorten",
          "filename": "gd68-03-16d2t09.shn"
        }
      ]
    }
  ]
}