{
  "rating": 2.25,
  "review_count": 12,
  "source_type": "UNKNOWN",
  "confidence": 1.0,
  "date": "1968-01-23",
  "venue": "Crystal Ballroom",
  "location": "Portland, OR",
  "raw_rating": 4.5,
  "high_ratings": 10,
  "low_ratings": 0,
  "tracks": [
    {
      "track": "1",
      "title": "Cryptical Envelopment",
      "duration": 66.24,
      "formats": [
        {
          "format": "VBR MP3",
          "filename": "gd68-01-23t1.mp3",
          "bitrate": "178"
        },
        {
          "format": "Shorten",
          "filename": "gd68-01-23t1.shn"
        }
      ]
    },
    {
      "track": "2",
      "title": "The Other One",
      "duration": 120.85,
      "formats": [
        {
          "format": "VBR MP3",
          "filename": "gd68-01-23t2.mp3",
          "bitrate": "179"
        },
        {
          "format": "Shorten",
          "filename": "gd68-01-23t2.shn"
        }
      ]
    },
    {
      "track": "3",
      "title": "Cryptical Envelopment",
      "duration": 241.12,
      "formats": [
        {
          "format": "VBR MP3",
          "filename": "gd68-01-23t3.mp3",
          "bitrate": "178"
        },
        {
          "format": "Shorten",
          "filename": "gd68-01-23t3.shn"
        }
      ]
    },
    {
      "track": "4",
      "title": "Clementine",
      "duration": 229.09,
      "formats": [
        {
          "format": "VBR MP3",
          "filename": "gd68-01-23t4.mp3",
          "bitrate": "177"
        },
        {
          "format": "Shorten",
          "filename": "gd68-01-23t4.shn"
        }
      ]
    },
    {
      "track": "5",
      "title": "New Potato Caboose",
      "duration": 328.45,
      "formats": [
        {
          "format": "VBR MP3",
          "filename": "gd68-01-23t5.mp3",
          "bitrate": "178"
        },
        {
          "format": "Shorten",
          "filename": "gd68-01-23t5.shn"
        }
      ]
    },
    {
      "track": "6",
      "title": "Born Cross-Eyed",
      "duration": 125.05,
      "formats": [
        {
          "format": "VBR MP3",
          "filename": "gd68-01-23t6.mp3",
          "bitrate": "178"
        },
        {
          "format": "Shorten",
          "filename": "gd68-01-23t6.shn"
        }
      ]
    },
    {
      "track": "7",
      "title": "Spanish Jam",
      "duration": 180.05,
      "formats": [
        {
          "format": "VBR MP3",
          "filename": "gd68-01-23t7.mp3",
          "bitrate": "171"
        },
        {
          "format": "Shorten",
          "filename": "gd68-01-23t7.shn"
        }
      ]
    }
  ]
}