{
  "rating": 2.4683544303797467,
  "review_count": 79,
  "source_type": "UNKNOWN",
  "confidence": 1.0,
  "date": "1968-10-12",
  "venue": "Avalon Ballroom",
  "location": "San Francisco, CA",
  "raw_rating": 4.936708860759493,
  "high_ratings": 79,
  "low_ratings": 0,
  "tracks": [
    {
      "track": "1",
      "title": "Dark Star",
      "duration": 516.1,
      "formats": [
        {
          "format": "VBR MP3",
          "filename": "gd68-10-12t01.mp3",
          "bitrate": "191"
        },
        {
          "format": "Shorten",
          "filename": "gd68-10-12t01.shn"
        }
      ]
    },
    {
      "track": "2",
      "title": "Saint Stephen",
      "duration": 167.43,
      "formats": [
        {
          "format": "VBR MP3",
          "filename": "gd68-10-12t02.mp3",
          "bitrate": "187"
        },
        {
          "format": "Shorten",
          "filename": "gd68-10-12t02.shn"
        }
      ]
    },
    {
      "track": "3",
      "title": "The Eleven",
      "duration": 398.14,
      "formats": [
        {
          "format": "VBR MP3",
          "filename": "gd68-10-12t03.mp3",
          "bitrate": "192"
        },
        {
          "format": "Shorten",
          "filename": "gd68-10-12t03.shn"
        }
      ]
    },
    {
      "track": "4",
      "title": "Death Don't Have No Mercy",
      "duration": 277.68,
      "formats": [
        {
          "format": "VBR MP3",
          "filename": "gd68-10-12t04.mp3",
          "bitrate": "189"
        },
        {
          "format": "Shorten",
          "filename": "gd68-10-12t04.shn"
        }
      ]
    },
    {
      "track": "5",
      "title": "Cryptical Envelopment",
      "duration": 58.38,
      "formats": [
        {
          "format": "VBR MP3",
          "filename": "gd68-10-12t05.mp3",
          "bitrate": "191"
        },
        {
          "format": "Shorten",
          "filename": "gd68-10-12t05.shn"
        }
      ]
    },
    {
      "track": "6",
      "title": "The Other One",
      "duration": 289.75,
      "formats": [
        {
          "format": "VBR MP3",
          "filename": "gd68-10-12t06.mp3",
          "bitrate": "194"
        },
        {
          "format": "Shorten",
          "filename": "gd68-10-12t06.shn"
        }
      ]
    },
    {
      "track": "7",
      "title": "Cryptical Envelopment",
      "duration": 323.82,
      "formats": [
        {
          "format": "VBR MP3",
          "filename": "gd68-10-12t07.mp3",
          "bitrate": "193"
        },
        {
          "format": "Shorten",
          "filename": "gd68-10-12t07.shn"
        }
      ]
    },
    {
      "track": "8",
      "title": "New Potato Caboose",
      "duration": 166.95,
      "formats": [
        {
          "format": "VBR MP3",
          "filename": "gd68-10-12t08.mp3",
          "bitrate": "188"
        },
        {
          "format": "Shorten",
          "filename": "gd68-10-12t08.shn"
        }
      ]
    },
    {
      "track": "9",
      "title": "Jam",
      "duration": 71.68,
      "formats": [
        {
          "format": "VBR MP3",
          "filename": "gd68-10-12t09.mp3",
          "bitrate": "185"
        },
        {
          "format": "Shorten",
          "filename": "gd68-10-12t09.shn"
        }
      ]
    },
    {
      "track": "10",
      "title": "Drums",
      "duration": 44.82,
      "formats": [
        {
          "format": "VBR MP3",
          "filename": "gd68-10-12t10.mp3",
          "bitrate": "193"
        },
        {
          "format": "Shorten",
          "filename": "gd68-10-12t10.shn"
        }
      ]
    },
    {
      "track": "11",
      "title": "Jam",
      "duration": 286.32,
      "formats": [
        {
          "format": "VBR MP3",
          "filename": "gd68-10-12t11.mp3",
          "bitrate": "188"
        },
        {
          "format": "Shorten",
          "filename": "gd68-10-12t11.shn"
        }
      ]
    },
    {
      "track": "12",
      "title": "Feedback",
      "duration": 230.88,
      "formats": [
        {
          "format": "VBR MP3",
          "filename": "gd68-10-12t12.mp3",
          "bitrate": "190"
        },
        {
          "format": "Shorten",
          "filename": "gd68-10-12t12.shn"
        }
      ]
    }
  ]
}