{
  "rating": 2.0789473684210527,
  "review_count": 19,
  "source_type": "UNKNOWN",
  "confidence": 1.0,
  "date": "1968-03-30",
  "venue": "Carousel Ballroom",
  "location": "San Francisco, CA",
  "raw_rating": 4.157894736842105,
  "high_ratings": 17,
  "low_ratings": 2,
  "tracks": [
    {
      "track": "1",
      "title": "Morning Dew",
      "duration": 303.5,
      "formats": [
        {
          "format": "VBR MP3",
          "filename": "gd68-03-30d1t01.mp3",
          "bitrate": "175"
        },
        {
          "format": "Shorten",
          "filename": "gd68-03-30d1t01.shn"
        }
      ]
    },
    {
      "track": "2",
      "title": "tuning",
      "duration": 97.4,
      "formats": [
        {
          "format": "VBR MP3",
          "filename": "gd68-03-30d1t02.mp3",
          "bitrate": "179"
        },
        {
          "format": "Shorten",
          "filename": "gd68-03-30d1t02.shn"
        }
      ]
    },
    {
      "track": "3",
      "title": "Cryptical Envelopment",
      "duration": 109.4,
      "formats": [
        {
          "format": "VBR MP3",
          "filename": "gd68-03-30d1t03.mp3",
          "bitrate": "174"
        },
        {
          "format": "Shorten",
          "filename": "gd68-03-30d1t03.shn"
        }
      ]
    },
    {
      "track": "4",
      "title": "The Other One",
      "duration": 213.6,
      "formats": [
        {
          "format": "VBR MP3",
          "filename": "gd68-03-30d1t04.mp3",
          "bitrate": "175"
        },
        {
          "format": "Shorten",
          "filename": "gd68-03-30d1t04.shn"
        }
      ]
    },
    {
      "track": "5",
      "title": "Cryptical Envelopment",
      "duration": 289.2,
      "formats": [
        {
          "format": "VBR MP3",
          "filename": "gd68-03-30d1t05.mp3",
          "bitrate": "177"
        },
        {
          "format": "Shorten",
          "filename": "gd68-03-30d1t05.shn"
        }
      ]
    },
    {
      "track": "6",
      "title": "Dark Star",
      "duration": 544.3,
      "formats": [
        {
          "format": "VBR MP3",
          "filename": "gd68-03-30d1t06.mp3",
          "bitrate": "175"
        },
        {
          "format": "Shorten",
          "filename": "gd68-03-30d1t06.shn"
        }
      ]
    },
    {
      "track": "7",
      "title": "China Cat Sunflower",
      "duration": 212.6,
      "formats": [
        {
          "format": "VBR MP3",
          "filename": "gd68-03-30d1t07.mp3",
          "bitrate": "177"
        },
        {
          "format": "Shorten",
          "filename": "gd68-03-30d1t07.shn"
        }
      ]
    },
    {
      "track": "8",
      "title": "The Eleven",
      "duration": 677.7,
      "formats": [
        {
          "format": "VBR MP3",
          "filename": "gd68-03-30d1t08.mp3",
          "bitrate": "177"
        },
        {
          "format": "Shorten",
          "filename": "gd68-03-30d1t08.shn"
        }
      ]
    },
    {
      "track": "9",
      "title": "Turn On Your Lovelight",
      "duration": 750.1,
      "formats": [
        {
          "format": "VBR MP3",
          "filename": "gd68-03-30d1t09.mp3",
          "bitrate": "178"
        },
        {
          "format": "Shorten",
          "filename": "gd68-03-30d1t09.shn"
        }
      ]
    },
    {
      "track": "10",
      "title": "Born Cross-Eyed",
      "duration": 138.1,
      "formats": [
        {
          "format": "VBR MP3",
          "filename": "gd68-03-30d1t10.mp3",
          "bitrate": "173"
        },
        {
          "format": "Shorten",
          "filename": "gd68-03-30d1t10.shn"
        }
      ]
    },
    {
      "track": "11",
      "title": "Spanish Jam",
      "duration": 592.4,
      "formats": [
        {
          "format": "VBR MP3",
          "filename": "gd68-03-30d1t11.mp3",
          "bitrate": "174"
        },
        {
          "format": "Shorten",
          "filename": "gd68-03-30d1t11.shn"
        }
      ]
    },
    {
      "track": "12",
      "title": "Death Don't Have No Mercy",
      "duration": 108.6,
      "formats": [
        {
          "format": "VBR MP3",
          "filename": "gd68-03-30d1t12.mp3",
          "bitrate": "174"
        },
        {
          "format": "Shorten",
          "filename": "gd68-03-30d1t12.shn"
        }
      ]
    },
    {
      "track": "13",
      "title": "Turn On Your Lovelight",
      "duration": 411.6,
      "formats": [
        {
          "format": "VBR MP3",
          "filename": "gd68-03-30d2t01.mp3",
          "bitrate": "174"
        },
        {
          "format": "Shorten",
          "filename": "gd68-03-30d2t01.shn"
        }
      ]
    },
    {
      "track": "14",
      "title": "Beat It On Down The Line",
      "duration": 150.2,
      "formats": [
        {
          "format": "VBR MP3",
          "filename": "gd68-03-30d2t02.mp3",
          "bitrate": "175"
        },
        {
          "format": "Shorten",
          "filename": "gd68-03-30d2t02.shn"
        }
      ]
    },
    {
      "track": "15",
      "title": "banter",
      "duration": 105.1,
      "formats": [
        {
          "format": "VBR MP3",
          "filename": "gd68-03-30d2t03.mp3",
          "bitrate": "180"
        },
        {
          "format": "Shorten",
          "filename": "gd68-03-30d2t03.shn"
        }
      ]
    },
    {
      "track": "16",
      "title": "Dancing In The Streets",
      "duration": 517.2,
      "formats": [
        {
          "format": "VBR MP3",
          "filename": "gd68-03-30d2t04.mp3",
          "bitrate": "168"
        },
        {
          "format": "Shorten",
          "filename": "gd68-03-30d2t04.shn"
        }
      ]
    }
  ]
}