{
  "rating": 3.29,
  "review_count": 30,
  "source_type": "AUD",
  "confidence": 1.0,
  "date": "1968-08-23",
  "venue": "Shrine Auditorium",
  "location": "Los Angeles, CA",
  "raw_rating": 4.7,
  "high_ratings": 29,
  "low_ratings": 1,
  "tracks": [
    {
      "track": "1",
      "title": "Cryptical Envelopement >",
      "duration": 78.75,
      "formats": [
        {
          "format": "VBR MP3",
          "filename": "gd68-8-23d1t08.mp3",
          "bitrate": "190"
        },
        {
          "format": "Shorten",
          "filename": "gd68-8-23d1t08.shn"
        }
      ]
    },
    {
      "track": "2",
      "title": "The Other One >",
      "duration": 168.62,
      "formats": [
        {
          "format": "VBR MP3",
          "filename": "gd68-8-23d1t09.mp3",
          "bitrate": "190"
        },
        {
          "format": "Shorten",
          "filename": "gd68-8-23d1t09.shn"
        }
      ]
    },
    {
      "track": "3",
      "title": "Cryptical Envelopement",
      "duration": 250.88,
      "formats": [
        {
          "format": "VBR MP3",
          "filename": "gd68-8-23d1t10.mp3",
          "bitrate": "188"
        },
        {
          "format": "Shorten",
          "filename": "gd68-8-23d1t10.shn"
        }
      ]
    },
    {
      "track": "4",
      "title": "Dark Star >",
      "duration": 554.13,
      "formats": [
        {
          "format": "VBR MP3",
          "filename": "gd68-8-23d2t1.mp3",
          "bitrate": "179"
        },
        {
          "format": "Shorten",
          "filename": "gd68-8-23d2t1.shn"
        }
      ]
    },
    {
      "track": "5",
      "title": "St. Stephen >",
      "duration": 170.19,
      "formats": [
        {
          "format": "VBR MP3",
          "filename": "gd68-8-23d2t2.mp3",
          "bitrate": "186"
        },
        {
          "format": "Shorten",
          "filename": "gd68-8-23d2t2.shn"
        }
      ]
    },
    {
      "track": "6",
      "title": "The Eleven >",
      "duration": 447.57,
      "formats": [
        {
          "format": "VBR MP3",
          "filename": "gd68-8-23d2t3.mp3",
          "bitrate": "197"
        },
        {
          "format": "Shorten",
          "filename": "gd68-8-23d2t3.shn"
        }
      ]
    },
    {
      "track": "7",
      "title": "Death Don't Have No Mercy",
      "duration": 288.36,
      "formats": [
        {
          "format": "VBR MP3",
          "filename": "gd68-8-23d2t4.mp3",
          "bitrate": "185"
        },
        {
          "format": "Shorten",
          "filename": "gd68-8-23d2t4.shn"
        }
      ]
    },
    {
      "track": "8",
      "title": "Alligator >",
      "duration": 143.56,
      "formats": [
        {
          "format": "VBR MP3",
          "filename": "gd68-8-23d2t5.mp3",
          "bitrate": "191"
        },
        {
          "format": "Shorten",
          "filename": "gd68-8-23d2t5.shn"
        }
      ]
    },
    {
      "track": "9",
      "title": "Drums > Alligator >",
      "duration": 1080.4,
      "formats": [
        {
          "format": "VBR MP3",
          "filename": "gd68-8-23d2t6.mp3",
          "bitrate": "198"
        },
        {
          "format": "Shorten",
          "filename": "gd68-8-23d2t6.shn"
        }
      ]
    },
    {
      "track": "10",
      "title": "Caution (Do Not Stop on Tracks)",
      "duration": 105.81,
      "formats": [
        {
          "format": "VBR MP3",
          "filename": "gd68-8-23d2t7.mp3",
          "bitrate": "177"
        },
        {
          "format": "Shorten",
          "filename": "gd68-8-23d2t7.shn"
        }
      ]
    },
    {
      "track": "11",
      "title": "St. Stephen",
      "duration": 102.54,
      "formats": [
        {
          "format": "VBR MP3",
          "filename": "gd68-8-23_fillerd1t01.mp3",
          "bitrate": "182"
        },
        {
          "format": "Shorten",
          "filename": "gd68-8-23_fillerd1t01.shn"
        }
      ]
    },
    {
      "track": "12",
      "title": "Cryptical Envelopement >",
      "duration": 67.84,
      "formats": [
        {
          "format": "VBR MP3",
          "filename": "gd68-8-23_fillerd1t02.mp3",
          "bitrate": "181"
        },
        {
          "format": "Shorten",
          "filename": "gd68-8-23_fillerd1t02.shn"
        }
      ]
    },
    {
      "track": "13",
      "title": "The Other One >",
      "duration": 175.82,
      "formats": [
        {
          "format": "VBR MP3",
          "filename": "gd68-8-23_fillerd1t03.mp3",
          "bitrate": "180"
        },
        {
          "format": "Shorten",
          "filename": "gd68-8-23_fillerd1t03.shn"
        }
      ]
    },
    {
      "track": "14",
      "title": "Cryptical Envelopement",
      "duration": 242.91,
      "formats": [
        {
          "format": "VBR MP3",
          "filename": "gd68-8-23_fillerd1t04.mp3",
          "bitrate": "181"
        },
        {
          "format": "Shorten",
          "filename": "gd68-8-23_fillerd1t04.shn"
        }
      ]
    },
    {
      "track": "15",
      "title": "New Potato Caboose",
      "duration": 411.88,
      "formats": [
        {
          "format": "VBR MP3",
          "filename": "gd68-8-23_fillerd1t05.mp3",
          "bitrate": "180"
        },
        {
          "format": "Shorten",
          "filename": "gd68-8-23_fillerd1t05.shn"
        }
      ]
    },
    {
      "track": "16",
      "title": "Alligator",
      "duration": 352.47,
      "formats": [
        {
          "format": "VBR MP3",
          "filename": "gd68-8-23_fillerd1t06.mp3",
          "bitrate": "189"
        },
        {
          "format": "Shorten",
          "filename": "gd68-8-23_fillerd1t06.shn"
        }
      ]
    },
    {
      "track": "17",
      "title": "Caution Jam",
      "duration": 451.7,
      "formats": [
        {
          "format": "VBR MP3",
          "filename": "gd68-8-23_fillerd1t07.mp3",
          "bitrate": "185"
        },
        {
          "format": "Shorten",
          "filename": "gd68-8-23_fillerd1t07.shn"
        }
      ]
    }
  ]
}