{
  "rating": 3.274193548387097,
  "review_count": 31,
  "source_type": "AUD",
  "confidence": 1.0,
  "date": "1968-01-22",
  "venue": "Eagle's Auditorium",
  "location": "Seattle, WA",
  "raw_rating": 4.67741935483871,
  "high_ratings": 30,
  "low_ratings": 0,
  "tracks": [
    {
      "track": "1",
      "title": "Alligator",
      "duration": 630.44,
      "formats": [
        {
          "format": "VBR MP3",
          "filename": "gd68-01-22d1t01.mp3",
          "bitrate": "139"
        },
        {
          "format": "Shorten",
          "filename": "gd68-01-22d1t01.shn"
        }
      ]
    },
    {
      "track": "2",
      "title": "Cryptical Envelopment",
      "duration": 67.44,
      "formats": [
        {
          "format": "VBR MP3",
          "filename": "gd68-01-22d1t02.mp3",
          "bitrate": "137"
        },
        {
          "format": "Shorten",
          "filename": "gd68-01-22d1t02.shn"
        }
      ]
    },
    {
      "track": "3",
      "title": "The Other One",
      "duration": 110.77,
      "formats": [
        {
          "format": "VBR MP3",
          "filename": "gd68-01-22d1t03.mp3",
          "bitrate": "140"
        },
        {
          "format": "Shorten",
          "filename": "gd68-01-22d1t03.shn"
        }
      ]
    },
    {
      "track": "4",
      "title": "Cryptical Envelopment",
      "duration": 137.21,
      "formats": [
        {
          "format": "VBR MP3",
          "filename": "gd68-01-22d1t04.mp3",
          "bitrate": "141"
        },
        {
          "format": "Shorten",
          "filename": "gd68-01-22d1t04.shn"
        }
      ]
    },
    {
      "track": "5",
      "title": "New Potato Caboose",
      "duration": 318.15,
      "formats": [
        {
          "format": "VBR MP3",
          "filename": "gd68-01-22d1t05.mp3",
          "bitrate": "139"
        },
        {
          "format": "Shorten",
          "filename": "gd68-01-22d1t05.shn"
        }
      ]
    },
    {
      "track": "6",
      "title": "Born Cross-Eyed",
      "duration": 81.92,
      "formats": [
        {
          "format": "VBR MP3",
          "filename": "gd68-01-22d1t06.mp3",
          "bitrate": "147"
        },
        {
          "format": "Shorten",
          "filename": "gd68-01-22d1t06.shn"
        }
      ]
    },
    {
      "track": "7",
      "title": "Feedback",
      "duration": 171.95,
      "formats": [
        {
          "format": "VBR MP3",
          "filename": "gd68-01-22d1t07.mp3",
          "bitrate": "161"
        },
        {
          "format": "Shorten",
          "filename": "gd68-01-22d1t07.shn"
        }
      ]
    },
    {
      "track": "8",
      "title": "Spanish Jam",
      "duration": 331.31,
      "formats": [
        {
          "format": "VBR MP3",
          "filename": "gd68-01-22d1t08.mp3",
          "bitrate": "169"
        },
        {
          "format": "Shorten",
          "filename": "gd68-01-22d1t08.shn"
        }
      ]
    },
    {
      "track": "9",
      "title": "Dark Star",
      "duration": 219.63,
      "formats": [
        {
          "format": "VBR MP3",
          "filename": "gd68-01-22d1t09.mp3",
          "bitrate": "164"
        },
        {
          "format": "Shorten",
          "filename": "gd68-01-22d1t09.shn"
        }
      ]
    },
    {
      "track": "10",
      "title": "China Cat Sunflower",
      "duration": 181.88,
      "formats": [
        {
          "format": "VBR MP3",
          "filename": "gd68-01-22d1t10.mp3",
          "bitrate": "172"
        },
        {
          "format": "Shorten",
          "filename": "gd68-01-22d1t10.shn"
        }
      ]
    },
    {
      "track": "11",
      "title": "The Eleven",
      "duration": 278.29,
      "formats": [
        {
          "format": "VBR MP3",
          "filename": "gd68-01-22d1t11.mp3",
          "bitrate": "166"
        },
        {
          "format": "Shorten",
          "filename": "gd68-01-22d1t11.shn"
        }
      ]
    },
    {
      "track": "12",
      "title": "Caution (Do Not Stop on Tracks)",
      "duration": 172.24,
      "formats": [
        {
          "format": "VBR MP3",
          "filename": "gd68-01-22d1t12.mp3",
          "bitrate": "165"
        },
        {
          "format": "Shorten",
          "filename": "gd68-01-22d1t12.shn"
        }
      ]
    },
    {
      "track": "13",
      "title": "Feedback",
      "duration": 197.19,
      "formats": [
        {
          "format": "VBR MP3",
          "filename": "gd68-01-22d1t13.mp3",
          "bitrate": "175"
        },
        {
          "format": "Shorten",
          "filename": "gd68-01-22d1t13.shn"
        }
      ]
    }
  ]
}