{
  "rating": 1.8,
  "review_count": 4,
  "source_type": "UNKNOWN",
  "confidence": 0.8,
  "date": "1968-11-06",
  "venue": "Alembic Studios",
  "location": "San Francisco, CA",
  "raw_rating": 4.0,
  "high_ratings": 3,
  "low_ratings": 0,
  "tracks": [
    {
      "track": "01",
      "title": "Lovelight(Garcia vocal)",
      "duration": 119.6,
      "formats": [
        {
          "format": "VBR MP3",
          "filename": "AlembicRehearsals1968_Track01.mp3",
          "bitrate": "212"
        },
        {
          "format": "Shorten",
          "filename": "AlembicRehearsals1968_Track01.shn"
        }
      ]
    },
    {
      "track": "02",
      "title": "Dark Star",
      "duration": 298.41,
      "formats": [
        {
          "format": "VBR MP3",
          "filename": "AlembicRehearsals1968_Track02.mp3",
          "bitrate": "190"
        },
        {
          "format": "Shorten",
          "filename": "AlembicRehearsals1968_Track02.shn"
        }
      ]
    },
    {
      "track": "03",
      "title": "St. Stephen >",
      "duration": 100.59,
      "formats": [
        {
          "format": "VBR MP3",
          "filename": "AlembicRehearsals1968_Track03.mp3",
          "bitrate": "204"
        },
        {
          "format": "Shorten",
          "filename": "AlembicRehearsals1968_Track03.shn"
        }
      ]
    },
    {
      "track": "04",
      "title": "The Eleven (falls apart)",
      "duration": 12.28,
      "formats": [
        {
          "format": "VBR MP3",
          "filename": "AlembicRehearsals1968_Track04.mp3",
          "bitrate": "203"
        },
        {
          "format": "Shorten",
          "filename": "AlembicRehearsals1968_Track04.shn"
        }
      ]
    },
    {
      "track": "05",
      "title": "End of St. Stephen > The Eleven (falls apart almost immediately)",
      "duration": 13.69,
      "formats": [
        {
          "format": "VBR MP3",
          "filename": "AlembicRehearsals1968_Track05.mp3",
          "bitrate": "220"
        },
        {
          "format": "Shorten",
          "filename": "AlembicRehearsals1968_Track05.shn"
        }
      ]
    },
    {
      "track": "06",
      "title": "End of St. Stephen > The Eleven (falls apart almost immediately)",
      "duration": 14.48,
      "formats": [
        {
          "format": "VBR MP3",
          "filename": "AlembicRehearsals1968_Track06.mp3",
          "bitrate": "187"
        },
        {
          "format": "Shorten",
          "filename": "AlembicRehearsals1968_Track06.shn"
        }
      ]
    },
    {
      "track": "07",
      "title": "End of St. Stephen > The Eleven (falls apart almost immediately)",
      "duration": 31.21,
      "formats": [
        {
          "format": "VBR MP3",
          "filename": "AlembicRehearsals1968_Track07.mp3",
          "bitrate": "207"
        },
        {
          "format": "Shorten",
          "filename": "AlembicRehearsals1968_Track07.shn"
        }
      ]
    },
    {
      "track": "08",
      "title": "End of St. Stephen > The Eleven (get beginning vocals)",
      "duration": 37.18,
      "formats": [
        {
          "format": "VBR MP3",
          "filename": "AlembicRehearsals1968_Track08.mp3",
          "bitrate": "208"
        },
        {
          "format": "Shorten",
          "filename": "AlembicRehearsals1968_Track08.shn"
        }
      ]
    },
    {
      "track": "09",
      "title": "The Eleven ( a couple attempts at restarting...)",
      "duration": 75.28,
      "formats": [
        {
          "format": "VBR MP3",
          "filename": "AlembicRehearsals1968_Track09.mp3",
          "bitrate": "189"
        },
        {
          "format": "Shorten",
          "filename": "AlembicRehearsals1968_Track09.shn"
        }
      ]
    },
    {
      "track": "10",
      "title": "End of St, Stephen (false start, discussion, ...)",
      "duration": 41.99,
      "formats": [
        {
          "format": "VBR MP3",
          "filename": "AlembicRehearsals1968_Track10.mp3",
          "bitrate": "200"
        },
        {
          "format": "Shorten",
          "filename": "AlembicRehearsals1968_Track10.shn"
        }
      ]
    },
    {
      "track": "11",
      "title": "St. Stephen (false start, Bob",
      "duration": 25.41,
      "formats": [
        {
          "format": "VBR MP3",
          "filename": "AlembicRehearsals1968_Track11.mp3",
          "bitrate": "192"
        },
        {
          "format": "Shorten",
          "filename": "AlembicRehearsals1968_Track11.shn"
        }
      ]
    },
    {
      "track": "12",
      "title": "St. Stephen (complete) >",
      "duration": 95.61,
      "formats": [
        {
          "format": "VBR MP3",
          "filename": "AlembicRehearsals1968_Track12.mp3",
          "bitrate": "208"
        },
        {
          "format": "Shorten",
          "filename": "AlembicRehearsals1968_Track12.shn"
        }
      ]
    },
    {
      "track": "13",
      "title": "The Eleven (longish jam)",
      "duration": 136.53,
      "formats": [
        {
          "format": "VBR MP3",
          "filename": "AlembicRehearsals1968_Track13.mp3",
          "bitrate": "216"
        },
        {
          "format": "Shorten",
          "filename": "AlembicRehearsals1968_Track13.shn"
        }
      ]
    },
    {
      "track": "14",
      "title": "...The Eleven (starts with vocals ...)",
      "duration": 378.46,
      "formats": [
        {
          "format": "VBR MP3",
          "filename": "AlembicRehearsals1968_Track14.mp3",
          "bitrate": "226"
        },
        {
          "format": "Shorten",
          "filename": "AlembicRehearsals1968_Track14.shn"
        }
      ]
    },
    {
      "track": "15",
      "title": "The Eleven (starts with some Phil chatter)",
      "duration": 269.66,
      "formats": [
        {
          "format": "VBR MP3",
          "filename": "AlembicRehearsals1968_Track15.mp3",
          "bitrate": "225"
        },
        {
          "format": "Shorten",
          "filename": "AlembicRehearsals1968_Track15.shn"
        }
      ]
    },
    {
      "track": "16",
      "title": "The Eleven (starts with jam ...)",
      "duration": 117.35,
      "formats": [
        {
          "format": "VBR MP3",
          "filename": "AlembicRehearsals1968_Track16.mp3",
          "bitrate": "220"
        },
        {
          "format": "Shorten",
          "filename": "AlembicRehearsals1968_Track16.shn"
        }
      ]
    },
    {
      "track": "17",
      "title": "The Eleven (starts with drums ...)",
      "duration": 32.37,
      "formats": [
        {
          "format": "VBR MP3",
          "filename": "AlembicRehearsals1968_Track17.mp3",
          "bitrate": "224"
        },
        {
          "format": "Shorten",
          "filename": "AlembicRehearsals1968_Track17.shn"
        }
      ]
    },
    {
      "track": "18",
      "title": "The Eleven (pretty much same as above ...)",
      "duration": 44.41,
      "formats": [
        {
          "format": "VBR MP3",
          "filename": "AlembicRehearsals1968_Track18.mp3",
          "bitrate": "215"
        },
        {
          "format": "Shorten",
          "filename": "AlembicRehearsals1968_Track18.shn"
        }
      ]
    }
  ]
}