{
  "rating": 0.0,
  "review_count": 0,
  "source_type": "UNKNOWN",
  "confidence": 0.0,
  "date": "1969-04-15",
  "venue": "The Music Box",
  "location": "Omaha, Nb",
  "raw_rating": 0.0,
  "high_ratings": 0,
  "low_ratings": 0,
  "tracks": [
    {
      "track": "01",
      "title": "Hard To Handle",
      "duration": 328.11,
      "formats": [
        {
          "format": "Flac",
          "filename": "gd1969-04-15AUDd1t01.flac"
        },
        {
          "format": "VBR MP3",
          "filename": "gd1969-04-15AUDd1t01.mp3",
          "bitrate": "157"
        }
      ]
    },
    {
      "track": "02",
      "title": "Beat It On Down The Line",
      "duration": 169.93,
      "formats": [
        {
          "format": "Flac",
          "filename": "gd1969-04-15AUDd1t02.flac"
        },
        {
          "format": "VBR MP3",
          "filename": "gd1969-04-15AUDd1t02.mp3",
          "bitrate": "160"
        }
      ]
    },
    {
      "track": "03",
      "title": "Morning Dew",
      "duration": 610.66,
      "formats": [
        {
          "format": "Flac",
          "filename": "gd1969-04-15AUDd1t03.flac"
        },
        {
          "format": "VBR MP3",
          "filename": "gd1969-04-15AUDd1t03.mp3",
          "bitrate": "155"
        }
      ]
    },
    {
      "track": "04",
      "title": "It Hurts Me Too",
      "duration": 326.56,
      "formats": [
        {
          "format": "Flac",
          "filename": "gd1969-04-15AUDd1t04.flac"
        },
        {
          "format": "VBR MP3",
          "filename": "gd1969-04-15AUDd1t04.mp3",
          "bitrate": "154"
        }
      ]
    },
    {
      "track": "05",
      "title": "China Cat Sunflower ->",
      "duration": 325.45,
      "formats": [
        {
          "format": "Flac",
          "filename": "gd1969-04-15AUDd1t05.flac"
        },
        {
          "format": "VBR MP3",
          "filename": "gd1969-04-15AUDd1t05.mp3",
          "bitrate": "158"
        }
      ]
    },
    {
      "track": "06",
      "title": "Doin' That Rag",
      "duration": 413.21,
      "formats": [
        {
          "format": "Flac",
          "filename": "gd1969-04-15AUDd1t06.flac"
        },
        {
          "format": "VBR MP3",
          "filename": "gd1969-04-15AUDd1t06.mp3",
          "bitrate": "154"
        }
      ]
    },
    {
      "track": "07",
      "title": "It's A Sin",
      "duration": 283.3,
      "formats": [
        {
          "format": "Flac",
          "filename": "gd1969-04-15AUDd1t07.flac"
        },
        {
          "format": "VBR MP3",
          "filename": "gd1969-04-15AUDd1t07.mp3",
          "bitrate": "151"
        }
      ]
    },
    {
      "track": "08",
      "title": "Turn On Your Lovelight",
      "duration": 1654.61,
      "formats": [
        {
          "format": "Flac",
          "filename": "gd1969-04-15AUDd1t08.flac"
        },
        {
          "format": "VBR MP3",
          "filename": "gd1969-04-15AUDd1t08.mp3",
          "bitrate": "177"
        }
      ]
    },
    {
      "track": "09",
      "title": "Sitting On Top Of The World",
      "duration": 164.81,
      "formats": [
        {
          "format": "Flac",
          "filename": "gd1969-04-15AUDd2t01.flac"
        },
        {
          "format": "VBR MP3",
          "filename": "gd1969-04-15AUDd2t01.mp3",
          "bitrate": "156"
        }
      ]
    },
    {
      "track": "10",
      "title": "Cryptical Envelopment ->",
      "duration": 116.33,
      "formats": [
        {
          "format": "Flac",
          "filename": "gd1969-04-15AUDd2t02.flac"
        },
        {
          "format": "VBR MP3",
          "filename": "gd1969-04-15AUDd2t02.mp3",
          "bitrate": "154"
        }
      ]
    },
    {
      "track": "11",
      "title": "The Other One ->",
      "duration": 475.79,
      "formats": [
        {
          "format": "Flac",
          "filename": "gd1969-04-15AUDd2t03.flac"
        },
        {
          "format": "VBR MP3",
          "filename": "gd1969-04-15AUDd2t03.mp3",
          "bitrate": "165"
        }
      ]
    },
    {
      "track": "12",
      "title": "Cryptical Reprise ->",
      "duration": 670.68,
      "formats": [
        {
          "format": "Flac",
          "filename": "gd1969-04-15AUDd2t04.flac"
        },
        {
          "format": "VBR MP3",
          "filename": "gd1969-04-15AUDd2t04.mp3",
          "bitrate": "161"
        }
      ]
    },
    {
      "track": "13",
      "title": "Dark Star ->",
      "duration": 1221.13,
      "formats": [
        {
          "format": "Flac",
          "filename": "gd1969-04-15AUDd2t05.flac"
        },
        {
          "format": "VBR MP3",
          "filename": "gd1969-04-15AUDd2t05.mp3",
          "bitrate": "160"
        }
      ]
    },
    {
      "track": "14",
      "title": "St. Stephen ->",
      "duration": 330.6,
      "formats": [
        {
          "format": "Flac",
          "filename": "gd1969-04-15AUDd2t06.flac"
        },
        {
          "format": "VBR MP3",
          "filename": "gd1969-04-15AUDd2t06.mp3",
          "bitrate": "161"
        }
      ]
    },
    {
      "track": "15",
      "title": "The Eleven",
      "duration": 211.83,
      "formats": [
        {
          "format": "Flac",
          "filename": "gd1969-04-15AUDd2t07.flac"
        },
        {
          "format": "VBR MP3",
          "filename": "gd1969-04-15AUDd2t07.mp3",
          "bitrate": "162"
        }
      ]
    }
  ]
}