{
  "rating": 3.1888888888888887,
  "review_count": 18,
  "source_type": "AUD",
  "confidence": 1.0,
  "date": "1969-06-27",
  "venue": "Veterans Auditorium",
  "location": "Santa Rosa, CA",
  "raw_rating": 4.555555555555555,
  "high_ratings": 17,
  "low_ratings": 0,
  "tracks": [
    {
      "track": "1",
      "title": "Slewfoot",
      "duration": 130.68,
      "formats": [
        {
          "format": "VBR MP3",
          "filename": "gd1969-06-27d1t01.mp3",
          "bitrate": "194"
        },
        {
          "format": "Shorten",
          "filename": "gd1969-06-27d1t01.shn"
        }
      ]
    },
    {
      "track": "2",
      "title": "Mama Tried",
      "duration": 108.6,
      "formats": [
        {
          "format": "VBR MP3",
          "filename": "gd1969-06-27d1t02.mp3",
          "bitrate": "194"
        },
        {
          "format": "Shorten",
          "filename": "gd1969-06-27d1t02.shn"
        }
      ]
    },
    {
      "track": "3",
      "title": "High Time",
      "duration": 211.59,
      "formats": [
        {
          "format": "VBR MP3",
          "filename": "gd1969-06-27d1t03.mp3",
          "bitrate": "190"
        },
        {
          "format": "Shorten",
          "filename": "gd1969-06-27d1t03.shn"
        }
      ]
    },
    {
      "track": "4",
      "title": "Dupree's Diamond Blues",
      "duration": 163.08,
      "formats": [
        {
          "format": "VBR MP3",
          "filename": "gd1969-06-27d1t04.mp3",
          "bitrate": "193"
        },
        {
          "format": "Shorten",
          "filename": "gd1969-06-27d1t04.shn"
        }
      ]
    },
    {
      "track": "5",
      "title": "Me and My Uncle",
      "duration": 132.8,
      "formats": [
        {
          "format": "VBR MP3",
          "filename": "gd1969-06-27d1t05.mp3",
          "bitrate": "197"
        },
        {
          "format": "Shorten",
          "filename": "gd1969-06-27d1t05.shn"
        }
      ]
    },
    {
      "track": "6",
      "title": "Casey Jones",
      "duration": 351.79,
      "formats": [
        {
          "format": "VBR MP3",
          "filename": "gd1969-06-27d1t06.mp3",
          "bitrate": "195"
        },
        {
          "format": "Shorten",
          "filename": "gd1969-06-27d1t06.shn"
        }
      ]
    },
    {
      "track": "7",
      "title": "Dire Wolf",
      "duration": 121.66,
      "formats": [
        {
          "format": "VBR MP3",
          "filename": "gd1969-06-27d1t07.mp3",
          "bitrate": "199"
        },
        {
          "format": "Shorten",
          "filename": "gd1969-06-27d1t07.shn"
        }
      ]
    },
    {
      "track": "8",
      "title": "Sitting On Top Of The World",
      "duration": 150.81,
      "formats": [
        {
          "format": "VBR MP3",
          "filename": "gd1969-06-27d1t08.mp3",
          "bitrate": "203"
        },
        {
          "format": "Shorten",
          "filename": "gd1969-06-27d1t08.shn"
        }
      ]
    },
    {
      "track": "9",
      "title": "Big Boss Man",
      "duration": 231.89,
      "formats": [
        {
          "format": "VBR MP3",
          "filename": "gd1969-06-27d1t09.mp3",
          "bitrate": "198"
        },
        {
          "format": "Shorten",
          "filename": "gd1969-06-27d1t09.shn"
        }
      ]
    },
    {
      "track": "10",
      "title": "Dark Star",
      "duration": 1008.91,
      "formats": [
        {
          "format": "VBR MP3",
          "filename": "gd1969-06-27d2t01.mp3",
          "bitrate": "194"
        },
        {
          "format": "Shorten",
          "filename": "gd1969-06-27d2t01.shn"
        }
      ]
    },
    {
      "track": "11",
      "title": "Saint Stephen",
      "duration": 274.66,
      "formats": [
        {
          "format": "VBR MP3",
          "filename": "gd1969-06-27d2t02.mp3",
          "bitrate": "192"
        },
        {
          "format": "Shorten",
          "filename": "gd1969-06-27d2t02.shn"
        }
      ]
    },
    {
      "track": "12",
      "title": "William Tell",
      "duration": 45.83,
      "formats": [
        {
          "format": "VBR MP3",
          "filename": "gd1969-06-27d2t03.mp3",
          "bitrate": "186"
        },
        {
          "format": "Shorten",
          "filename": "gd1969-06-27d2t03.shn"
        }
      ]
    },
    {
      "track": "13",
      "title": "The Eleven Jam",
      "duration": 52.59,
      "formats": [
        {
          "format": "VBR MP3",
          "filename": "gd1969-06-27d2t04.mp3",
          "bitrate": "204"
        },
        {
          "format": "Shorten",
          "filename": "gd1969-06-27d2t04.shn"
        }
      ]
    },
    {
      "track": "14",
      "title": "Green, Green Grass Of Home",
      "duration": 244.27,
      "formats": [
        {
          "format": "VBR MP3",
          "filename": "gd1969-06-27d2t05.mp3",
          "bitrate": "184"
        },
        {
          "format": "Shorten",
          "filename": "gd1969-06-27d2t05.shn"
        }
      ]
    },
    {
      "track": "15",
      "title": "It's All Over Now Baby Blue",
      "duration": 336.08,
      "formats": [
        {
          "format": "VBR MP3",
          "filename": "gd1969-06-27d2t06.mp3",
          "bitrate": "189"
        },
        {
          "format": "Shorten",
          "filename": "gd1969-06-27d2t06.shn"
        }
      ]
    }
  ]
}