{
  "rating": 2.1153846153846154,
  "review_count": 13,
  "source_type": "UNKNOWN",
  "confidence": 1.0,
  "date": "1969-08-21",
  "venue": "Green Lake Aqua Theater",
  "location": "Seattle, WA",
  "raw_rating": 4.230769230769231,
  "high_ratings": 11,
  "low_ratings": 0,
  "tracks": [
    {
      "track": "1",
      "title": "Casey Jones",
      "duration": 208.57,
      "formats": [
        {
          "format": "VBR MP3",
          "filename": "gd69-08-21d1t01.mp3",
          "bitrate": "177"
        },
        {
          "format": "Ogg Vorbis",
          "filename": "gd69-08-21d1t01.ogg"
        },
        {
          "format": "Shorten",
          "filename": "gd69-08-21d1t01.shn"
        }
      ]
    },
    {
      "track": "2",
      "title": "Easy Wind",
      "duration": 272.89,
      "formats": [
        {
          "format": "VBR MP3",
          "filename": "gd69-08-21d1t02.mp3",
          "bitrate": "178"
        },
        {
          "format": "Ogg Vorbis",
          "filename": "gd69-08-21d1t02.ogg"
        },
        {
          "format": "Shorten",
          "filename": "gd69-08-21d1t02.shn"
        }
      ]
    },
    {
      "track": "3",
      "title": "Morning Dew",
      "duration": 316.39,
      "formats": [
        {
          "format": "VBR MP3",
          "filename": "gd69-08-21d1t03.mp3",
          "bitrate": "178"
        },
        {
          "format": "Ogg Vorbis",
          "filename": "gd69-08-21d1t03.ogg"
        },
        {
          "format": "Shorten",
          "filename": "gd69-08-21d1t03.shn"
        }
      ]
    },
    {
      "track": "4",
      "title": "High Time",
      "duration": 204.93,
      "formats": [
        {
          "format": "VBR MP3",
          "filename": "gd69-08-21d1t04.mp3",
          "bitrate": "178"
        },
        {
          "format": "Ogg Vorbis",
          "filename": "gd69-08-21d1t04.ogg"
        },
        {
          "format": "Shorten",
          "filename": "gd69-08-21d1t04.shn"
        }
      ]
    },
    {
      "track": "5",
      "title": "Mama Tried",
      "duration": 89.99,
      "formats": [
        {
          "format": "VBR MP3",
          "filename": "gd69-08-21d1t05.mp3",
          "bitrate": "176"
        },
        {
          "format": "Ogg Vorbis",
          "filename": "gd69-08-21d1t05.ogg"
        },
        {
          "format": "Shorten",
          "filename": "gd69-08-21d1t05.shn"
        }
      ]
    },
    {
      "track": "6",
      "title": "Me and My Uncle",
      "duration": 118.66,
      "formats": [
        {
          "format": "VBR MP3",
          "filename": "gd69-08-21d1t06.mp3",
          "bitrate": "177"
        },
        {
          "format": "Ogg Vorbis",
          "filename": "gd69-08-21d1t06.ogg"
        },
        {
          "format": "Shorten",
          "filename": "gd69-08-21d1t06.shn"
        }
      ]
    },
    {
      "track": "7",
      "title": "Minglewood Blues",
      "duration": 156.46,
      "formats": [
        {
          "format": "VBR MP3",
          "filename": "gd69-08-21d1t07.mp3",
          "bitrate": "180"
        },
        {
          "format": "Ogg Vorbis",
          "filename": "gd69-08-21d1t07.ogg"
        },
        {
          "format": "Shorten",
          "filename": "gd69-08-21d1t07.shn"
        }
      ]
    },
    {
      "track": "8",
      "title": "China Cat Sunflower",
      "duration": 218.7,
      "formats": [
        {
          "format": "VBR MP3",
          "filename": "gd69-08-21d1t08.mp3",
          "bitrate": "180"
        },
        {
          "format": "Ogg Vorbis",
          "filename": "gd69-08-21d1t08.ogg"
        },
        {
          "format": "Shorten",
          "filename": "gd69-08-21d1t08.shn"
        }
      ]
    },
    {
      "track": "9",
      "title": "Doin' That Rag",
      "duration": 173.79,
      "formats": [
        {
          "format": "VBR MP3",
          "filename": "gd69-08-21d1t09.mp3",
          "bitrate": "176"
        },
        {
          "format": "Ogg Vorbis",
          "filename": "gd69-08-21d1t09.ogg"
        },
        {
          "format": "Shorten",
          "filename": "gd69-08-21d1t09.shn"
        }
      ]
    },
    {
      "track": "10",
      "title": "Big Boss Man",
      "duration": 108.21,
      "formats": [
        {
          "format": "VBR MP3",
          "filename": "gd69-08-21d2t01.mp3",
          "bitrate": "175"
        },
        {
          "format": "Ogg Vorbis",
          "filename": "gd69-08-21d2t01.ogg"
        },
        {
          "format": "Shorten",
          "filename": "gd69-08-21d2t01.shn"
        }
      ]
    },
    {
      "track": "11",
      "title": "Sittin' On Top Of The World",
      "duration": 137.59,
      "formats": [
        {
          "format": "VBR MP3",
          "filename": "gd69-08-21d2t02.mp3",
          "bitrate": "180"
        },
        {
          "format": "Ogg Vorbis",
          "filename": "gd69-08-21d2t02.ogg"
        },
        {
          "format": "Shorten",
          "filename": "gd69-08-21d2t02.shn"
        }
      ]
    },
    {
      "track": "12",
      "title": "Cryptical Envelopment",
      "duration": 62.47,
      "formats": [
        {
          "format": "VBR MP3",
          "filename": "gd69-08-21d2t03.mp3",
          "bitrate": "175"
        },
        {
          "format": "Ogg Vorbis",
          "filename": "gd69-08-21d2t03.ogg"
        },
        {
          "format": "Shorten",
          "filename": "gd69-08-21d2t03.shn"
        }
      ]
    },
    {
      "track": "13",
      "title": "Drums",
      "duration": 53.24,
      "formats": [
        {
          "format": "VBR MP3",
          "filename": "gd69-08-21d2t04.mp3",
          "bitrate": "178"
        },
        {
          "format": "Ogg Vorbis",
          "filename": "gd69-08-21d2t04.ogg"
        },
        {
          "format": "Shorten",
          "filename": "gd69-08-21d2t04.shn"
        }
      ]
    },
    {
      "track": "14",
      "title": "The Other One",
      "duration": 354.05,
      "formats": [
        {
          "format": "VBR MP3",
          "filename": "gd69-08-21d2t05.mp3",
          "bitrate": "180"
        },
        {
          "format": "Ogg Vorbis",
          "filename": "gd69-08-21d2t05.ogg"
        },
        {
          "format": "Shorten",
          "filename": "gd69-08-21d2t05.shn"
        }
      ]
    },
    {
      "track": "15",
      "title": "Cryptical Envelopment)",
      "duration": 65.28,
      "formats": [
        {
          "format": "VBR MP3",
          "filename": "gd69-08-21d2t06.mp3",
          "bitrate": "176"
        },
        {
          "format": "Ogg Vorbis",
          "filename": "gd69-08-21d2t06.ogg"
        },
        {
          "format": "Shorten",
          "filename": "gd69-08-21d2t06.shn"
        }
      ]
    },
    {
      "track": "16",
      "title": "Dark Star",
      "duration": 211.06,
      "formats": [
        {
          "format": "VBR MP3",
          "filename": "gd69-08-21d2t07.mp3",
          "bitrate": "175"
        },
        {
          "format": "Ogg Vorbis",
          "filename": "gd69-08-21d2t07.ogg"
        },
        {
          "format": "Shorten",
          "filename": "gd69-08-21d2t07.shn"
        }
      ]
    },
    {
      "track": "17",
      "title": "Casmic Charlie",
      "duration": 181.15,
      "formats": [
        {
          "format": "VBR MP3",
          "filename": "gd69-08-21d2t08.mp3",
          "bitrate": "174"
        },
        {
          "format": "Ogg Vorbis",
          "filename": "gd69-08-21d2t08.ogg"
        },
        {
          "format": "Shorten",
          "filename": "gd69-08-21d2t08.shn"
        }
      ]
    }
  ]
}