{
  "rating": 1.9166666666666667,
  "review_count": 6,
  "source_type": "UNKNOWN",
  "confidence": 1.0,
  "date": "1969-04-18",
  "venue": "Memorial Union Ballroom, Purdue U.",
  "location": "Lafayette, IN",
  "raw_rating": 3.8333333333333335,
  "high_ratings": 5,
  "low_ratings": 1,
  "tracks": [
    {
      "track": "1",
      "title": "Hard To Handle",
      "duration": 184.04,
      "formats": [
        {
          "format": "VBR MP3",
          "filename": "gd69-04-18d1t01.mp3",
          "bitrate": "180"
        },
        {
          "format": "Shorten",
          "filename": "gd69-04-18d1t01.shn"
        }
      ]
    },
    {
      "track": "2",
      "title": "Morning Dew",
      "duration": 428.32,
      "formats": [
        {
          "format": "VBR MP3",
          "filename": "gd69-04-18d1t02.mp3",
          "bitrate": "178"
        },
        {
          "format": "Shorten",
          "filename": "gd69-04-18d1t02.shn"
        }
      ]
    },
    {
      "track": "3",
      "title": "Cryptical Envelopment",
      "duration": 79.02,
      "formats": [
        {
          "format": "VBR MP3",
          "filename": "gd69-04-18d1t03.mp3",
          "bitrate": "178"
        },
        {
          "format": "Shorten",
          "filename": "gd69-04-18d1t03.shn"
        }
      ]
    },
    {
      "track": "4",
      "title": "Drums",
      "duration": 9.51,
      "formats": [
        {
          "format": "VBR MP3",
          "filename": "gd69-04-18d1t04.mp3",
          "bitrate": "182"
        },
        {
          "format": "Shorten",
          "filename": "gd69-04-18d1t04.shn"
        }
      ]
    },
    {
      "track": "5",
      "title": "The Other One",
      "duration": 341.2,
      "formats": [
        {
          "format": "VBR MP3",
          "filename": "gd69-04-18d1t05.mp3",
          "bitrate": "182"
        },
        {
          "format": "Shorten",
          "filename": "gd69-04-18d1t05.shn"
        }
      ]
    },
    {
      "track": "6",
      "title": "Cryptical Envelopment",
      "duration": 234.17,
      "formats": [
        {
          "format": "VBR MP3",
          "filename": "gd69-04-18d1t06.mp3",
          "bitrate": "179"
        },
        {
          "format": "Shorten",
          "filename": "gd69-04-18d1t06.shn"
        }
      ]
    },
    {
      "track": "7",
      "title": "Sittin' On Top Of The World",
      "duration": 102.8,
      "formats": [
        {
          "format": "VBR MP3",
          "filename": "gd69-04-18d1t07.mp3",
          "bitrate": "180"
        },
        {
          "format": "Shorten",
          "filename": "gd69-04-18d1t07.shn"
        }
      ]
    },
    {
      "track": "8",
      "title": "King Bee",
      "duration": 296.48,
      "formats": [
        {
          "format": "VBR MP3",
          "filename": "gd69-04-18d1t08.mp3",
          "bitrate": "177"
        },
        {
          "format": "Shorten",
          "filename": "gd69-04-18d1t08.shn"
        }
      ]
    },
    {
      "track": "9",
      "title": "Doin' That Rag",
      "duration": 255.03,
      "formats": [
        {
          "format": "VBR MP3",
          "filename": "gd69-04-18d1t09.mp3",
          "bitrate": "176"
        },
        {
          "format": "Shorten",
          "filename": "gd69-04-18d1t09.shn"
        }
      ]
    },
    {
      "track": "10",
      "title": "Turn On Yout Lovelight",
      "duration": 958.55,
      "formats": [
        {
          "format": "VBR MP3",
          "filename": "gd69-04-18d2t01.mp3",
          "bitrate": "183"
        },
        {
          "format": "Shorten",
          "filename": "gd69-04-18d2t01.shn"
        }
      ]
    },
    {
      "track": "11",
      "title": "Cosmic Charlie",
      "duration": 259.94,
      "formats": [
        {
          "format": "VBR MP3",
          "filename": "gd69-04-18d2t02.mp3",
          "bitrate": "178"
        },
        {
          "format": "Shorten",
          "filename": "gd69-04-18d2t02.shn"
        }
      ]
    },
    {
      "track": "12",
      "title": "Beat It On Down The Line",
      "duration": 117.14,
      "formats": [
        {
          "format": "VBR MP3",
          "filename": "gd69-04-18d2t03.mp3",
          "bitrate": "174"
        },
        {
          "format": "Shorten",
          "filename": "gd69-04-18d2t03.shn"
        }
      ]
    }
  ]
}