{
  "rating": 2.1578947368421053,
  "review_count": 19,
  "source_type": "UNKNOWN",
  "confidence": 1.0,
  "date": "1969-02-15",
  "venue": "Electric Factory",
  "location": "Philadelphia, PA",
  "raw_rating": 4.315789473684211,
  "high_ratings": 17,
  "low_ratings": 0,
  "tracks": [
    {
      "track": "1",
      "title": "Doin' That Rag",
      "duration": 237.48,
      "formats": [
        {
          "format": "VBR MP3",
          "filename": "gd69-02-15d1t01.mp3",
          "bitrate": "175"
        },
        {
          "format": "Shorten",
          "filename": "gd69-02-15d1t01.shn"
        }
      ]
    },
    {
      "track": "2",
      "title": "Cryptical Envelopment",
      "duration": 61.98,
      "formats": [
        {
          "format": "VBR MP3",
          "filename": "gd69-02-15d1t02.mp3",
          "bitrate": "175"
        },
        {
          "format": "Shorten",
          "filename": "gd69-02-15d1t02.shn"
        }
      ]
    },
    {
      "track": "3",
      "title": "Drums",
      "duration": 6.1,
      "formats": [
        {
          "format": "VBR MP3",
          "filename": "gd69-02-15d1t03.mp3",
          "bitrate": "177"
        },
        {
          "format": "Shorten",
          "filename": "gd69-02-15d1t03.shn"
        }
      ]
    },
    {
      "track": "4",
      "title": "The Other One",
      "duration": 273.95,
      "formats": [
        {
          "format": "VBR MP3",
          "filename": "gd69-02-15d1t04.mp3",
          "bitrate": "179"
        },
        {
          "format": "Shorten",
          "filename": "gd69-02-15d1t04.shn"
        }
      ]
    },
    {
      "track": "5",
      "title": "Cryptical Envelopment",
      "duration": 329.15,
      "formats": [
        {
          "format": "VBR MP3",
          "filename": "gd69-02-15d1t05.mp3",
          "bitrate": "176"
        },
        {
          "format": "Shorten",
          "filename": "gd69-02-15d1t05.shn"
        }
      ]
    },
    {
      "track": "6",
      "title": "Morning Dew",
      "duration": 336.89,
      "formats": [
        {
          "format": "VBR MP3",
          "filename": "gd69-02-15d1t06.mp3",
          "bitrate": "176"
        },
        {
          "format": "Shorten",
          "filename": "gd69-02-15d1t06.shn"
        }
      ]
    },
    {
      "track": "7",
      "title": "Turn on Your Lovelight",
      "duration": 574.85,
      "formats": [
        {
          "format": "VBR MP3",
          "filename": "gd69-02-15d1t07.mp3",
          "bitrate": "178"
        },
        {
          "format": "Shorten",
          "filename": "gd69-02-15d1t07.shn"
        }
      ]
    },
    {
      "track": "8",
      "title": "Tuning",
      "duration": 11.86,
      "formats": [
        {
          "format": "VBR MP3",
          "filename": "gd69-02-15d2t01.mp3",
          "bitrate": "180"
        },
        {
          "format": "Shorten",
          "filename": "gd69-02-15d2t01.shn"
        }
      ]
    },
    {
      "track": "9",
      "title": "Dupree's Diamond Blues",
      "duration": 137.28,
      "formats": [
        {
          "format": "VBR MP3",
          "filename": "gd69-02-15d2t02.mp3",
          "bitrate": "177"
        },
        {
          "format": "Shorten",
          "filename": "gd69-02-15d2t02.shn"
        }
      ]
    },
    {
      "track": "10",
      "title": "Mountains of the Moon",
      "duration": 159.94,
      "formats": [
        {
          "format": "VBR MP3",
          "filename": "gd69-02-15d2t03.mp3",
          "bitrate": "173"
        },
        {
          "format": "Shorten",
          "filename": "gd69-02-15d2t03.shn"
        }
      ]
    },
    {
      "track": "11",
      "title": "Dark Star",
      "duration": 730.21,
      "formats": [
        {
          "format": "VBR MP3",
          "filename": "gd69-02-15d2t04.mp3",
          "bitrate": "178"
        },
        {
          "format": "Shorten",
          "filename": "gd69-02-15d2t04.shn"
        }
      ]
    },
    {
      "track": "12",
      "title": "Saint Stephen",
      "duration": 251.32,
      "formats": [
        {
          "format": "VBR MP3",
          "filename": "gd69-02-15d2t05.mp3",
          "bitrate": "179"
        },
        {
          "format": "Shorten",
          "filename": "gd69-02-15d2t05.shn"
        }
      ]
    },
    {
      "track": "13",
      "title": "The Eleven",
      "duration": 248.48,
      "formats": [
        {
          "format": "VBR MP3",
          "filename": "gd69-02-15d2t06.mp3",
          "bitrate": "181"
        },
        {
          "format": "Shorten",
          "filename": "gd69-02-15d2t06.shn"
        }
      ]
    },
    {
      "track": "14",
      "title": "Death Don't Have No Mercy",
      "duration": 218.24,
      "formats": [
        {
          "format": "VBR MP3",
          "filename": "gd69-02-15d2t07.mp3",
          "bitrate": "175"
        },
        {
          "format": "Shorten",
          "filename": "gd69-02-15d2t07.shn"
        }
      ]
    },
    {
      "track": "15",
      "title": "Cosmic Charlie",
      "duration": 203.88,
      "formats": [
        {
          "format": "VBR MP3",
          "filename": "gd69-02-15d2t08.mp3",
          "bitrate": "174"
        },
        {
          "format": "Shorten",
          "filename": "gd69-02-15d2t08.shn"
        }
      ]
    },
    {
      "track": "16",
      "title": "Alligator",
      "duration": 134.13,
      "formats": [
        {
          "format": "VBR MP3",
          "filename": "gd69-02-15d3t01.mp3",
          "bitrate": "178"
        },
        {
          "format": "Shorten",
          "filename": "gd69-02-15d3t01.shn"
        }
      ]
    },
    {
      "track": "17",
      "title": "Drums",
      "duration": 122.23,
      "formats": [
        {
          "format": "VBR MP3",
          "filename": "gd69-02-15d3t02.mp3",
          "bitrate": "181"
        },
        {
          "format": "Shorten",
          "filename": "gd69-02-15d3t02.shn"
        }
      ]
    },
    {
      "track": "18",
      "title": "Alligator",
      "duration": 465.86,
      "formats": [
        {
          "format": "VBR MP3",
          "filename": "gd69-02-15d3t03.mp3",
          "bitrate": "179"
        },
        {
          "format": "Shorten",
          "filename": "gd69-02-15d3t03.shn"
        }
      ]
    },
    {
      "track": "19",
      "title": "Caution (Do Not Step on Tracks)",
      "duration": 472.48,
      "formats": [
        {
          "format": "VBR MP3",
          "filename": "gd69-02-15d3t04.mp3",
          "bitrate": "177"
        },
        {
          "format": "Shorten",
          "filename": "gd69-02-15d3t04.shn"
        }
      ]
    },
    {
      "track": "20",
      "title": "Feedback",
      "duration": 231.1,
      "formats": [
        {
          "format": "VBR MP3",
          "filename": "gd69-02-15d3t05.mp3",
          "bitrate": "174"
        },
        {
          "format": "Shorten",
          "filename": "gd69-02-15d3t05.shn"
        }
      ]
    },
    {
      "track": "21",
      "title": "We Bid You Goodnight",
      "duration": 132.26,
      "formats": [
        {
          "format": "VBR MP3",
          "filename": "gd69-02-15d3t06.mp3",
          "bitrate": "174"
        },
        {
          "format": "Shorten",
          "filename": "gd69-02-15d3t06.shn"
        }
      ]
    }
  ]
}