{
  "rating": 2.21875,
  "review_count": 16,
  "source_type": "UNKNOWN",
  "confidence": 1.0,
  "date": "1969-04-06",
  "venue": "Avalon Ballroom",
  "location": "San Francisco, CA",
  "raw_rating": 4.4375,
  "high_ratings": 15,
  "low_ratings": 0,
  "tracks": [
    {
      "track": "1",
      "title": "Good Morning, Little Schoolgirl",
      "duration": 202.1,
      "formats": [
        {
          "format": "VBR MP3",
          "filename": "gd69-04-06d1t01.mp3",
          "bitrate": "163"
        },
        {
          "format": "Shorten",
          "filename": "gd69-04-06d1t01.shn"
        }
      ]
    },
    {
      "track": "2",
      "title": "Tuning",
      "duration": 59.41,
      "formats": [
        {
          "format": "VBR MP3",
          "filename": "gd69-04-06d1t02.mp3",
          "bitrate": "167"
        },
        {
          "format": "Shorten",
          "filename": "gd69-04-06d1t02.shn"
        }
      ]
    },
    {
      "track": "3",
      "title": "Beat It On Down The Line",
      "duration": 124.64,
      "formats": [
        {
          "format": "VBR MP3",
          "filename": "gd69-04-06d1t03.mp3",
          "bitrate": "166"
        },
        {
          "format": "Shorten",
          "filename": "gd69-04-06d1t03.shn"
        }
      ]
    },
    {
      "track": "4",
      "title": "It's All Over Now, Baby Blue",
      "duration": 262.12,
      "formats": [
        {
          "format": "VBR MP3",
          "filename": "gd69-04-06d1t04.mp3",
          "bitrate": "165"
        },
        {
          "format": "Shorten",
          "filename": "gd69-04-06d1t04.shn"
        }
      ]
    },
    {
      "track": "5",
      "title": "King Bee",
      "duration": 250.4,
      "formats": [
        {
          "format": "VBR MP3",
          "filename": "gd69-04-06d1t05.mp3",
          "bitrate": "167"
        },
        {
          "format": "Shorten",
          "filename": "gd69-04-06d1t05.shn"
        }
      ]
    },
    {
      "track": "6",
      "title": "Cryptical Envelopment",
      "duration": 77.39,
      "formats": [
        {
          "format": "VBR MP3",
          "filename": "gd69-04-06d1t06.mp3",
          "bitrate": "178"
        },
        {
          "format": "Shorten",
          "filename": "gd69-04-06d1t06.shn"
        }
      ]
    },
    {
      "track": "7",
      "title": "Drums",
      "duration": 11.03,
      "formats": [
        {
          "format": "VBR MP3",
          "filename": "gd69-04-06d1t07.mp3",
          "bitrate": "179"
        },
        {
          "format": "Shorten",
          "filename": "gd69-04-06d1t07.shn"
        }
      ]
    },
    {
      "track": "8",
      "title": "The Other One",
      "duration": 473.57,
      "formats": [
        {
          "format": "VBR MP3",
          "filename": "gd69-04-06d1t08.mp3",
          "bitrate": "176"
        },
        {
          "format": "Shorten",
          "filename": "gd69-04-06d1t08.shn"
        }
      ]
    },
    {
      "track": "9",
      "title": "Cryptical Envelopment",
      "duration": 434.28,
      "formats": [
        {
          "format": "VBR MP3",
          "filename": "gd69-04-06d1t09.mp3",
          "bitrate": "172"
        },
        {
          "format": "Shorten",
          "filename": "gd69-04-06d1t09.shn"
        }
      ]
    },
    {
      "track": "10",
      "title": "Death Don't Have No Mercy",
      "duration": 451.42,
      "formats": [
        {
          "format": "VBR MP3",
          "filename": "gd69-04-06d1t10.mp3",
          "bitrate": "170"
        },
        {
          "format": "Shorten",
          "filename": "gd69-04-06d1t10.shn"
        }
      ]
    },
    {
      "track": "11",
      "title": "Turn On Your Lovelight",
      "duration": 1022.35,
      "formats": [
        {
          "format": "VBR MP3",
          "filename": "gd69-04-06d2t01.mp3",
          "bitrate": "170"
        },
        {
          "format": "Shorten",
          "filename": "gd69-04-06d2t01.shn"
        }
      ]
    },
    {
      "track": "12",
      "title": "Tuning",
      "duration": 72.79,
      "formats": [
        {
          "format": "VBR MP3",
          "filename": "gd69-04-06d2t02.mp3",
          "bitrate": "167"
        },
        {
          "format": "Shorten",
          "filename": "gd69-04-06d2t02.shn"
        }
      ]
    },
    {
      "track": "13",
      "title": "Viola Lee Blues",
      "duration": 569.63,
      "formats": [
        {
          "format": "VBR MP3",
          "filename": "gd69-04-06d2t03.mp3",
          "bitrate": "169"
        },
        {
          "format": "Shorten",
          "filename": "gd69-04-06d2t03.shn"
        }
      ]
    }
  ]
}