{
  "rating": 2.306451612903226,
  "review_count": 31,
  "source_type": "UNKNOWN",
  "confidence": 1.0,
  "date": "1969-04-21",
  "venue": "The Ark",
  "location": "Boston, MA",
  "raw_rating": 4.612903225806452,
  "high_ratings": 29,
  "low_ratings": 1,
  "tracks": [
    {
      "track": "1",
      "title": "Introduction",
      "duration": 54.52,
      "formats": [
        {
          "format": "VBR MP3",
          "filename": "gd69-04-21Berthad1t01.mp3",
          "bitrate": "187"
        },
        {
          "format": "Shorten",
          "filename": "gd69-04-21Berthad1t01.shn"
        }
      ]
    },
    {
      "track": "2",
      "title": "Hard to Handle",
      "duration": 189.02,
      "formats": [
        {
          "format": "VBR MP3",
          "filename": "gd69-04-21Berthad1t02.mp3",
          "bitrate": "182"
        },
        {
          "format": "Shorten",
          "filename": "gd69-04-21Berthad1t02.shn"
        }
      ]
    },
    {
      "track": "3",
      "title": "Morning Dew",
      "duration": 304.06,
      "formats": [
        {
          "format": "VBR MP3",
          "filename": "gd69-04-21Berthad1t03.mp3",
          "bitrate": "179"
        },
        {
          "format": "Shorten",
          "filename": "gd69-04-21Berthad1t03.shn"
        }
      ]
    },
    {
      "track": "4",
      "title": "Cryptical Envelopment",
      "duration": 71.36,
      "formats": [
        {
          "format": "VBR MP3",
          "filename": "gd69-04-21Berthad1t04.mp3",
          "bitrate": "179"
        },
        {
          "format": "Shorten",
          "filename": "gd69-04-21Berthad1t04.shn"
        }
      ]
    },
    {
      "track": "5",
      "title": "Drums",
      "duration": 19.7,
      "formats": [
        {
          "format": "VBR MP3",
          "filename": "gd69-04-21Berthad1t05.mp3",
          "bitrate": "179"
        },
        {
          "format": "Shorten",
          "filename": "gd69-04-21Berthad1t05.shn"
        }
      ]
    },
    {
      "track": "6",
      "title": "The Other One",
      "duration": 328.55,
      "formats": [
        {
          "format": "VBR MP3",
          "filename": "gd69-04-21Berthad1t06.mp3",
          "bitrate": "184"
        },
        {
          "format": "Shorten",
          "filename": "gd69-04-21Berthad1t06.shn"
        }
      ]
    },
    {
      "track": "7",
      "title": "Cryptical Envelopment",
      "duration": 94.12,
      "formats": [
        {
          "format": "VBR MP3",
          "filename": "gd69-04-21Berthad1t07.mp3",
          "bitrate": "183"
        },
        {
          "format": "Shorten",
          "filename": "gd69-04-21Berthad1t07.shn"
        }
      ]
    },
    {
      "track": "8",
      "title": "Sitting on Top of the World",
      "duration": 122.95,
      "formats": [
        {
          "format": "VBR MP3",
          "filename": "gd69-04-21Berthad1t08.mp3",
          "bitrate": "181"
        },
        {
          "format": "Shorten",
          "filename": "gd69-04-21Berthad1t08.shn"
        }
      ]
    },
    {
      "track": "9",
      "title": "Alligator",
      "duration": 141.7,
      "formats": [
        {
          "format": "VBR MP3",
          "filename": "gd69-04-21Berthad1t09.mp3",
          "bitrate": "183"
        },
        {
          "format": "Shorten",
          "filename": "gd69-04-21Berthad1t09.shn"
        }
      ]
    },
    {
      "track": "10",
      "title": "Drums",
      "duration": 119.52,
      "formats": [
        {
          "format": "VBR MP3",
          "filename": "gd69-04-21Berthad1t10.mp3",
          "bitrate": "186"
        },
        {
          "format": "Shorten",
          "filename": "gd69-04-21Berthad1t10.shn"
        }
      ]
    },
    {
      "track": "11",
      "title": "Jam",
      "duration": 263.41,
      "formats": [
        {
          "format": "VBR MP3",
          "filename": "gd69-04-21Berthad1t11.mp3",
          "bitrate": "183"
        },
        {
          "format": "Shorten",
          "filename": "gd69-04-21Berthad1t11.shn"
        }
      ]
    },
    {
      "track": "12",
      "title": "Doin' That Rag",
      "duration": 231.77,
      "formats": [
        {
          "format": "VBR MP3",
          "filename": "gd69-04-21Berthad1t12.mp3",
          "bitrate": "178"
        },
        {
          "format": "Shorten",
          "filename": "gd69-04-21Berthad1t12.shn"
        }
      ]
    },
    {
      "track": "13",
      "title": "Foxy Lady Jam",
      "duration": 92.73,
      "formats": [
        {
          "format": "VBR MP3",
          "filename": "gd69-04-21Berthad2t01.mp3",
          "bitrate": "178"
        },
        {
          "format": "Shorten",
          "filename": "gd69-04-21Berthad2t01.shn"
        }
      ]
    },
    {
      "track": "14",
      "title": "Dark Star",
      "duration": 697.17,
      "formats": [
        {
          "format": "VBR MP3",
          "filename": "gd69-04-21Berthad2t02.mp3",
          "bitrate": "182"
        },
        {
          "format": "Shorten",
          "filename": "gd69-04-21Berthad2t02.shn"
        }
      ]
    },
    {
      "track": "15",
      "title": "Saint Stephen",
      "duration": 240.8,
      "formats": [
        {
          "format": "VBR MP3",
          "filename": "gd69-04-21Berthad2t03.mp3",
          "bitrate": "182"
        },
        {
          "format": "Shorten",
          "filename": "gd69-04-21Berthad2t03.shn"
        }
      ]
    },
    {
      "track": "16",
      "title": "The Eleven",
      "duration": 408.79,
      "formats": [
        {
          "format": "VBR MP3",
          "filename": "gd69-04-21Berthad2t04.mp3",
          "bitrate": "185"
        },
        {
          "format": "Shorten",
          "filename": "gd69-04-21Berthad2t04.shn"
        }
      ]
    },
    {
      "track": "17",
      "title": "Turn On Your Lovelight",
      "duration": 903.43,
      "formats": [
        {
          "format": "VBR MP3",
          "filename": "gd69-04-21Berthad2t05.mp3",
          "bitrate": "183"
        },
        {
          "format": "Shorten",
          "filename": "gd69-04-21Berthad2t05.shn"
        }
      ]
    },
    {
      "track": "18",
      "title": "Tuning",
      "duration": 68.07,
      "formats": [
        {
          "format": "VBR MP3",
          "filename": "gd69-04-21Berthad3t01.mp3",
          "bitrate": "179"
        },
        {
          "format": "Shorten",
          "filename": "gd69-04-21Berthad3t01.shn"
        }
      ]
    },
    {
      "track": "19",
      "title": "Viola Lee Blues",
      "duration": 510.86,
      "formats": [
        {
          "format": "VBR MP3",
          "filename": "gd69-04-21Berthad3t02.mp3",
          "bitrate": "182"
        },
        {
          "format": "Shorten",
          "filename": "gd69-04-21Berthad3t02.shn"
        }
      ]
    },
    {
      "track": "20",
      "title": "Feedback",
      "duration": 186.47,
      "formats": [
        {
          "format": "VBR MP3",
          "filename": "gd69-04-21Berthad3t03.mp3",
          "bitrate": "180"
        },
        {
          "format": "Shorten",
          "filename": "gd69-04-21Berthad3t03.shn"
        }
      ]
    }
  ]
}