{
  "rating": 1.6666666666666667,
  "review_count": 9,
  "source_type": "UNKNOWN",
  "confidence": 1.0,
  "date": "1969-07-05",
  "venue": "Electric Theater",
  "location": "Chicago, IL",
  "raw_rating": 3.3333333333333335,
  "high_ratings": 4,
  "low_ratings": 2,
  "tracks": [
    {
      "track": "1",
      "title": "Morning Dew",
      "duration": 349.53,
      "formats": [
        {
          "format": "VBR MP3",
          "filename": "gd69-07-05d1t01.mp3",
          "bitrate": "175"
        },
        {
          "format": "Shorten",
          "filename": "gd69-07-05d1t01.shn"
        }
      ]
    },
    {
      "track": "2",
      "title": "Dark Star",
      "duration": 625.06,
      "formats": [
        {
          "format": "VBR MP3",
          "filename": "gd69-07-05d1t02.mp3",
          "bitrate": "176"
        },
        {
          "format": "Shorten",
          "filename": "gd69-07-05d1t02.shn"
        }
      ]
    },
    {
      "track": "3",
      "title": "Saint Stephen",
      "duration": 242.44,
      "formats": [
        {
          "format": "VBR MP3",
          "filename": "gd69-07-05d1t03.mp3",
          "bitrate": "176"
        },
        {
          "format": "Shorten",
          "filename": "gd69-07-05d1t03.shn"
        }
      ]
    },
    {
      "track": "4",
      "title": "The Eleven",
      "duration": 364.65,
      "formats": [
        {
          "format": "VBR MP3",
          "filename": "gd69-07-05d1t04.mp3",
          "bitrate": "175"
        },
        {
          "format": "Shorten",
          "filename": "gd69-07-05d1t04.shn"
        }
      ]
    },
    {
      "track": "5",
      "title": "It's All Over Now, Baby Blue",
      "duration": 296.86,
      "formats": [
        {
          "format": "VBR MP3",
          "filename": "gd69-07-05d1t05.mp3",
          "bitrate": "178"
        },
        {
          "format": "Shorten",
          "filename": "gd69-07-05d1t05.shn"
        }
      ]
    },
    {
      "track": "6",
      "title": "China Cat Sunflower",
      "duration": 191.88,
      "formats": [
        {
          "format": "VBR MP3",
          "filename": "gd69-07-05d2t01.mp3",
          "bitrate": "177"
        },
        {
          "format": "Shorten",
          "filename": "gd69-07-05d2t01.shn"
        }
      ]
    },
    {
      "track": "7",
      "title": "High Time",
      "duration": 218.87,
      "formats": [
        {
          "format": "VBR MP3",
          "filename": "gd69-07-05d2t02.mp3",
          "bitrate": "176"
        },
        {
          "format": "Shorten",
          "filename": "gd69-07-05d2t02.shn"
        }
      ]
    },
    {
      "track": "8",
      "title": "Mama Tried",
      "duration": 147.66,
      "formats": [
        {
          "format": "VBR MP3",
          "filename": "gd69-07-05d2t03.mp3",
          "bitrate": "177"
        },
        {
          "format": "Shorten",
          "filename": "gd69-07-05d2t03.shn"
        }
      ]
    },
    {
      "track": "9",
      "title": "Hard to Handle",
      "duration": 208.13,
      "formats": [
        {
          "format": "VBR MP3",
          "filename": "gd69-07-05d2t04.mp3",
          "bitrate": "177"
        },
        {
          "format": "Shorten",
          "filename": "gd69-07-05d2t04.shn"
        }
      ]
    },
    {
      "track": "10",
      "title": "Casey Jones",
      "duration": 169.69,
      "formats": [
        {
          "format": "VBR MP3",
          "filename": "gd69-07-05d2t05.mp3",
          "bitrate": "178"
        },
        {
          "format": "Shorten",
          "filename": "gd69-07-05d2t05.shn"
        }
      ]
    },
    {
      "track": "11",
      "title": "Turn on Your Lovelight",
      "duration": 1121.69,
      "formats": [
        {
          "format": "VBR MP3",
          "filename": "gd69-07-05d2t06.mp3",
          "bitrate": "180"
        },
        {
          "format": "Shorten",
          "filename": "gd69-07-05d2t06.shn"
        }
      ]
    }
  ]
}