{
  "rating": 2.269230769230769,
  "review_count": 13,
  "source_type": "UNKNOWN",
  "confidence": 1.0,
  "date": "1969-05-07",
  "venue": "Polo Field, Golden Gate Park",
  "location": "San Francisco, CA",
  "raw_rating": 4.538461538461538,
  "high_ratings": 13,
  "low_ratings": 0,
  "tracks": [
    {
      "track": "1",
      "title": "Me and My Uncle",
      "duration": 183.22,
      "formats": [
        {
          "format": "VBR MP3",
          "filename": "gd69-05-07d1t01.mp3",
          "bitrate": "182"
        },
        {
          "format": "Shorten",
          "filename": "gd69-05-07d1t01.shn"
        }
      ]
    },
    {
      "track": "2",
      "title": "Tuning",
      "duration": 106.32,
      "formats": [
        {
          "format": "VBR MP3",
          "filename": "gd69-05-07d1t02.mp3",
          "bitrate": "176"
        },
        {
          "format": "Shorten",
          "filename": "gd69-05-07d1t02.shn"
        }
      ]
    },
    {
      "track": "3",
      "title": "Instrumental",
      "duration": 105.15,
      "formats": [
        {
          "format": "VBR MP3",
          "filename": "gd69-05-07d1t03.mp3",
          "bitrate": "177"
        },
        {
          "format": "Shorten",
          "filename": "gd69-05-07d1t03.shn"
        }
      ]
    },
    {
      "track": "4",
      "title": "The Other One",
      "duration": 326.49,
      "formats": [
        {
          "format": "VBR MP3",
          "filename": "gd69-05-07d1t04.mp3",
          "bitrate": "183"
        },
        {
          "format": "Shorten",
          "filename": "gd69-05-07d1t04.shn"
        }
      ]
    },
    {
      "track": "5",
      "title": "Smokestack Lightning",
      "duration": 114.36,
      "formats": [
        {
          "format": "VBR MP3",
          "filename": "gd69-05-07d1t05.mp3",
          "bitrate": "178"
        },
        {
          "format": "Shorten",
          "filename": "gd69-05-07d1t05.shn"
        }
      ]
    },
    {
      "track": "6",
      "title": "Good Lovin'",
      "duration": 220.31,
      "formats": [
        {
          "format": "VBR MP3",
          "filename": "gd69-05-07d1t06.mp3",
          "bitrate": "186"
        },
        {
          "format": "Shorten",
          "filename": "gd69-05-07d1t06.shn"
        }
      ]
    },
    {
      "track": "7",
      "title": "Tuning",
      "duration": 71.19,
      "formats": [
        {
          "format": "VBR MP3",
          "filename": "gd69-05-07d2t01.mp3",
          "bitrate": "176"
        },
        {
          "format": "Shorten",
          "filename": "gd69-05-07d2t01.shn"
        }
      ]
    },
    {
      "track": "8",
      "title": "Dark Star",
      "duration": 679.18,
      "formats": [
        {
          "format": "VBR MP3",
          "filename": "gd69-05-07d2t02.mp3",
          "bitrate": "181"
        },
        {
          "format": "Shorten",
          "filename": "gd69-05-07d2t02.shn"
        }
      ]
    },
    {
      "track": "9",
      "title": "Drums",
      "duration": 152.84,
      "formats": [
        {
          "format": "VBR MP3",
          "filename": "gd69-05-07d2t03.mp3",
          "bitrate": "185"
        },
        {
          "format": "Shorten",
          "filename": "gd69-05-07d2t03.shn"
        }
      ]
    },
    {
      "track": "10",
      "title": "Turn on Your Lovelight",
      "duration": 906.11,
      "formats": [
        {
          "format": "VBR MP3",
          "filename": "gd69-05-07d2t04.mp3",
          "bitrate": "181"
        },
        {
          "format": "Shorten",
          "filename": "gd69-05-07d2t04.shn"
        }
      ]
    }
  ]
}