{
  "rating": 2.225806451612903,
  "review_count": 31,
  "source_type": "UNKNOWN",
  "confidence": 1.0,
  "date": "1969-06-07",
  "venue": "Fillmore West",
  "location": "San Francisco, CA",
  "raw_rating": 4.451612903225806,
  "high_ratings": 25,
  "low_ratings": 1,
  "tracks": [
    {
      "track": "1",
      "title": "Dire Wolf",
      "duration": 86.8,
      "formats": [
        {
          "format": "VBR MP3",
          "filename": "gd69-06-07d1t01.mp3",
          "bitrate": "175"
        },
        {
          "format": "Shorten",
          "filename": "gd69-06-07d1t01.shn"
        }
      ]
    },
    {
      "track": "2",
      "title": "Dupree's Diamond Blues",
      "duration": 137.55,
      "formats": [
        {
          "format": "VBR MP3",
          "filename": "gd69-06-07d1t02.mp3",
          "bitrate": "177"
        },
        {
          "format": "Shorten",
          "filename": "gd69-06-07d1t02.shn"
        }
      ]
    },
    {
      "track": "3",
      "title": "Mountains Of The Moon",
      "duration": 166.03,
      "formats": [
        {
          "format": "VBR MP3",
          "filename": "gd69-06-07d1t03.mp3",
          "bitrate": "174"
        },
        {
          "format": "Shorten",
          "filename": "gd69-06-07d1t03.shn"
        }
      ]
    },
    {
      "track": "4",
      "title": "Dark Star",
      "duration": 699.82,
      "formats": [
        {
          "format": "VBR MP3",
          "filename": "gd69-06-07d1t04.mp3",
          "bitrate": "179"
        },
        {
          "format": "Shorten",
          "filename": "gd69-06-07d1t04.shn"
        }
      ]
    },
    {
      "track": "5",
      "title": "Saint Stephen",
      "duration": 215.13,
      "formats": [
        {
          "format": "VBR MP3",
          "filename": "gd69-06-07d1t05.mp3",
          "bitrate": "179"
        },
        {
          "format": "Shorten",
          "filename": "gd69-06-07d1t05.shn"
        }
      ]
    },
    {
      "track": "6",
      "title": "The Eleven",
      "duration": 490.59,
      "formats": [
        {
          "format": "VBR MP3",
          "filename": "gd69-06-07d1t06.mp3",
          "bitrate": "180"
        },
        {
          "format": "Shorten",
          "filename": "gd69-06-07d1t06.shn"
        }
      ]
    },
    {
      "track": "7",
      "title": "Sitting On Top Of The World",
      "duration": 136.48,
      "formats": [
        {
          "format": "VBR MP3",
          "filename": "gd69-06-07d1t07.mp3",
          "bitrate": "189"
        },
        {
          "format": "Shorten",
          "filename": "gd69-06-07d1t07.shn"
        }
      ]
    },
    {
      "track": "8",
      "title": "Cold Rain and Snow",
      "duration": 113.99,
      "formats": [
        {
          "format": "VBR MP3",
          "filename": "gd69-06-07d1t08.mp3",
          "bitrate": "189"
        },
        {
          "format": "Shorten",
          "filename": "gd69-06-07d1t08.shn"
        }
      ]
    },
    {
      "track": "9",
      "title": "Doin' That Rag",
      "duration": 313.12,
      "formats": [
        {
          "format": "VBR MP3",
          "filename": "gd69-06-07d1t09.mp3",
          "bitrate": "186"
        },
        {
          "format": "Shorten",
          "filename": "gd69-06-07d1t09.shn"
        }
      ]
    },
    {
      "track": "10",
      "title": "Me and My Uncle",
      "duration": 141.91,
      "formats": [
        {
          "format": "VBR MP3",
          "filename": "gd69-06-07d2t01.mp3",
          "bitrate": "190"
        },
        {
          "format": "Shorten",
          "filename": "gd69-06-07d2t01.shn"
        }
      ]
    },
    {
      "track": "11",
      "title": "Turn on Your Lovelight",
      "duration": 667.8,
      "formats": [
        {
          "format": "VBR MP3",
          "filename": "gd69-06-07d2t02.mp3",
          "bitrate": "178"
        },
        {
          "format": "Shorten",
          "filename": "gd69-06-07d2t02.shn"
        }
      ]
    }
  ]
}