{
  "rating": 2.433333333333333,
  "review_count": 30,
  "source_type": "UNKNOWN",
  "confidence": 1.0,
  "date": "1969-02-12",
  "venue": "Fillmore East",
  "location": "New York City, NY",
  "raw_rating": 4.866666666666666,
  "high_ratings": 30,
  "low_ratings": 0,
  "tracks": [
    {
      "track": "1",
      "title": "Dark Star",
      "duration": 169.02,
      "formats": [
        {
          "format": "VBR MP3",
          "filename": "gd69-02-12t01.mp3",
          "bitrate": "176"
        },
        {
          "format": "Ogg Vorbis",
          "filename": "gd69-02-12t01.ogg"
        },
        {
          "format": "Shorten",
          "filename": "gd69-02-12t01.shn"
        }
      ]
    },
    {
      "track": "2",
      "title": "Saint Stephen",
      "duration": 204.2,
      "formats": [
        {
          "format": "VBR MP3",
          "filename": "gd69-02-12t02.mp3",
          "bitrate": "177"
        },
        {
          "format": "Ogg Vorbis",
          "filename": "gd69-02-12t02.ogg"
        },
        {
          "format": "Shorten",
          "filename": "gd69-02-12t02.shn"
        }
      ]
    },
    {
      "track": "3",
      "title": "William Tell > The Eleven",
      "duration": 563.83,
      "formats": [
        {
          "format": "VBR MP3",
          "filename": "gd69-02-12t03.mp3",
          "bitrate": "177"
        },
        {
          "format": "Ogg Vorbis",
          "filename": "gd69-02-12t03.ogg"
        },
        {
          "format": "Shorten",
          "filename": "gd69-02-12t03.shn"
        }
      ]
    },
    {
      "track": "4",
      "title": "Death Don't Have No Mercy",
      "duration": 267.87,
      "formats": [
        {
          "format": "VBR MP3",
          "filename": "gd69-02-12t04.mp3",
          "bitrate": "177"
        },
        {
          "format": "Ogg Vorbis",
          "filename": "gd69-02-12t04.ogg"
        },
        {
          "format": "Shorten",
          "filename": "gd69-02-12t04.shn"
        }
      ]
    },
    {
      "track": "5",
      "title": "Alligator",
      "duration": 139.61,
      "formats": [
        {
          "format": "VBR MP3",
          "filename": "gd69-02-12t05.mp3",
          "bitrate": "179"
        },
        {
          "format": "Ogg Vorbis",
          "filename": "gd69-02-12t05.ogg"
        },
        {
          "format": "Shorten",
          "filename": "gd69-02-12t05.shn"
        }
      ]
    },
    {
      "track": "6",
      "title": "Drums",
      "duration": 146.12,
      "formats": [
        {
          "format": "VBR MP3",
          "filename": "gd69-02-12t06.mp3",
          "bitrate": "185"
        },
        {
          "format": "Ogg Vorbis",
          "filename": "gd69-02-12t06.ogg"
        },
        {
          "format": "Shorten",
          "filename": "gd69-02-12t06.shn"
        }
      ]
    },
    {
      "track": "7",
      "title": "Drummers' Chant",
      "duration": 10.32,
      "formats": [
        {
          "format": "VBR MP3",
          "filename": "gd69-02-12t07.mp3",
          "bitrate": "183"
        },
        {
          "format": "Ogg Vorbis",
          "filename": "gd69-02-12t07.ogg"
        },
        {
          "format": "Shorten",
          "filename": "gd69-02-12t07.shn"
        }
      ]
    },
    {
      "track": "8",
      "title": "Alligator Jam",
      "duration": 222.89,
      "formats": [
        {
          "format": "VBR MP3",
          "filename": "gd69-02-12t08.mp3",
          "bitrate": "178"
        },
        {
          "format": "Ogg Vorbis",
          "filename": "gd69-02-12t08.ogg"
        },
        {
          "format": "Shorten",
          "filename": "gd69-02-12t08.shn"
        }
      ]
    },
    {
      "track": "9",
      "title": "Caution (Do Not Stop on Tracks)",
      "duration": 336.49,
      "formats": [
        {
          "format": "VBR MP3",
          "filename": "gd69-02-12t09.mp3",
          "bitrate": "179"
        },
        {
          "format": "Ogg Vorbis",
          "filename": "gd69-02-12t09.ogg"
        },
        {
          "format": "Shorten",
          "filename": "gd69-02-12t09.shn"
        }
      ]
    },
    {
      "track": "10",
      "title": "Feedback",
      "duration": 164.93,
      "formats": [
        {
          "format": "VBR MP3",
          "filename": "gd69-02-12t10.mp3",
          "bitrate": "175"
        },
        {
          "format": "Ogg Vorbis",
          "filename": "gd69-02-12t10.ogg"
        },
        {
          "format": "Shorten",
          "filename": "gd69-02-12t10.shn"
        }
      ]
    },
    {
      "track": "11",
      "title": "And We Bid You Goodnight",
      "duration": 144.76,
      "formats": [
        {
          "format": "VBR MP3",
          "filename": "gd69-02-12t11.mp3",
          "bitrate": "178"
        },
        {
          "format": "Ogg Vorbis",
          "filename": "gd69-02-12t11.ogg"
        },
        {
          "format": "Shorten",
          "filename": "gd69-02-12t11.shn"
        }
      ]
    }
  ]
}