{
  "rating": 2.25,
  "review_count": 24,
  "source_type": "UNKNOWN",
  "confidence": 1.0,
  "date": "1969-08-30",
  "venue": "Family Dog at the Great Highway",
  "location": "San Francisco, CA",
  "raw_rating": 4.5,
  "high_ratings": 21,
  "low_ratings": 2,
  "tracks": [
    {
      "track": "1",
      "title": "China Cat Sunflower",
      "duration": 338.1,
      "formats": [
        {
          "format": "VBR MP3",
          "filename": "gd69-08-30d1t01.mp3",
          "bitrate": "186"
        },
        {
          "format": "Shorten",
          "filename": "gd69-08-30d1t01.shn"
        }
      ]
    },
    {
      "track": "2",
      "title": "Doin' That Rag",
      "duration": 504.4,
      "formats": [
        {
          "format": "VBR MP3",
          "filename": "gd69-08-30d1t02.mp3",
          "bitrate": "182"
        },
        {
          "format": "Shorten",
          "filename": "gd69-08-30d1t02.shn"
        }
      ]
    },
    {
      "track": "3",
      "title": "Morning Dew",
      "duration": 659.2,
      "formats": [
        {
          "format": "VBR MP3",
          "filename": "gd69-08-30d1t03.mp3",
          "bitrate": "182"
        },
        {
          "format": "Shorten",
          "filename": "gd69-08-30d1t03.shn"
        }
      ]
    },
    {
      "track": "4",
      "title": "Easy Wind",
      "duration": 527.4,
      "formats": [
        {
          "format": "VBR MP3",
          "filename": "gd69-08-30d1t04.mp3",
          "bitrate": "181"
        },
        {
          "format": "Shorten",
          "filename": "gd69-08-30d1t04.shn"
        }
      ]
    },
    {
      "track": "5",
      "title": "Dark Star",
      "duration": 1736.3,
      "formats": [
        {
          "format": "VBR MP3",
          "filename": "gd69-08-30d2t01.mp3",
          "bitrate": "183"
        },
        {
          "format": "Shorten",
          "filename": "gd69-08-30d2t01.shn"
        }
      ]
    },
    {
      "track": "6",
      "title": "Saint Stephen",
      "duration": 385.5,
      "formats": [
        {
          "format": "VBR MP3",
          "filename": "gd69-08-30d2t02.mp3",
          "bitrate": "182"
        },
        {
          "format": "Shorten",
          "filename": "gd69-08-30d2t02.shn"
        }
      ]
    },
    {
      "track": "7",
      "title": "The Eleven",
      "duration": 395.4,
      "formats": [
        {
          "format": "VBR MP3",
          "filename": "gd69-08-30d2t03.mp3",
          "bitrate": "187"
        },
        {
          "format": "Shorten",
          "filename": "gd69-08-30d2t03.shn"
        }
      ]
    },
    {
      "track": "8",
      "title": "Drums",
      "duration": 314.1,
      "formats": [
        {
          "format": "VBR MP3",
          "filename": "gd69-08-30d2t04.mp3",
          "bitrate": "188"
        },
        {
          "format": "Shorten",
          "filename": "gd69-08-30d2t04.shn"
        }
      ]
    },
    {
      "track": "9",
      "title": "High Time",
      "duration": 401.6,
      "formats": [
        {
          "format": "VBR MP3",
          "filename": "gd69-08-30d2t05.mp3",
          "bitrate": "173"
        },
        {
          "format": "Shorten",
          "filename": "gd69-08-30d2t05.shn"
        }
      ]
    }
  ]
}