{
  "rating": 2.3333333333333335,
  "review_count": 24,
  "source_type": "UNKNOWN",
  "confidence": 1.0,
  "date": "1969-01-26",
  "venue": "Avalon Ballroom",
  "location": "San Francisco, CA",
  "raw_rating": 4.666666666666667,
  "high_ratings": 23,
  "low_ratings": 0,
  "tracks": [
    {
      "track": "1",
      "title": "Intro",
      "duration": 28.51,
      "formats": [
        {
          "format": "VBR MP3",
          "filename": "gd69-01-26t01-fixed.mp3",
          "bitrate": "175"
        },
        {
          "format": "Shorten",
          "filename": "gd69-01-26t01-fixed.shn"
        }
      ]
    },
    {
      "track": "2",
      "title": "Cryptical Envelopment",
      "duration": 68.03,
      "formats": [
        {
          "format": "VBR MP3",
          "filename": "gd69-01-26t02-fixed.mp3",
          "bitrate": "175"
        },
        {
          "format": "Shorten",
          "filename": "gd69-01-26t02-fixed.shn"
        }
      ]
    },
    {
      "track": "3",
      "title": "Drums > The Other One",
      "duration": 293.44,
      "formats": [
        {
          "format": "VBR MP3",
          "filename": "gd69-01-26t03-fixed.mp3",
          "bitrate": "181"
        },
        {
          "format": "Shorten",
          "filename": "gd69-01-26t03-fixed.shn"
        }
      ]
    },
    {
      "track": "4",
      "title": "Cryptical Envelopment",
      "duration": 210.33,
      "formats": [
        {
          "format": "VBR MP3",
          "filename": "gd69-01-26t04-fixed.mp3",
          "bitrate": "184"
        },
        {
          "format": "Shorten",
          "filename": "gd69-01-26t04-fixed.shn"
        }
      ]
    },
    {
      "track": "5",
      "title": "Clementine",
      "duration": 349.39,
      "formats": [
        {
          "format": "VBR MP3",
          "filename": "gd69-01-26t05-fixed.mp3",
          "bitrate": "183"
        },
        {
          "format": "Shorten",
          "filename": "gd69-01-26t05-fixed.shn"
        }
      ]
    },
    {
      "track": "6",
      "title": "Death Don't Have No Mercy",
      "duration": 314.2,
      "formats": [
        {
          "format": "VBR MP3",
          "filename": "gd69-01-26t06-fixed.mp3",
          "bitrate": "182"
        },
        {
          "format": "Shorten",
          "filename": "gd69-01-26t06-fixed.shn"
        }
      ]
    },
    {
      "track": "7",
      "title": "Dark Star",
      "duration": 316.14,
      "formats": [
        {
          "format": "VBR MP3",
          "filename": "gd69-01-26t07-fixed.mp3",
          "bitrate": "185"
        },
        {
          "format": "Shorten",
          "filename": "gd69-01-26t07-fixed.shn"
        }
      ]
    },
    {
      "track": "8",
      "title": "St Stephen",
      "duration": 191.7,
      "formats": [
        {
          "format": "VBR MP3",
          "filename": "gd69-01-26t08-fixed.mp3",
          "bitrate": "191"
        },
        {
          "format": "Shorten",
          "filename": "gd69-01-26t08-fixed.shn"
        }
      ]
    },
    {
      "track": "9",
      "title": "William Tell",
      "duration": 36.56,
      "formats": [
        {
          "format": "VBR MP3",
          "filename": "gd69-01-26t09-fixed.mp3",
          "bitrate": "191"
        },
        {
          "format": "Shorten",
          "filename": "gd69-01-26t09-fixed.shn"
        }
      ]
    },
    {
      "track": "10",
      "title": "The Eleven",
      "duration": 332.25,
      "formats": [
        {
          "format": "VBR MP3",
          "filename": "gd69-01-26t10-fixed.mp3",
          "bitrate": "192"
        },
        {
          "format": "Shorten",
          "filename": "gd69-01-26t10-fixed.shn"
        }
      ]
    },
    {
      "track": "11",
      "title": "Turn on Your Lovelight",
      "duration": 483.63,
      "formats": [
        {
          "format": "VBR MP3",
          "filename": "gd69-01-26t11-fixed.mp3",
          "bitrate": "185"
        },
        {
          "format": "Shorten",
          "filename": "gd69-01-26t11-fixed.shn"
        }
      ]
    }
  ]
}