{
  "rating": 3.2846153846153845,
  "review_count": 26,
  "source_type": "AUD",
  "confidence": 1.0,
  "date": "1969-02-05",
  "venue": "Soldiers & Sailors Memorial Auditorium",
  "location": "Kansas City, KS",
  "raw_rating": 4.6923076923076925,
  "high_ratings": 26,
  "low_ratings": 0,
  "tracks": [
    {
      "track": "1",
      "title": "Cryptical Envelopment",
      "duration": 64.14,
      "formats": [
        {
          "format": "VBR MP3",
          "filename": "gd69-02-05d1t01.mp3",
          "bitrate": "172"
        },
        {
          "format": "Shorten",
          "filename": "gd69-02-05d1t01.shn"
        }
      ]
    },
    {
      "track": "2",
      "title": "The Other One",
      "duration": 205.96,
      "formats": [
        {
          "format": "VBR MP3",
          "filename": "gd69-02-05d1t02.mp3",
          "bitrate": "175"
        },
        {
          "format": "Shorten",
          "filename": "gd69-02-05d1t02.shn"
        }
      ]
    },
    {
      "track": "3",
      "title": "Cryptical Envelopment",
      "duration": 180.03,
      "formats": [
        {
          "format": "VBR MP3",
          "filename": "gd69-02-05d1t03.mp3",
          "bitrate": "174"
        },
        {
          "format": "Shorten",
          "filename": "gd69-02-05d1t03.shn"
        }
      ]
    },
    {
      "track": "4",
      "title": "Dark Star",
      "duration": 373.62,
      "formats": [
        {
          "format": "VBR MP3",
          "filename": "gd69-02-05d1t04.mp3",
          "bitrate": "176"
        },
        {
          "format": "Shorten",
          "filename": "gd69-02-05d1t04.shn"
        }
      ]
    },
    {
      "track": "5",
      "title": "Saint Stephen",
      "duration": 197.67,
      "formats": [
        {
          "format": "VBR MP3",
          "filename": "gd69-02-05d1t05.mp3",
          "bitrate": "177"
        },
        {
          "format": "Shorten",
          "filename": "gd69-02-05d1t05.shn"
        }
      ]
    },
    {
      "track": "6",
      "title": "The Eleven",
      "duration": 330.22,
      "formats": [
        {
          "format": "VBR MP3",
          "filename": "gd69-02-05d1t06.mp3",
          "bitrate": "180"
        },
        {
          "format": "Shorten",
          "filename": "gd69-02-05d1t06.shn"
        }
      ]
    },
    {
      "track": "7",
      "title": "Caution (Do Not Step on Tracks)",
      "duration": 273.35,
      "formats": [
        {
          "format": "VBR MP3",
          "filename": "gd69-02-05d1t07.mp3",
          "bitrate": "180"
        },
        {
          "format": "Shorten",
          "filename": "gd69-02-05d1t07.shn"
        }
      ]
    },
    {
      "track": "8",
      "title": "Feedback",
      "duration": 130.12,
      "formats": [
        {
          "format": "VBR MP3",
          "filename": "gd69-02-05d1t08.mp3",
          "bitrate": "182"
        },
        {
          "format": "Shorten",
          "filename": "gd69-02-05d1t08.shn"
        }
      ]
    },
    {
      "track": "9",
      "title": "We Bid You Goodnight",
      "duration": 116.52,
      "formats": [
        {
          "format": "VBR MP3",
          "filename": "gd69-02-05d1t09.mp3",
          "bitrate": "163"
        },
        {
          "format": "Shorten",
          "filename": "gd69-02-05d1t09.shn"
        }
      ]
    }
  ]
}