{
  "rating": 1.8,
  "review_count": 5,
  "source_type": "UNKNOWN",
  "confidence": 1.0,
  "date": "1969-05-29",
  "venue": "Robertson Gym, U.C.S.B.",
  "location": "Santa Barbara, CA",
  "raw_rating": 3.6,
  "high_ratings": 2,
  "low_ratings": 0,
  "tracks": [
    {
      "track": "1",
      "title": "Morning Dew",
      "duration": 400.82,
      "formats": [
        {
          "format": "VBR MP3",
          "filename": "gd69-05-29t01.mp3",
          "bitrate": "205"
        },
        {
          "format": "Shorten",
          "filename": "gd69-05-29t01.shn"
        }
      ]
    },
    {
      "track": "2",
      "title": "Cryptical Envelopment",
      "duration": 77.15,
      "formats": [
        {
          "format": "VBR MP3",
          "filename": "gd69-05-29t02.mp3",
          "bitrate": "205"
        },
        {
          "format": "Shorten",
          "filename": "gd69-05-29t02.shn"
        }
      ]
    },
    {
      "track": "3",
      "title": "Drums > The Other One",
      "duration": 390.39,
      "formats": [
        {
          "format": "VBR MP3",
          "filename": "gd69-05-29t03.mp3",
          "bitrate": "209"
        },
        {
          "format": "Shorten",
          "filename": "gd69-05-29t03.shn"
        }
      ]
    },
    {
      "track": "4",
      "title": "Cryptical Envelopment",
      "duration": 331.08,
      "formats": [
        {
          "format": "VBR MP3",
          "filename": "gd69-05-29t04.mp3",
          "bitrate": "206"
        },
        {
          "format": "Shorten",
          "filename": "gd69-05-29t04.shn"
        }
      ]
    },
    {
      "track": "5",
      "title": "Good Morning Little Schoolgirl",
      "duration": 362.66,
      "formats": [
        {
          "format": "VBR MP3",
          "filename": "gd69-05-29t05.mp3",
          "bitrate": "207"
        },
        {
          "format": "Shorten",
          "filename": "gd69-05-29t05.shn"
        }
      ]
    },
    {
      "track": "6",
      "title": "Me And My Uncle",
      "duration": 125.78,
      "formats": [
        {
          "format": "VBR MP3",
          "filename": "gd69-05-29t06.mp3",
          "bitrate": "206"
        },
        {
          "format": "Shorten",
          "filename": "gd69-05-29t06.shn"
        }
      ]
    },
    {
      "track": "7",
      "title": "Alligator",
      "duration": 109.46,
      "formats": [
        {
          "format": "VBR MP3",
          "filename": "gd69-05-29t07.mp3",
          "bitrate": "183"
        },
        {
          "format": "Shorten",
          "filename": "gd69-05-29t07.shn"
        }
      ]
    },
    {
      "track": "8",
      "title": "Drums",
      "duration": 53.47,
      "formats": [
        {
          "format": "VBR MP3",
          "filename": "gd69-05-29t08.mp3",
          "bitrate": "192"
        },
        {
          "format": "Shorten",
          "filename": "gd69-05-29t08.shn"
        }
      ]
    },
    {
      "track": "9",
      "title": "Jam",
      "duration": 72.14,
      "formats": [
        {
          "format": "VBR MP3",
          "filename": "gd69-05-29t09.mp3",
          "bitrate": "183"
        },
        {
          "format": "Shorten",
          "filename": "gd69-05-29t09.shn"
        }
      ]
    },
    {
      "track": "10",
      "title": "Drums",
      "duration": 15.13,
      "formats": [
        {
          "format": "VBR MP3",
          "filename": "gd69-05-29t10.mp3",
          "bitrate": "183"
        },
        {
          "format": "Shorten",
          "filename": "gd69-05-29t10.shn"
        }
      ]
    },
    {
      "track": "11",
      "title": "Jam",
      "duration": 84.85,
      "formats": [
        {
          "format": "VBR MP3",
          "filename": "gd69-05-29t11.mp3",
          "bitrate": "184"
        },
        {
          "format": "Shorten",
          "filename": "gd69-05-29t11.shn"
        }
      ]
    },
    {
      "track": "12",
      "title": "Drums",
      "duration": 124.12,
      "formats": [
        {
          "format": "VBR MP3",
          "filename": "gd69-05-29t12.mp3",
          "bitrate": "187"
        },
        {
          "format": "Shorten",
          "filename": "gd69-05-29t12.shn"
        }
      ]
    },
    {
      "track": "13",
      "title": "Turn On Your Lovelight",
      "duration": 601.6,
      "formats": [
        {
          "format": "VBR MP3",
          "filename": "gd69-05-29t13.mp3",
          "bitrate": "191"
        },
        {
          "format": "Shorten",
          "filename": "gd69-05-29t13.shn"
        }
      ]
    }
  ]
}