{
  "rating": 1.625,
  "review_count": 8,
  "source_type": "UNKNOWN",
  "confidence": 1.0,
  "date": "1969-07-04",
  "venue": "Electric Theater",
  "location": "Chicago, IL",
  "raw_rating": 3.25,
  "high_ratings": 3,
  "low_ratings": 1,
  "tracks": [
    {
      "track": "1",
      "title": "Hard To Handle",
      "duration": 161.45,
      "formats": [
        {
          "format": "VBR MP3",
          "filename": "gd69-07-04d1t01.mp3",
          "bitrate": "184"
        },
        {
          "format": "Shorten",
          "filename": "gd69-07-04d1t01.shn"
        }
      ]
    },
    {
      "track": "2",
      "title": "Mama Tried",
      "duration": 97.86,
      "formats": [
        {
          "format": "VBR MP3",
          "filename": "gd69-07-04d1t02.mp3",
          "bitrate": "185"
        },
        {
          "format": "Shorten",
          "filename": "gd69-07-04d1t02.shn"
        }
      ]
    },
    {
      "track": "3",
      "title": "Ol' Slewfoot",
      "duration": 123.88,
      "formats": [
        {
          "format": "VBR MP3",
          "filename": "gd69-07-04d1t03.mp3",
          "bitrate": "184"
        },
        {
          "format": "Shorten",
          "filename": "gd69-07-04d1t03.shn"
        }
      ]
    },
    {
      "track": "4",
      "title": "Silver Threads & Golden Needles",
      "duration": 130.02,
      "formats": [
        {
          "format": "VBR MP3",
          "filename": "gd69-07-04d1t04.mp3",
          "bitrate": "179"
        },
        {
          "format": "Shorten",
          "filename": "gd69-07-04d1t04.shn"
        }
      ]
    },
    {
      "track": "5",
      "title": "Cryptical Envelopment >",
      "duration": 59.14,
      "formats": [
        {
          "format": "VBR MP3",
          "filename": "gd69-07-04d1t05.mp3",
          "bitrate": "179"
        },
        {
          "format": "Shorten",
          "filename": "gd69-07-04d1t05.shn"
        }
      ]
    },
    {
      "track": "6",
      "title": "Drums >",
      "duration": 18.07,
      "formats": [
        {
          "format": "VBR MP3",
          "filename": "gd69-07-04d1t06.mp3",
          "bitrate": "183"
        },
        {
          "format": "Shorten",
          "filename": "gd69-07-04d1t06.shn"
        }
      ]
    },
    {
      "track": "7",
      "title": "The Other One >",
      "duration": 398.04,
      "formats": [
        {
          "format": "VBR MP3",
          "filename": "gd69-07-04d1t07.mp3",
          "bitrate": "195"
        },
        {
          "format": "Shorten",
          "filename": "gd69-07-04d1t07.shn"
        }
      ]
    },
    {
      "track": "8",
      "title": "High Time >",
      "duration": 175.24,
      "formats": [
        {
          "format": "VBR MP3",
          "filename": "gd69-07-04d1t08.mp3",
          "bitrate": "174"
        },
        {
          "format": "Shorten",
          "filename": "gd69-07-04d1t08.shn"
        }
      ]
    },
    {
      "track": "9",
      "title": "Casey Jones",
      "duration": 212.21,
      "formats": [
        {
          "format": "VBR MP3",
          "filename": "gd69-07-04d1t09.mp3",
          "bitrate": "186"
        },
        {
          "format": "Shorten",
          "filename": "gd69-07-04d1t09.shn"
        }
      ]
    },
    {
      "track": "10",
      "title": "King Bee",
      "duration": 274.88,
      "formats": [
        {
          "format": "VBR MP3",
          "filename": "gd69-07-04d1t10.mp3",
          "bitrate": "180"
        },
        {
          "format": "Shorten",
          "filename": "gd69-07-04d1t10.shn"
        }
      ]
    },
    {
      "track": "11",
      "title": "Sittin' On Top Of The World >",
      "duration": 100.38,
      "formats": [
        {
          "format": "VBR MP3",
          "filename": "gd69-07-04d2t01.mp3",
          "bitrate": "180"
        },
        {
          "format": "Shorten",
          "filename": "gd69-07-04d2t01.shn"
        }
      ]
    },
    {
      "track": "12",
      "title": "Me & My Uncle//",
      "duration": 65.31,
      "formats": [
        {
          "format": "VBR MP3",
          "filename": "gd69-07-04d2t02.mp3",
          "bitrate": "181"
        },
        {
          "format": "Shorten",
          "filename": "gd69-07-04d2t02.shn"
        }
      ]
    },
    {
      "track": "13",
      "title": "Doin' That Rag",
      "duration": 217.46,
      "formats": [
        {
          "format": "VBR MP3",
          "filename": "gd69-07-04d2t03.mp3",
          "bitrate": "180"
        },
        {
          "format": "Shorten",
          "filename": "gd69-07-04d2t03.shn"
        }
      ]
    },
    {
      "track": "14",
      "title": "Let Me In 83968",
      "duration": 126.44,
      "formats": [
        {
          "format": "VBR MP3",
          "filename": "gd69-07-04d2t04.mp3",
          "bitrate": "181"
        },
        {
          "format": "Shorten",
          "filename": "gd69-07-04d2t04.shn"
        }
      ]
    },
    {
      "track": "15",
      "title": "Dire Wolf",
      "duration": 82.33,
      "formats": [
        {
          "format": "VBR MP3",
          "filename": "gd69-07-04d2t05.mp3",
          "bitrate": "178"
        },
        {
          "format": "Shorten",
          "filename": "gd69-07-04d2t05.shn"
        }
      ]
    },
    {
      "track": "16",
      "title": "tuning",
      "duration": 34.3,
      "formats": [
        {
          "format": "VBR MP3",
          "filename": "gd69-07-04d2t06.mp3",
          "bitrate": "183"
        },
        {
          "format": "Shorten",
          "filename": "gd69-07-04d2t06.shn"
        }
      ]
    },
    {
      "track": "17",
      "title": "St. Stephen >",
      "duration": 138.69,
      "formats": [
        {
          "format": "VBR MP3",
          "filename": "gd69-07-04d2t07.mp3",
          "bitrate": "183"
        },
        {
          "format": "Shorten",
          "filename": "gd69-07-04d2t07.shn"
        }
      ]
    },
    {
      "track": "18",
      "title": "Lovelight",
      "duration": 794.19,
      "formats": [
        {
          "format": "VBR MP3",
          "filename": "gd69-07-04d2t08.mp3",
          "bitrate": "177"
        },
        {
          "format": "Shorten",
          "filename": "gd69-07-04d2t08.shn"
        }
      ]
    }
  ]
}