{
  "created_at": "2025-07-12T16:32:47.918924",
  "created_by": "package_datazip.py",
  "source_directory": "metadata",
  "files_included": [
    "ratings.json",
    "setlists.json",
    "songs.json",
    "venues.json"
  ],
  "file_stats": {
    "ratings.json": {
      "size_bytes": 6267747,
      "size_mb": 5.977389335632324,
      "modified": "2025-07-12T16:31:59.099082"
    },
    "setlists.json": {
      "size_bytes": 1888039,
      "size_mb": 1.8005743026733398,
      "modified": "2025-07-10T03:59:26.892876"
    },
    "songs.json": {
      "size_bytes": 1177370,
      "size_mb": 1.1228275299072266,
      "modified": "2025-07-10T03:59:26.890703"
    },
    "venues.json": {
      "size_bytes": 287594,
      "size_mb": 0.27427101135253906,
      "modified": "2025-07-10T03:59:26.888560"
    }
  }
}