{
  "identifier": "gd1984-10-18.132239.Nak100CP4.Hill.Keo.Flac2496",
  "title": "Grateful Dead Live at Meadowlands Arena on 1984-10-18",
  "date": "1984-10-18",
  "venue": "Meadowlands Arena",
  "location": "East Rutherford, NJ",
  "source_type": "AUD",
  "lineage": "",
  "taper": "Steve Hill",
  "source": "Master Audience Recorded By Steve Hill, Transfer By Keo; Nakamichi CM100/CP4 Shotguns > Sony D5, Tapes:Maxell UD XLII 90's; Tapes Labelled:Nakamichi 100 Guns - Sandy; Transfer With Nakamichi MR-1 > Korg MR-1000 @ 1 Bit/5.6 MHz; Tracking/Sample Rate Conversion/Flacked With AudioGate V.3.02 To 24 Bit/96 kHz; Metadata Tagging With Tag&Rename",
  "runtime": "",
  "rating": 0.42,
  "review_count": 1,
  "confidence": 0.2,
  "raw_rating": 1.0,
  "high_ratings": 0,
  "low_ratings": 1
}