{
  "identifier": "gd1986-07-02.157075.akg-c422.holbrook.flac2448",
  "title": "Grateful Dead Live at Rubber Bowl, University of Akron on 1986-07-02",
  "date": "1986-07-02",
  "venue": "Rubber Bowl, University of Akron",
  "location": "Akron, OH",
  "source_type": "AUD",
  "lineage": "1st transfer: Sony TC-D5M to Sony TC-D5M (Maxell XLII 90 x2) no nr Digital Transfer: Nakamichi LX-5 > Benchmark Sonic AD2k > Marantz PMD-661",
  "taper": "Mike Davis, Kenny Davis, Tom Pinney, Eddie Wahba",
  "source": "1st GEN AUDCA Microphones: AKG c422|AKG B18 X-Y handheld Recorder: Sony TC-D5M| Maxell MX-90's Location: 45' from stage DFC",
  "runtime": "128:54.707",
  "rating": 0.0,
  "review_count": 0,
  "confidence": 0.0,
  "raw_rating": 0.0,
  "high_ratings": 0,
  "low_ratings": 0
}