{
  "identifier": "gd1987-07-08.124757.weber-small.hillwig.cmc44.flac16",
  "title": "Grateful Dead Live at Roanoke Civic Center on 1987-07-08",
  "date": "1987-07-08",
  "venue": "Roanoke Civic Center",
  "location": "Roanoke, VA",
  "source_type": "AUD",
  "lineage": "DAT Clone @ 44.1 kHz with pre-emphasis on. Sony PCM-2600 > Turtle Beach Fiji > Soundforge 4.5 > CD Wave 1.62 > MKWAct 0.97 by Craig Hillwig",
  "taper": "Sean Weber-Small",
  "source": "Recording:  Schoeps CMC44 (OTS) > Oade Power Supply > Sony PCM-F1 (with Apogee modified A/D filters) by Sean Weber-Small;",
  "runtime": "156:23.53",
  "rating": 0.0,
  "review_count": 0,
  "confidence": 0.0,
  "raw_rating": 0.0,
  "high_ratings": 0,
  "low_ratings": 0
}