{
  "identifier": "gd1989-07-12.140444.beyer-cm101.ebel.flac2496",
  "title": "Grateful Dead Live at Robert F. Kennedy Stadium on 1989-07-12",
  "date": "1989-07-12",
  "venue": "Robert F. Kennedy Stadium",
  "location": "Washington, DC",
  "source_type": "AUD",
  "lineage": "",
  "taper": "Pete Ebel",
  "source": "<b/>flac24/96 </b> Source Info: TS Beyer CM 101-> Sony D6-> Cassette Master (Maxell XL-II's 90's). Transfer Info: Master Cassette-> Nakamichi CR-5A -> Grace Lunatec V3 (Analong-> Digital Converter) (SPDIF out) 24/96-> Marantz PMD 661 MKII (Solid State Recorder)-> SD Card-> WAV-> FLAC Level 8-> Tagged (24/96). Transfers by Pete Ebel.",
  "runtime": "162:56.050",
  "rating": 0.0,
  "review_count": 0,
  "confidence": 0.0,
  "raw_rating": 0.0,
  "high_ratings": 0,
  "low_ratings": 0
}