{
  "identifier": "gd1995-07-08.147113.walsh.suraci.at835.flac16",
  "title": "Grateful Dead Live at Soldier Field on 1995-07-08",
  "date": "1995-07-08",
  "venue": "Soldier Field",
  "location": "Chicago, IL",
  "source_type": "AUD",
  "lineage": "Transfer: Nakamichi Cassette Deck 1>Sound Devices 722> Adobe Aud 3.0>Cdwav>flac 16(TLH) Release date: 07/08/2019",
  "taper": "Pat Walsh",
  "source": "Source: Audio Technica 835b>Sony D5 Location: OTS, Stand at 9 feet",
  "runtime": "",
  "rating": 0.0,
  "review_count": 0,
  "confidence": 0.0,
  "raw_rating": 0.0,
  "high_ratings": 0,
  "low_ratings": 0
}