{
  "identifier": "gd1989-10-25.140917.UltraMatrix.sbd.cm.miller.flac1644",
  "title": "Grateful Dead Live at Miami Arena on 1989-10-25",
  "date": "1989-10-25",
  "venue": "Miami Arena",
  "location": "Miami, FL",
  "source_type": "MATRIX",
  "lineage": "Cassette Master (Nakamichi CR-7A) > Tascam DA-3000 (DSF 1-bit/5.8 MHz) >KORG AudioGate 4 > Adobe Audition CC2015 > Samplitude Pro X3 Suite > FLAC/24",
  "taper": "",
  "source": "Ultra Matrix SBD > Cassette Master (TDK MA-XG90)",
  "runtime": "173:23.00",
  "rating": 0.0,
  "review_count": 0,
  "confidence": 0.0,
  "raw_rating": 0.0,
  "high_ratings": 0,
  "low_ratings": 0
}