{
  "identifier": "gd1974-05-21.aud-fixed.tobin.87143.sbeok.flac16",
  "title": "Grateful Dead Live at Edmundson Pavilion - University of Washington on 1974-05-21",
  "date": "1974-05-21",
  "venue": "Edmundson Pavilion - University of Washington",
  "location": "Seattle, WA",
  "source_type": "AUD",
  "lineage": "",
  "taper": "",
  "source": "Sony ECM18N mics > Sony 152SD deck recorded by Pat Lee, hand held mics in right balcony (patched version of shn id 10150 see info file for details)",
  "runtime": "197",
  "rating": 2.835,
  "review_count": 4,
  "confidence": 0.8,
  "raw_rating": 4.5,
  "high_ratings": 4,
  "low_ratings": 0
}