{
  "identifier": "gd1992-06-11.nak.boedicker.116122.flac16",
  "title": "Grateful Dead Live at Knickerbocker Arena on 1992-06-11",
  "date": "1992-06-11",
  "venue": "Knickerbocker Arena",
  "location": "Albany, NY",
  "source_type": "AUD",
  "lineage": "",
  "taper": "Dave Boedicker",
  "source": "Source:Sony D6 Cassette Master(Dolby B On)>Nakamichi 300 Mics W/CP4 Shotguns>Sony TC-D5M Cassette Deck(Playback,Dolby Off)>Cd Wav Editor>Traders Little Helper>Flac Level 8. Sector Boundaries Aligned Using Traders Little Helper. Taped 1st Row Official Tapers Section.Taped By Dave Boedicker",
  "runtime": "148:57.60",
  "rating": 0.0,
  "review_count": 0,
  "confidence": 0.0,
  "raw_rating": 0.0,
  "high_ratings": 0,
  "low_ratings": 0
}