{
  "identifier": "gd1983-08-31.senn421.dodd-repitched.84934.flac16",
  "title": "Grateful Dead Live at Silva Hall - Hult Center for the Performing Arts on 1983-08-31",
  "date": "1983-08-31",
  "venue": "Silva Hall - Hult Center for the Performing Arts",
  "location": "Eugene, OR",
  "source_type": "AUD",
  "lineage": "SHN > WAV > time/pitch stretched to 103.37% in CE Pro > SBEs corrected with shntool > FLAC by Bill Tetzeli",
  "taper": "",
  "source": "AUD (Senn. 421\ufffds)>MC>DAT>CDREac >cool edit > shntool > cdwav >shnv3",
  "runtime": "",
  "rating": 1.2599999999999998,
  "review_count": 1,
  "confidence": 0.2,
  "raw_rating": 3.0,
  "high_ratings": 0,
  "low_ratings": 0
}