{
  "identifier": "gd1988-07-31.akg.thompson.motb.85999.sbeok.flac16",
  "title": "Grateful Dead Live at Laguna Seca Raceway on 1988-07-31",
  "date": "1988-07-31",
  "venue": "Laguna Seca Raceway",
  "location": "Monterey, CA",
  "source_type": "AUD",
  "lineage": "MAC > Nakamichi DR-1 > Grace Design Lunatec V3 > AES > Sound Devices 722 > WAV",
  "taper": "D. Thompson",
  "source": "Audience FOB Recording, DFC, AKG C460b pre's with Ck61uls capsules > Uher CR240 > MAC",
  "runtime": "143",
  "rating": 3.1999999999999997,
  "review_count": 8,
  "confidence": 1.0,
  "raw_rating": 4.571428571428571,
  "high_ratings": 7,
  "low_ratings": 0
}