{
  "identifier": "gd1976-06-03.123608.sbd.miller.flac24",
  "title": "Grateful Dead Live at Paramount Theatre on 1976-06-03",
  "date": "1976-06-03",
  "venue": "Paramount Theatre",
  "location": "Portland, OR",
  "source_type": "SBD",
  "lineage": "WAV -> Adobe Audition v3.0 -> Samplitude Professional v11.2.1 -> FLAC/24",
  "taper": "",
  "source": "SBD -> Cassette Master -> Cassette (Dolby B) -> WAV (24bit/96k)",
  "runtime": "198:28.787",
  "rating": 2.8,
  "review_count": 2,
  "confidence": 0.4,
  "raw_rating": 4.0,
  "high_ratings": 2,
  "low_ratings": 0
}