{
  "identifier": "gd1985-03-27.149304.senn441.hunt.mattes.miller.clugston.flac2496",
  "title": "Grateful Dead Live at Nassau Veterans Memorial Coliseum on 1985-03-27",
  "date": "1985-03-27",
  "venue": "Nassau Veterans Memorial Coliseum",
  "location": "Uniondale, NY",
  "source_type": "AUD",
  "lineage": "Cassette Master (Nakamichi CR-7A) > Tascam DA-3000 (DSF 1-bit/5.6 MHz)> dBpoweramp (24/96) > Adobe Audition CC 2020 > TLH flac2496",
  "taper": "Rob Hunt and Ted Mattes",
  "source": "Rob Hunt and Ted Mattes' Master Audience Cassettes; Sennheiser 441 mics > Sony D5M",
  "runtime": "",
  "rating": 1.2599999999999998,
  "review_count": 1,
  "confidence": 0.2,
  "raw_rating": 3.0,
  "high_ratings": 0,
  "low_ratings": 0
}