{
  "identifier": "gd1990-04-02.149446.FOB.Schoeps.Brotman.Mattes.Miller.Noel.reMaster.t-flac1648",
  "title": "Grateful Dead Live at The Omni on 1990-04-02",
  "date": "1990-04-02",
  "venue": "The Omni",
  "location": "Atlanta, GA",
  "source_type": "REMASTER",
  "lineage": "Transfer: Dat > Sony PCM r500 > Tascam DA-3000 > Flac 16/48",
  "taper": "Master Digital Audience Recording by Dave Brotman",
  "source": "From the Teddy Ballgame Archive - a reMaster of shnid 142002  Source: Schoeps CMC4 MK21 > Oade Modified Grace Preamp > Pro Link > DAT 48k (Panasonic SV-250) Location: Sec 5 Row J Seat 7",
  "runtime": "",
  "rating": 0.0,
  "review_count": 0,
  "confidence": 0.0,
  "raw_rating": 0.0,
  "high_ratings": 0,
  "low_ratings": 0
}