{
  "identifier": "gd1993-01-26.141068.fob.cmc3-mk4.ebel.flac1644",
  "title": "Grateful Dead Live at Oakland-Alameda County Coliseum on 1993-01-26",
  "date": "1993-01-26",
  "venue": "Oakland-Alameda County Coliseum",
  "location": "Oakland, CA",
  "source_type": "UNKNOWN",
  "lineage": "",
  "taper": "",
  "source": "<b/>flac16/44.1 </b> Source Info:FOB Schoeps CMC3 Mk4-> DAT (Traded to me as so, but not so sure)Transfer Info:Dat Tape (Panasonic SV-3700)-> Marantz CDR-615-> CD (Late 90's)Extract Wav-> Flac Level 8-> Tagged (16/44.1)Transfers by Pete Ebel",
  "runtime": "178:11.53",
  "rating": 0.0,
  "review_count": 0,
  "confidence": 0.0,
  "raw_rating": 0.0,
  "high_ratings": 0,
  "low_ratings": 0
}