{
  "identifier": "gd1984-07-04.163413.nak304.thomas.miller.clugston.flac1648",
  "title": "Grateful Dead Live at Five Seasons Center on 1984-07-04",
  "date": "1984-07-04",
  "venue": "Five Seasons Center",
  "location": "Cedar Rapids, IA",
  "source_type": "AUD",
  "lineage": "Master Cassettes (Nakamichi CR7-A) > Tascam DA-3000 (24-bit/96k .wav)> Adobe Audition CC 2022 > TLH flac2496",
  "taper": "Stephen Thomas",
  "source": "Stephen Thomas' Master Audience Cassettes; Nakamichi 300 mics + CP4 capsules > Sony D5M",
  "runtime": "159:02.762",
  "rating": 0.0,
  "review_count": 0,
  "confidence": 0.0,
  "raw_rating": 0.0,
  "high_ratings": 0,
  "low_ratings": 0
}