{
  "identifier": "gd1983-08-29.111087.Sennheiser421-daweez.d5scott.flac16",
  "title": "Grateful Dead Live at Silva Hall, Hult Center on 1983-08-29",
  "date": "1983-08-29",
  "venue": "Silva Hall, Hult Center",
  "location": "Eugene, OR",
  "source_type": "AUD",
  "lineage": "Sony TC-D5M (original record deck)>Pre Sonus Inspire GT>Sound Forge>.wav files>Trader's Little Helper>flac files",
  "taper": "Da Weez",
  "source": "Source: 2 Sennheiser 421 microphones > Sony TC-D5M - analog master cassettes;",
  "runtime": "145:25.59",
  "rating": 1.866666666666667,
  "review_count": 3,
  "confidence": 0.6,
  "raw_rating": 3.3333333333333335,
  "high_ratings": 2,
  "low_ratings": 1
}