{
  "identifier": "gd1990-12-27.164051.ultramatrix.air-check.miller.flac2496",
  "title": "Grateful Dead Live at Oakland-Alameda County Coliseum on 1990-12-27",
  "date": "1990-12-27",
  "venue": "Oakland-Alameda County Coliseum",
  "location": "Oakland, CA",
  "source_type": "MATRIX",
  "lineage": "Cassette Master (Nakamichi CR-7A) > Tascam DA-3000 (DSF 1-bit/5.6MHz) > Tascam Hi-Res Editor (WAV 24-bit/96k) > Adobe Audition CC 2022 > Samplitude Pro X6 Suite > FLAC/24",
  "taper": "",
  "source": "Ultramatrix SBD (In-House Broadcast) > Cassette Master (Sony TC-D5M/TDK SA-X100)",
  "runtime": "169:54.647",
  "rating": 0.0,
  "review_count": 0,
  "confidence": 0.0,
  "raw_rating": 0.0,
  "high_ratings": 0,
  "low_ratings": 0
}