{
  "identifier": "gd1983-04-23.163304.senn421.vita.miller.clugston.flac1648",
  "title": "Grateful Dead Live at Veterans' Memorial Coliseum on 1983-04-23",
  "date": "1983-04-23",
  "venue": "Veterans' Memorial Coliseum",
  "location": "New Haven, CT",
  "source_type": "AUD",
  "lineage": "Master Cassettes (Nakamichi CR-7A)> Tascam DA-3000 (24-bit/96k) > Adobe Audition CC 2022 > TLH flac2496",
  "taper": "Jim Vita",
  "source": "Jim Vita's Master (FOB) Audience Cassettes; Sennheiser  421 mics (1st Set 17th row, center; 2nd set 20th row, center) > Sony D5M (Maxell XLII-S)",
  "runtime": "183:03.142",
  "rating": 0.0,
  "review_count": 0,
  "confidence": 0.0,
  "raw_rating": 0.0,
  "high_ratings": 0,
  "low_ratings": 0
}