{
  "identifier": "gd1986-04-13.148866.fob.neumann.km84i.hecht.miller.clugston.flac1648",
  "title": "Grateful Dead Live at Irvine Meadows on 1986-04-13",
  "date": "1986-04-13",
  "venue": "Irvine Meadows",
  "location": "Irvine, CA",
  "source_type": "AUD",
  "lineage": "Cassette Master (Nakamichi DR-1) > Tascam DA-3000 (DSF 1-bit/5.6 MHz)> dBpoweramp > Adobe Audition CC 2019 > TLH flac2496",
  "taper": "Chris Hecht",
  "source": "Chris Hecht's Master (FOB) Audience Cassettes; Neumann KM84i mics > Sony D5M",
  "runtime": "",
  "rating": 0.0,
  "review_count": 0,
  "confidence": 0.0,
  "raw_rating": 0.0,
  "high_ratings": 0,
  "low_ratings": 0
}