{
  "identifier": "gd1987-08-23.fob.thompson.motb-0072.92498.flac24",
  "title": "Grateful Dead Live at Calavaras County Fairgrounds on 1987-08-23",
  "date": "1987-08-23",
  "venue": "Calavaras County Fairgrounds",
  "location": "Angel's Camp, CA",
  "source_type": "AUD",
  "lineage": "MAC >> Nakamichi DR-1 => Grace Design Lunatec v3 => Korg MR-1000 >> DSF [1-bit 5.6448 MHz Stereo] >> Korg MR-1000 => Korg AudioGate >> WAV [24/96]",
  "taper": "Danny Thompson",
  "source": "2 x AKG C460 CK61uls > Uher CR240 > MAC (FOB)",
  "runtime": "131:13.584",
  "rating": 1.68,
  "review_count": 1,
  "confidence": 0.2,
  "raw_rating": 4.0,
  "high_ratings": 1,
  "low_ratings": 0
}