{
  "identifier": "gd1985-11-02.151993.senn441.lamarre.miller.clugston.flac2496",
  "title": "Grateful Dead Live at Richmond Coliseum on 1985-11-02",
  "date": "1985-11-02",
  "venue": "Richmond Coliseum",
  "location": "Richmond, VA",
  "source_type": "AUD",
  "lineage": "Master Cassettes (Nakamichi CR-7A) > Tascam DA-3000 (.wav 24-bit/96k) > Adobe Audition 2020 > TLH flac2496",
  "taper": "Recorded by Doug Lamarre",
  "source": "Doug Lamarre's Master Audience Cassettes (Taper's Section); Sennheiser 441 mics > Sony D5M",
  "runtime": " 143:56.191",
  "rating": 0.0,
  "review_count": 0,
  "confidence": 0.0,
  "raw_rating": 0.0,
  "high_ratings": 0,
  "low_ratings": 0
}