{
  "identifier": "gd1990-07-19.fob.nak100.holtz.jaz.105263.flac16",
  "title": "Grateful Dead Live at Deer Creek Music Center on 1990-07-19",
  "date": "1990-07-19",
  "venue": "Deer Creek Music Center",
  "location": "Noblesville, IN",
  "source_type": "AUD",
  "lineage": "Master Cassettes (Maxell MX 100) Tascam 112MKII -> Korg MR-1, 1bit 2.8MHz -> USB -> Korg Audio Gate Software 24bit 96KHz -> Wave Lab 6.0 w/UAD -> R8brain for 16bit 44.1KHz sample rate conversion -> Traders Little Helper flac8 -> Tagged w/Tag & Rename",
  "taper": "Greg Holtz",
  "source": "(FOB Sec B Row 17 DFC) Nakamichi CM-100's with CP-1 caps -> Sony WM-D6",
  "runtime": "164:01.29",
  "rating": 2.4266666666666663,
  "review_count": 3,
  "confidence": 0.6,
  "raw_rating": 4.333333333333333,
  "high_ratings": 3,
  "low_ratings": 0
}