{
  "identifier": "gd1981-10-17.sbd.macdonald.tetzeli.fix-7915.86854.reflac.flac16",
  "title": "Grateful Dead Live at The Hippodrome on 1981-10-17",
  "date": "1981-10-17",
  "venue": "The Hippodrome",
  "location": "Paris, France",
  "source_type": "SBD",
  "lineage": "unknown",
  "taper": "",
  "source": "MC > DAT > CDR",
  "runtime": "163:44",
  "rating": 3.7142857142857144,
  "review_count": 7,
  "confidence": 1.0,
  "raw_rating": 3.7142857142857144,
  "high_ratings": 4,
  "low_ratings": 0
}