{
  "identifier": "gd1989-04-06.156411.OTS-Schoeps-PCM-Master-Mattes-Anon-Noel.t-flac16",
  "title": "Grateful Dead Live at Crisler Arena on 1989-04-06",
  "date": "1989-04-06",
  "venue": "Crisler Arena",
  "location": "Ann Arbor, MI",
  "source_type": "AUD",
  "lineage": "PCM (Master) > Sony PCM601esd spdif out > VX Pocket/Laptop > Nuendo > WAV 16/44",
  "taper": "Master Audience PCM recording by Ted Mattes",
  "source": "(OTS) Schoeps CMC441 hypercardiod capsules (ORTF) > Oade capacitor supply > Monster Cable ProLink > Sony pcm-f1 > Sony sl-2000 > PCM (Master)",
  "runtime": "2:47:30.119",
  "rating": 0.0,
  "review_count": 0,
  "confidence": 0.0,
  "raw_rating": 0.0,
  "high_ratings": 0,
  "low_ratings": 0
}