{
  "identifier": "gd1992-03-21.149526.fob.set1.BK4011.brennecke.varnum.ebel.flac1648",
  "title": "Grateful Dead Live at Copps Coliseum on 1992-03-21",
  "date": "1992-03-21",
  "venue": "Copps Coliseum",
  "location": "Hamilton, ON",
  "source_type": "AUD",
  "lineage": "DAT Tape (Panasonic SV-3700) -> Coxial SPDIF-> Marantz PMD 661 MKII (Solid State Recorder)-> SD Card-> Wav-> Flac Level 8-> Tagged (16/48)",
  "taper": "Taped By Clay Brennecke",
  "source": "***Set #1 Only***  Source Info: FOB B&K 4011-> Sony D10 Pro II-> DAT",
  "runtime": "54:41.083",
  "rating": 0.0,
  "review_count": 0,
  "confidence": 0.0,
  "raw_rating": 0.0,
  "high_ratings": 0,
  "low_ratings": 0
}