{
  "identifier": "gd1984-04-17.139329.fob.schoeps.mk41.oade.bryant.miller.clugston.flac1644",
  "title": "Grateful Dead Live at Niagara Falls Convention Center on 1984-04-17",
  "date": "1984-04-17",
  "venue": "Niagara Falls Convention Center",
  "location": "Niagara Falls, NY",
  "source_type": "AUD",
  "lineage": "Cassette Master (Nakamichi DR-1) > Tascam DA-3000 (DSF 1-bit/5.8 MHz) >KORG AudioGate 4 > Adobe Audition 3.0 > FLAC/24",
  "taper": "Oade, Robert Bryant",
  "source": "(FOB) Schoeps CMC4/MK41 > Oade M118 > Cassette Master (Sony WM-D6C/Dennon DXM-90)",
  "runtime": "158:58.21",
  "rating": 2.4499999999999997,
  "review_count": 2,
  "confidence": 0.4,
  "raw_rating": 5.0,
  "high_ratings": 2,
  "low_ratings": 0
}