{
  "identifier": "gd1986-12-17.168571.superscopeEC7.ont.flac1644",
  "title": "Grateful Dead Live at Oakland-Alameda County Coliseum on 1986-12-17",
  "date": "1986-12-17",
  "venue": "Oakland-Alameda County Coliseum",
  "location": "Oakland, CA",
  "source_type": "AUD",
  "lineage": "Cassette Masters Transferred Via Denon DR-M12HR >Tascam DR100mkII (24bit/48kHz) WAV >Audacity (Amplify, Track Splits, Down Sample To 16bit/44.1kHz, Minor Edits & Fades) >FLAC (Level 8) + Tags Via xACT 2.53",
  "taper": "OldNeumanntapr",
  "source": "OTS (Risers); Superscope EC-7 Cardioids (Near Coincident) >Sony TC-153SD  [XLIIS]",
  "runtime": "",
  "rating": 0.0,
  "review_count": 0,
  "confidence": 0.0,
  "raw_rating": 0.0,
  "high_ratings": 0,
  "low_ratings": 0
}