{
  "identifier": "gd1983-06-28.146187.gardner.suraci.nak300.flac16",
  "title": "Grateful Dead Live at Poplar Creek Music Theatre on 1983-06-28",
  "date": "1983-06-28",
  "venue": "Poplar Creek Music Theatre",
  "location": "Hoffman Estates, IL",
  "source_type": "AUD",
  "lineage": "Transfer: Nakamichi CR-5A>Lunatec V3 (digital out)>Sound Device 722>Adobe Aud. 3.0.>CD Wav>TLH>flac16",
  "taper": "Michael Gardner",
  "source": "Source: Nakamichi CM300 (with CP1 caps)>Sony TCD-5M Location: FOB, Stand at 7.5 feet",
  "runtime": "",
  "rating": 2.1,
  "review_count": 1,
  "confidence": 0.2,
  "raw_rating": 5.0,
  "high_ratings": 1,
  "low_ratings": 0
}