{
  "identifier": "gd1982-09-24.161633.beyer.m160.vita.miller.clugston.flac2496",
  "title": "Grateful Dead Live at Carrier Dome, Syracuse University on 1982-09-24",
  "date": "1982-09-24",
  "venue": "Carrier Dome, Syracuse University",
  "location": "Syracuse, NY",
  "source_type": "AUD",
  "lineage": "1st Generation Cassettes (Nakamichi CR-7A)> Tascam DA-3000 (24-bit/96k) > Adobe Audition CC 2022 > TLH flac2496",
  "taper": "Jim Vita",
  "source": "Master Audience Cassettes; Beyer M160 mics > Sony D5 > Jim Vita's 1st Generation Cassettes",
  "runtime": "161:28.940",
  "rating": 0.0,
  "review_count": 0,
  "confidence": 0.0,
  "raw_rating": 0.0,
  "high_ratings": 0,
  "low_ratings": 0
}