{
  "identifier": "gd1992-06-28.135322.Nak300CP4.Baker.Keo.Flac1644",
  "title": "Grateful Dead Live at Deer Creek Music Center on 1992-06-28",
  "date": "1992-06-28",
  "venue": "Deer Creek Music Center",
  "location": "Noblesville, IN",
  "source_type": "AUD",
  "lineage": "",
  "taper": "Baker",
  "source": "Master Audience Recorded By Mr. Baker, Transfer By Keo; Nakamichi CM300/CP4 Shotguns > Sony TC-D5M, Tapes: Set 1 Maxell MX-S 90, Set 2 Maxell MX-S 100; Transfer With Nakamichi MR-1 > Korg MR-1000 @ 1 Bit/5.6 MHz; Tracking/Sample Rate Conversion With AudioGate V.3.0.4 32/96 kHz Wave; Dithered/Flacked With Korg Aqua To 16/44; SBE's Checked/Fixed With Trader's Little Helper; Metadata Tagging With Tag&Rename",
  "runtime": "",
  "rating": 0.0,
  "review_count": 0,
  "confidence": 0.0,
  "raw_rating": 0.0,
  "high_ratings": 0,
  "low_ratings": 0
}