{
  "identifier": "gd1984-05-06.sbd.walker-scotton.miller.107138.flac16",
  "title": "Grateful Dead Live at Silva Hall, Hult Center on 1984-05-06",
  "date": "1984-05-06",
  "venue": "Silva Hall, Hult Center",
  "location": "Eugene, OR",
  "source_type": "SBD",
  "lineage": "Cassette (Nakamichi DR-1) -> Sound Devices 744T (24bit/48k) ->  Adobe Audition v3.0 -> Samplitude Professional v11.03 -> FLAC/16",
  "taper": "Joani Walker and Paul Scotton",
  "source": "SBD -> Cassette Master -> Cassette (Nakamichi 550/Maxell XLIIS-90)",
  "runtime": "146:02.68",
  "rating": 3.375,
  "review_count": 5,
  "confidence": 0.8,
  "raw_rating": 3.75,
  "high_ratings": 3,
  "low_ratings": 0
}