{
  "identifier": "gd1995-05-29.fob.schoeps.jones-trigale-cowan.85419.flac16",
  "title": "Grateful Dead Live at Portland Meadows on 1995-05-29",
  "date": "1995-05-29",
  "venue": "Portland Meadows",
  "location": "Portland, OR",
  "source_type": "AUD",
  "lineage": "?",
  "taper": "Roger Jones, Domenic Trigale, and Jim Cowan",
  "source": "Schoeps MK4's>Reutelhuber>Sony TCD-D10PRO",
  "runtime": "165:38",
  "rating": 1.7149999999999996,
  "review_count": 2,
  "confidence": 0.4,
  "raw_rating": 3.5,
  "high_ratings": 1,
  "low_ratings": 0
}