{
  "identifier": "gd1979-10-28.145464.fob.nak700.rolfe.miller.clugston.flac1648",
  "title": "Grateful Dead Live at Cape Cod Coliseum on 1979-10-28",
  "date": "1979-10-28",
  "venue": "Cape Cod Coliseum",
  "location": "South Yarmouth, MA",
  "source_type": "AUD",
  "lineage": "Master Cassettes (Nakamichi DR-1)> Tascam DA-3000 (DSF 1-bit/5.6 MHz) > dBpoweramp 24/96 > Adobe Audition CC 2019 > TLH flac2496",
  "taper": "Steve Rolfe",
  "source": "Steve Rolfe's Master (FOB) Audience Cassettes; Nakamichi 700 mics > Sony D5M",
  "runtime": "172:24.162",
  "rating": 0.0,
  "review_count": 0,
  "confidence": 0.0,
  "raw_rating": 0.0,
  "high_ratings": 0,
  "low_ratings": 0
}