{
  "identifier": "gd1988-10-14.sbd.miller.22289.sbeok.shnf",
  "title": "Grateful Dead Live at Miami Arena on 1988-10-14",
  "date": "1988-10-14",
  "venue": "Miami Arena",
  "location": "Miami, FL",
  "source_type": "SBD",
  "lineage": "Cassette (Sony TC-WE475/Azimuth Adjusted) -> Apogee Mini-Me (16/44.1k) -> USB -> Samplitude v7.02 Professional -> SHN (2 Discs Audio / 2 Discs SHN)",
  "taper": "",
  "source": "SBD -> Cassette Master (TDK SA-X90)",
  "runtime": "139:11",
  "rating": 3.466666666666667,
  "review_count": 4,
  "confidence": 0.6,
  "raw_rating": 4.333333333333333,
  "high_ratings": 3,
  "low_ratings": 0
}