{
  "identifier": "gd1980-05-10.nak300.friend.andrewf.107543.flac24",
  "title": "Grateful Dead Live at Hartford Civic Center on 1980-05-10",
  "date": "1980-05-10",
  "venue": "Hartford Civic Center",
  "location": "Hartford, CT",
  "source_type": "AUD",
  "lineage": "MAC > Nakamichi CR5A > Edirol FA-66 > Wavelab 2448 > CD-Wave > TLH > FLAC 2448 Tagged. Transfer by Andrew F. 05/2010",
  "taper": "Tim Friend",
  "source": "AUD: 2x Nakamichi CM300/CP1's > Sony TC-153SD > Maxell XLII's. Taped by Tim Friend.",
  "runtime": "172:57.403",
  "rating": 0.0,
  "review_count": 0,
  "confidence": 0.0,
  "raw_rating": 0.0,
  "high_ratings": 0,
  "low_ratings": 0
}