{
  "identifier": "gd1978-05-17.163478.aud.mckenzie.miller.clugston.flac2496",
  "title": "Grateful Dead Live at Uptown Theater on 1978-05-17",
  "date": "1978-05-17",
  "venue": "Uptown Theater",
  "location": "Chicago, IL",
  "source_type": "AUD",
  "lineage": "2nd generation cassettes (Nakamichi CR-7A) > Tascam DA-3000 (24-bit/96k .wav) > Adobe Audition 2022 > TLH flac2496",
  "taper": "Tim McKenzie",
  "source": "Master Audience Cassettes (unknown mics/deck) > Tim McKenzie's 2nd generation cassettes",
  "runtime": "171:22.855",
  "rating": 0.0,
  "review_count": 0,
  "confidence": 0.0,
  "raw_rating": 0.0,
  "high_ratings": 0,
  "low_ratings": 0
}