{
  "identifier": "gd1980-09-27.144699.nak700.severson.miller.clugston.flac2496",
  "title": "Grateful Dead Live at Warfield Theater on 1980-09-27",
  "date": "1980-09-27",
  "venue": "Warfield Theater",
  "location": "San Francisco, CA",
  "source_type": "AUD",
  "lineage": "Master Cassettes (Nakamichi DR-1)> Tascam DA-3000 (DSF 1-bit/5.6 MHz) > dBpoweramp 24/96 > Adobe Audition CC 2019 > TLH flac2496",
  "taper": "Mark Severson",
  "source": "Mark Severson's Master  Audience Cassettes; (3) x Nakamichi 700 mics (left/right cardioids, omni center - handheld shoulder high)> Custom mixer by Jamie Poris > Sony TC-D5 (Maxell UDXLII)",
  "runtime": "216:10.274",
  "rating": 0.0,
  "review_count": 0,
  "confidence": 0.0,
  "raw_rating": 0.0,
  "high_ratings": 0,
  "low_ratings": 0
}