{
  "identifier": "gd1986-04-03.142690.sbd.miller.flac2496",
  "title": "Grateful Dead Live at Hartford Civic Center on 1986-04-03",
  "date": "1986-04-03",
  "venue": "Hartford Civic Center",
  "location": "Hartford, CT",
  "source_type": "SBD",
  "lineage": "Reel > Pro Tools (24-bit/96k) > WAVMastering Info:WAV > Adobe Audition CC2015 > Samplitude Pro X3 Suite > FLAC/24",
  "taper": "",
  "source": "PCM Master > Neve 8068 Console > Reel (Studer A80/10in 7.5ips 1/2trk)",
  "runtime": "144:31.423",
  "rating": 3.0,
  "review_count": 1,
  "confidence": 0.2,
  "raw_rating": 5.0,
  "high_ratings": 1,
  "low_ratings": 0
}