{
  "identifier": "gd1988-09-20.133540.dts.tobin.flac16",
  "title": "Grateful Dead Live at Madison Square Garden on 1988-09-20",
  "date": "1988-09-20",
  "venue": "Madison Square Garden",
  "location": "New York, NY",
  "source_type": "AUD",
  "lineage": "",
  "taper": "",
  "source": "<b>DTS-Audio-CD 5.1 Mix</b>; SBD (shnid=130698) Recording Info: SBD > DAT > C > DAT; Transfer Info:; DAT > Sony D8 > WAV > Sound Forge 10 > TLH > FLAC + AUD (shn id 90977) taper : Joe D'Amico nak 300 mics w/cp4 shotguns > sony d-5 nak dragon tape deck >sony sbm1 > creative extigy soundcard> cool edit pro > flac frontend - dts mixing by Kevin Tobin",
  "runtime": "135:38.58",
  "rating": 0.0,
  "review_count": 0,
  "confidence": 0.0,
  "raw_rating": 0.0,
  "high_ratings": 0,
  "low_ratings": 0
}