{
  "identifier": "gd1986-07-02.139580.set1.FOB.Schoeps.Oade.Gastwirt.Miller.Noel.t-flac16",
  "title": "Grateful Dead Live at Rubber Bowl, University of Akron on 1986-07-02",
  "date": "1986-07-02",
  "venue": "Rubber Bowl, University of Akron",
  "location": "Akron, OH",
  "source_type": "UNKNOWN",
  "lineage": "DAT (Sony PCM-R500) > Sound Devices 744T > wav 16/44; Edited & Mastered in Audacity by Joe Noel > flac 16/44; Checksum & tags created in xACT",
  "taper": "Oade Brothers - From The Rich Gastwirt Collection",
  "source": "<b>flac16/48kHz</b>; Oade Brothers Recording: Schoeps > spaced omnis > PCM > DAT (FOB); Charlie Miller",
  "runtime": "55:51.593",
  "rating": 0.0,
  "review_count": 0,
  "confidence": 0.0,
  "raw_rating": 0.0,
  "high_ratings": 0,
  "low_ratings": 0
}