{
  "identifier": "gd1989-03-27.Nak300CP4.Fitzy.Keo.124947.Flac1644",
  "title": "Grateful Dead Live at The Omni on 1989-03-27",
  "date": "1989-03-27",
  "venue": "The Omni",
  "location": "Atlanta, GA",
  "source_type": "AUD",
  "lineage": "",
  "taper": "fitzy",
  "source": "Master Audience Recorded By Fitzy, Transfer By Keo; Nakamichi CM300/CP4 Shotguns > Sony TC-D5M, Tapes Maxell MX-90's; Transfer With Nakamichi MR-1 > Korg MR-1000 @ 1 Bit/5.6 MHz; Tracking/Sample Rate Conversion With AudioGate Software To 32/96 kHz Wave; Dithered/Flacked With Korg Aqua To 16/44; SBE's Checked/Fixed With Trader's Little Helper; Metadata Tagging With Tag&Rename",
  "runtime": "",
  "rating": 0.0,
  "review_count": 0,
  "confidence": 0.0,
  "raw_rating": 0.0,
  "high_ratings": 0,
  "low_ratings": 0
}