{
  "identifier": "gd1974-10-18.111459.gems.BOSWELL-SMITH.flac24",
  "title": "Grateful Dead Live at Winterland Arena on 1974-10-18",
  "date": "1974-10-18",
  "venue": "Winterland Arena",
  "location": "San Francisco, CA",
  "source_type": "SBD",
  "lineage": "",
  "taper": "",
  "source": "Multi-track SBD reels > ? > reel > ? > FLAC; Presented by Jamie Waddell; A **GEMS** Production  January 2011",
  "runtime": "207:33.124",
  "rating": 4.888888888888889,
  "review_count": 10,
  "confidence": 1.0,
  "raw_rating": 4.888888888888889,
  "high_ratings": 9,
  "low_ratings": 0
}