{
  "identifier": "gd1981-05-01.135069.aud.fob.wise.minches.flac24",
  "title": "Grateful Dead Live at Hampton Coliseum on 1981-05-01",
  "date": "1981-05-01",
  "venue": "Hampton Coliseum",
  "location": "Hampton, VA",
  "source_type": "AUD",
  "lineage": "",
  "taper": "Jim Wise",
  "source": "Cassette Audience Master recorded By Jim Wise; Sennheiser MD421 Dynamic Cardioid Microphones-TC D5 Cassette Recorder; Location: FOB DFC; Analog to Digital: Dolby B Decoded Cassette Master played back on Nakamichi Dragon-Korg MR-1000(DSF[1-bit 5.6448 MHz Stereo]) Korg AudioGate-WAV[24/96] Transfer by David Minches",
  "runtime": "173:20.512",
  "rating": 0.0,
  "review_count": 0,
  "confidence": 0.0,
  "raw_rating": 0.0,
  "high_ratings": 0,
  "low_ratings": 0
}