{
  "identifier": "gd1987-07-10.aud.carpenter.87266.sbeok.flac16",
  "title": "Grateful Dead Live at JFK Stadium on 1987-07-10",
  "date": "1987-07-10",
  "venue": "JFK Stadium",
  "location": "Philadelphia, PA",
  "source_type": "AUD",
  "lineage": "MAC > Nakamichi BX-125 (no Dolby) > Audiophile 2496 > Soundforge > CD-Wave > TLH > FLAC",
  "taper": "Ted Carpenter",
  "source": "Nakamichi CM-700's > patched from one Sony D5 > Sony TC-D5M > Maxell MX-90's (no Dolby), set up FOB",
  "runtime": "203:29",
  "rating": 0.0,
  "review_count": 0,
  "confidence": 0.0,
  "raw_rating": 0.0,
  "high_ratings": 0,
  "low_ratings": 0
}