{
  "identifier": "gd1994-12-18.141249.FOB-NeumannKM140.ebel.flac1644",
  "title": "Grateful Dead Live at Sports Arena on 1994-12-18",
  "date": "1994-12-18",
  "venue": "Sports Arena",
  "location": "Los Angeles, CA",
  "source_type": "AUD",
  "lineage": "",
  "taper": "",
  "source": "<b/>flac16/44.1</b> Source Info: FOB Neumann KM 140-> Aerco P/S-> Casio DTR 100-> DAT.Transfer Info: Dat Tape (Panasonic SV-3700)-> Marantz CDR-615-> CD (Late 90's)Extract Wav-> Flac Level 8-> Tagged (16/44.1).Transfers by Pete Ebel.",
  "runtime": "144:04.40",
  "rating": 1.9599999999999997,
  "review_count": 3,
  "confidence": 0.4,
  "raw_rating": 4.0,
  "high_ratings": 2,
  "low_ratings": 0
}