{
  "identifier": "gd1989-10-09.aud.robr.31211.sbeok.shnf",
  "title": "Grateful Dead Live at Hampton Coliseum on 1989-10-09",
  "date": "1989-10-09",
  "venue": "Hampton Coliseum",
  "location": "Hampton, VA",
  "source_type": "AUD",
  "lineage": "",
  "taper": "Rob R",
  "source": "3 Nak CM300 - 2 CP4's and 1 CP3 arrianged X/Y direct to dat > ? > .shn",
  "runtime": "",
  "rating": 2.2049999999999996,
  "review_count": 2,
  "confidence": 0.4,
  "raw_rating": 4.5,
  "high_ratings": 2,
  "low_ratings": 0
}