{
  "identifier": "gd1982-07-29.naks.mason.129722.flac16",
  "title": "Grateful Dead Live at Red Rocks Ampitheatre on 1982-07-29",
  "date": "1982-07-29",
  "venue": "Red Rocks Ampitheatre",
  "location": "Morrison, CO",
  "source_type": "AUD",
  "lineage": "",
  "taper": "Mason B. Taylor",
  "source": "Recorded By Mason Taylor on a Nakamichi 550 Cassette Deck, on chrome tapes, with Nakamichi microphones; Transferred on Mason's restored Nak550",
  "runtime": "152:41.71",
  "rating": 1.9599999999999997,
  "review_count": 2,
  "confidence": 0.4,
  "raw_rating": 4.0,
  "high_ratings": 2,
  "low_ratings": 0
}