{
  "identifier": "gd1985-09-05.142294.5-1.tobin.flac1648",
  "title": "Grateful Dead Live at Red Rocks Amphitheatre on 1985-09-05",
  "date": "1985-09-05",
  "venue": "Red Rocks Amphitheatre",
  "location": "Morrison, CO",
  "source_type": "AUD",
  "lineage": "",
  "taper": "",
  "source": "<b>flac16/48kHz;</b> <i>5.1 LPCM Surround Sound (48k)</i> - SBD (shnid = 12180) SBD >> ? > CDR > EAC > SHN; via Howard Weiner, Dan Michael + AUD (shnid = 119572) Master Audience Recorded By Mr. Darby; Sennheiser MD421's (PAS/DFC/Row 2 Behind Soundboard/6 Feet High)> Sony TC-D5M,Tapes Sony Metallic; Transfer Information:Tascam 112 MKII (XLR Out)> Tascam HD-P2 @ 24/48> HDD>Amadeus Pro (Tracking/Fades/FLAC8); Tracks Renamed/Metadata Tagging With Tag&Rename By Keo - surround mixing by Kevin Tobin",
  "runtime": "",
  "rating": 0.0,
  "review_count": 0,
  "confidence": 0.0,
  "raw_rating": 0.0,
  "high_ratings": 0,
  "low_ratings": 0
}