{
  "identifier": "gd1984-07-03.139105.pcm.sbd.miller.flac1644",
  "title": "Grateful Dead Live at Starlight Theater on 1984-07-03",
  "date": "1984-07-03",
  "venue": "Starlight Theater",
  "location": "Kansas City, MO",
  "source_type": "SBD",
  "lineage": "PCM (Sony SLV-M20HF) > Sony PCM-601ESD > Behringer Ultramatch Pro >Sound Devices 744T > Samplitude Pro X3 Suite > FLAC",
  "taper": "",
  "source": "SBD > PCM",
  "runtime": "154:45.49",
  "rating": 2.4,
  "review_count": 1,
  "confidence": 0.2,
  "raw_rating": 4.0,
  "high_ratings": 1,
  "low_ratings": 0
}