{
  "identifier": "gd1988-09-05.165828.UltraMatrix.sbd.cm.miller.t-flac1644",
  "title": "Grateful Dead Live at Capital Centre on 1988-09-05",
  "date": "1988-09-05",
  "venue": "Capital Centre",
  "location": "Landover, MD",
  "source_type": "MATRIX",
  "lineage": "Cassette Master (Nakamichi CR-7A) > Tascam DA-3000 (DSF 1-bit/5.6MHz) > Tascam Hi-Res Editor (WAV 24-bit/96k) > Adobe Audition 2022 (Set 1) > Samplitude Pro X6 Suite > FLAC/24",
  "taper": "Recorded by Don Pearson and Dan Healy",
  "source": "Ultramatrix SBD > Cassette Master (TDK SA-X90/TDK MA-XG90)",
  "runtime": "144:45.33",
  "rating": 2.16,
  "review_count": 1,
  "confidence": 0.2,
  "raw_rating": 4.0,
  "high_ratings": 1,
  "low_ratings": 0
}