{
  "identifier": "gd1987-04-19.142119.sbd.miller.flac2496",
  "title": "Grateful Dead Live at Irvine Meadows on 1987-04-19",
  "date": "1987-04-19",
  "venue": "Irvine Meadows",
  "location": "Irvine, CA",
  "source_type": "MATRIX",
  "lineage": "Cassette Master (Nakamichi CR-7A) > Tascam DA-3000 (DSF 1-bit/5.6 MHz) >KORG AudioGate 4 > Adobe Audition CC2015 > Samplitude Pro X3 Suite > FLAC/24",
  "taper": "",
  "source": "UltraMatrix SBD > Cassette Master (TDK MA-R90)",
  "runtime": "155:00.012",
  "rating": 0.0,
  "review_count": 0,
  "confidence": 0.0,
  "raw_rating": 0.0,
  "high_ratings": 0,
  "low_ratings": 0
}