{
  "identifier": "gd1981-09-12.158148.akg.se5.wiseman.miller.clugston.flac2496",
  "title": "Grateful Dead Live at Greek Theatre, University Of California on 1981-09-12",
  "date": "1981-09-12",
  "venue": "Greek Theatre, University Of California",
  "location": "Berkeley, CA",
  "source_type": "AUD",
  "lineage": "Master Cassette (Nakamichi LX-5) > MOTU M4 > Macbook Pro > Audacity (.wav 24-bit/96k) > Adobe Audition 2021 > TLH flac2496",
  "taper": "Scott Wiseman",
  "source": "Scott Wiseman's Master Audience Cassettes; AKG SE-5E mics with CE-1 cardioid capsules > Sony TC-D5 (Maxell UDXLII 90)",
  "runtime": "198:20.165",
  "rating": 0.0,
  "review_count": 0,
  "confidence": 0.0,
  "raw_rating": 0.0,
  "high_ratings": 0,
  "low_ratings": 0
}