{
  "identifier": "gd1985-03-24.senn421.mccue.ford.34619.sbeok.flac16",
  "title": "Grateful Dead Live at Springfield Civic Center on 1985-03-24",
  "date": "1985-03-24",
  "venue": "Springfield Civic Center",
  "location": "Springfield, MA",
  "source_type": "AUD",
  "lineage": "Master Audience Cassettes>Nakamichi CD2[azimuth adjusted]>RCA>Audiophile 2496>CEP 2.0[normalized100%]>CD Wave Editor>Flac Frontend>FLAC16.",
  "taper": "Mark McCue, Adam, Monica & John",
  "source": "MAC: (FOB) 2 Sennheiser 421's > Sony TC-D5 > TDK MA90's",
  "runtime": "135",
  "rating": 0.0,
  "review_count": 0,
  "confidence": 0.0,
  "raw_rating": 0.0,
  "high_ratings": 0,
  "low_ratings": 0
}