{
  "identifier": "gd1976-06-29.aud.digitalrbb.miller.112407.flac16",
  "title": "Grateful Dead Live at Auditorium Theatre on 1976-06-29",
  "date": "1976-06-29",
  "venue": "Auditorium Theatre",
  "location": "Chicago, IL",
  "source_type": "AUD",
  "lineage": "Cassette Master (Nakamichi CR-7A) -> Apogee Ensemble -> AIFF -> Samplitude Professional v11.2 -> FLAC",
  "taper": "",
  "source": "Stereo Microphone (Possibly Sony Microphone) -> Cassette Master (Nakamichi 550)",
  "runtime": "171:31.65",
  "rating": 0.0,
  "review_count": 1,
  "confidence": 0.0,
  "raw_rating": 0.0,
  "high_ratings": 0,
  "low_ratings": 0
}