{
  "identifier": "gd1988-06-30.141704.FOB.AKG.Ackerman.Miller.Noel.t-flac2496",
  "title": "Grateful Dead Live at Silver Stadium on 1988-06-30",
  "date": "1988-06-30",
  "venue": "Silver Stadium",
  "location": "Rochester, NY",
  "source_type": "AUD",
  "lineage": "",
  "taper": "Ray Ackerman",
  "source": "Recording Info: Ray Ackerman's Master Audience Cassettes; AKG 460 w/ck63 caps > AKG B18 phantom power unit > Sony D5; Transfer Info: Master Cassettes (Sony TCK71) > Grace Design Lunatec V3 (Oade modified) > M-Audio MicroTrack II (wav 24-bit/96k)",
  "runtime": "116:46.452",
  "rating": 0.0,
  "review_count": 0,
  "confidence": 0.0,
  "raw_rating": 0.0,
  "high_ratings": 0,
  "low_ratings": 0
}