{
  "identifier": "gd1990-12-28.138057.BK4011.Schoeps.Darroch.Katzeff.Ammons.flac1648",
  "title": "Grateful Dead Live at Oakland-Alameda County Coliseum on 1990-12-28",
  "date": "1990-12-28",
  "venue": "Oakland-Alameda County Coliseum",
  "location": "Oakland, CA",
  "source_type": "AUD",
  "lineage": "Tascam DA20 Mark II DAT > Roland SRC-2 sample rate/format converter (from SPDIF to Optcal) > Mac Mini > Audacity 3.0 at 48K > Wave by John Ammons;  Wave > Audacity > labeled > patched > export multiple > flac 16/48 (level 8); Checksum & tags created in xACT; Tracking, patch, checksum & tags by Joe Noel",
  "taper": "Rob Darroch;Rick Katzeff;John Ammons",
  "source": "<b>flac16/48kHz</b>; Set I: B&K 4011 > Schoeps T-bar @ 100 degrees ORTF > ProLink Cables > Mod Neumann PS > Panasonic SV255; hand held by Rob Darroch; Set 2: Schoeps CMC 34 > Schoeps T-bar @ 100 degrees ORTF > MIT Cables >Oade PS > Panasonic SV250; with stand through drums; hand held by Rick Katzeff from Space;",
  "runtime": "88:34.945",
  "rating": 0.0,
  "review_count": 0,
  "confidence": 0.0,
  "raw_rating": 0.0,
  "high_ratings": 0,
  "low_ratings": 0
}