{
  "identifier": "gd1990-03-19.nak300.carpenter.andrewf.86825.sbeok.flac16",
  "title": "Grateful Dead Live at Civic Center on 1990-03-19",
  "date": "1990-03-19",
  "venue": "Civic Center",
  "location": "Hartford , CT",
  "source_type": "AUD",
  "lineage": "MAC > Nakamichi BX-125 > Audiophile 2496 analog-in > Soundforge > CD-Wave > TLH > FLAC",
  "taper": "Ted Carpenter",
  "source": "Nakamichi CM-300's w/CP-4 shotgun capsules > Sony TC-D5M > Maxell MX-90's, with no Dolby. Mics on stand 7-feet high, set up just behind the soundboard area: Sec 8, Row D. (Note: there was no taping section at this show.)",
  "runtime": "153",
  "rating": 0.0,
  "review_count": 0,
  "confidence": 0.0,
  "raw_rating": 0.0,
  "high_ratings": 0,
  "low_ratings": 0
}