{
  "identifier": "gd1982-04-18.155703.senn421.vita.miller.clugston.flac2496",
  "title": "Grateful Dead Live at Hartford Civic Center on 1982-04-18",
  "date": "1982-04-18",
  "venue": "Hartford Civic Center",
  "location": "Hartford, CT",
  "source_type": "AUD",
  "lineage": "Master Cassettes (Nakamichi CR-7A) > Tascam DA-3000 (24-bit/96k)> Adobe Audition CC 2020 > TLH flac2496",
  "taper": "Jim Vita",
  "source": "Jim Vita's Master Audience Cassettes ; Sennheiser 421 mics > Sony TC-D5M (Maxell XLII-S)",
  "runtime": "170:02.116",
  "rating": 0.0,
  "review_count": 0,
  "confidence": 0.0,
  "raw_rating": 0.0,
  "high_ratings": 0,
  "low_ratings": 0
}