{
  "identifier": "gd1977-12-31.140951.akg.d224e.troy.smith.miller.clugston.flac1644",
  "title": "Grateful Dead Live at Winterland Arena on 1977-12-31",
  "date": "1977-12-31",
  "venue": "Winterland Arena",
  "location": "San Francisco, CA",
  "source_type": "AUD",
  "lineage": "",
  "taper": "Sandy Troy",
  "source": "Source Info: Master Audience Reels; AKG D224E mics > Sandy Troy's 1st generation 10\" Reels @ 7 1/2 ips; Transfer Info: 1st generation Reels (Technics RS 1506) > Apogee Mini Me > Mini DAC > WaveLab 8(flac 24/96)> Adobe Audition 3.0 (24/96)> TLH flac2496; 24 bit > 16 bit via dBpoweramp",
  "runtime": "161:17.67",
  "rating": 0.0,
  "review_count": 0,
  "confidence": 0.0,
  "raw_rating": 0.0,
  "high_ratings": 0,
  "low_ratings": 0
}