{
  "identifier": "gd1990-09-11.146063.FOB.BK4011.Brotman.Metchick.Miller.Noel.t-flac1648",
  "title": "Grateful Dead Live at The Spectrum on 1990-09-11",
  "date": "1990-09-11",
  "venue": "The Spectrum",
  "location": "Philadelphia, PA",
  "source_type": "AUD",
  "lineage": "Transfer info: Dat > Sony PCM r500 > Tascam DA-3000 > flac 16/48",
  "taper": "Dave Brotman & Jeff Metchick Master Digital Recording",
  "source": "Recording info: B&K 4011 (110\u00b0) > B&K power supply > Master DAT (Panasonic SV-250/48k).  Location: FOB; Sec, 102 Row 14, Seat 13 (mics on stand @ 6')",
  "runtime": "",
  "rating": 1.68,
  "review_count": 1,
  "confidence": 0.2,
  "raw_rating": 4.0,
  "high_ratings": 1,
  "low_ratings": 0
}