{
  "identifier": "gd1979-02-10.sonyecm250.walker-scotton.miller.fix.97354.sbeok.flac16",
  "title": "Grateful Dead Live at Soldier's And Sailors Memorial Hall on 1979-02-10",
  "date": "1979-02-10",
  "venue": "Soldier's And Sailors Memorial Hall",
  "location": "Kansas City, KS",
  "source_type": "AUD",
  "lineage": "Cassette Master (Tascam 122mkII) -> Apogee MiniMe (24bit/48k) -> Samplitude Professional v8.01 -> Adobe Audition v1.5 -> FLAC/16",
  "taper": "Joani Walker and Paul Scotton",
  "source": "(FOB) Sony ECM 250 -> Cassette Master (Maxell UD-XLII/Dolby B)",
  "runtime": "173:18.65",
  "rating": 2.9924999999999997,
  "review_count": 4,
  "confidence": 0.8,
  "raw_rating": 4.75,
  "high_ratings": 4,
  "low_ratings": 0
}