{
  "identifier": "gd1987-08-12.160465.beyerm201.holbrook.flac2448",
  "title": "Grateful Dead Live at Red Rocks Amphitheatre on 1987-08-12",
  "date": "1987-08-12",
  "venue": "Red Rocks Amphitheatre",
  "location": "Morrison, CO",
  "source_type": "AUD",
  "lineage": "Transfer: Nakamichi LX-5 > Benchmark Sonic AD2K @24|48 > Marantz PMD 661|SD Processing: SD| Audacity | cdwav editor | TLH | FLAC",
  "taper": "Executive Crew: Tom Pinney, Eric Britt, Phil Schuman, Kyle Holbrook, John Goode",
  "source": "microphones: Beyer M201's XY > recorder: Sony TCD5M|Maxell MX 90 x 2 No Dolby Location: 100 feet from stage 10 ft ROC",
  "runtime": "",
  "rating": 0.0,
  "review_count": 0,
  "confidence": 0.0,
  "raw_rating": 0.0,
  "high_ratings": 0,
  "low_ratings": 0
}