{
  "identifier": "gd1993-09-08.schoeps-evans.waddell.91950.flac16",
  "title": "Grateful Dead Live at Richfield Coliseum on 1993-09-08",
  "date": "1993-09-08",
  "venue": "Richfield Coliseum",
  "location": "Richfield, OH",
  "source_type": "AUD",
  "lineage": "16 bit \u2013 48kHz DAT Master > TASCAM DA-20 (SPDIF out) -> LynxTWO-B Audio Reference Interface (SPDIF in) -> Wavelab 6.0",
  "taper": "Todd Evans",
  "source": "Schoeps Mk4v Capsules (ORTF Cardiod) -> Schoeps KC5 Active Cable -> Schoeps CMC6 Mic Body -> Monster M1000 Jumper -> Apogee AD500e -> Casio DA-R100 DAT Deck.",
  "runtime": "",
  "rating": 0.0,
  "review_count": 0,
  "confidence": 0.0,
  "raw_rating": 0.0,
  "high_ratings": 0,
  "low_ratings": 0
}