{
  "identifier": "gd1967-08-05.sbd.10356.shnf",
  "title": "Grateful Dead Live at O'Keefe Center on 1967-08-05",
  "date": "1967-08-05",
  "venue": "O'Keefe Center",
  "location": "Toronto, ON",
  "source_type": "SBD",
  "lineage": "",
  "taper": "",
  "source": "Stereo SBD MR>R>DAT(3)>CDR(unknown number of CD gens)>EAC> Cool Edit 2000>CD Wave>SHN",
  "runtime": "",
  "rating": 4.571428571428571,
  "review_count": 7,
  "confidence": 1.0,
  "raw_rating": 4.571428571428571,
  "high_ratings": 7,
  "low_ratings": 0
}