{
  "identifier": "gd1990-03-28.sbd.miller.87643.sbeok.flac16",
  "title": "Grateful Dead Live at Nassau Veterans Memorial Coliseum on 1990-03-28",
  "date": "1990-03-28",
  "venue": "Nassau Veterans Memorial Coliseum",
  "location": "Uniondale, NY",
  "source_type": "SBD",
  "lineage": "Cassette Master (Nakamichi DR-1) -> Apogee MiniMe (24bit/48k) ->",
  "taper": "",
  "source": "SBD -> Dat -> Cassette Master (TDK MA-R90) D",
  "runtime": "141",
  "rating": 4.25,
  "review_count": 9,
  "confidence": 1.0,
  "raw_rating": 4.25,
  "high_ratings": 6,
  "low_ratings": 0
}