{
  "identifier": "gd1985-04-13.sbd.miller.77348.sbeok.flac16",
  "title": "Grateful Dead Live at Irvine Meadows on 1985-04-13",
  "date": "1985-04-13",
  "venue": "Irvine Meadows",
  "location": "Laguna Hills, CA",
  "source_type": "SBD",
  "lineage": "Cassette (Nakamichi DR-1) -> Sony R500 (Pass Through) -> SEK'D Prodif Plus -> Samplitude Professional v8.01 -> FLAC",
  "taper": "Paul Scotton and Joani Walker",
  "source": "SBD -> Cassette Master -> Cassette (Maxell XLIIS-90)",
  "runtime": "133",
  "rating": 4.333333333333333,
  "review_count": 6,
  "confidence": 1.0,
  "raw_rating": 4.333333333333333,
  "high_ratings": 6,
  "low_ratings": 0
}