{
  "identifier": "gd1982-04-18.nak700.glassberg.78984.sbeok.flac16",
  "title": "Grateful Dead Live at Hartford Civic Center on 1982-04-18",
  "date": "1982-04-18",
  "venue": "Hartford Civic Center",
  "location": "Hartford, CT",
  "source_type": "AUD",
  "lineage": "MAC > DAT > CDR > EAC > Flac-level8",
  "taper": "Barry Glassberg",
  "source": "FOB-Nak 700's > Sony D5 > MAC",
  "runtime": "177:40.25",
  "rating": 1.2599999999999998,
  "review_count": 1,
  "confidence": 0.2,
  "raw_rating": 3.0,
  "high_ratings": 0,
  "low_ratings": 0
}