{
  "identifier": "gd1989-04-17.AKG451.Darby.117564.Flac2448",
  "title": "Grateful Dead Live at Metropolitan Sports Center on 1989-04-17",
  "date": "1989-04-17",
  "venue": "Metropolitan Sports Center",
  "location": "Minneapolis, MN",
  "source_type": "AUD",
  "lineage": "",
  "taper": "Mike Darby",
  "source": "Master Audience Recorded By Mr. Darby; AKGC451E/ck1's (PAS/Sec 2 Row 42 Seat 13/6 Feet High)> Transfer Information:Tascam 112 MKII (XLR Out)>Tascam HD-P2 @ 24/48> HDD>Amadeus Pro (Tracking/Fades/FLAC8); Tracks Renamed/Metadata Tagging With AudioGate Software By Keo",
  "runtime": "",
  "rating": 1.68,
  "review_count": 1,
  "confidence": 0.2,
  "raw_rating": 4.0,
  "high_ratings": 1,
  "low_ratings": 0
}