{
  "identifier": "gd1981-02-28.naks.mason.128747.flac16",
  "title": "Grateful Dead Live at Uptown Theater on 1981-02-28",
  "date": "1981-02-28",
  "venue": "Uptown Theater",
  "location": "Chicago, IL",
  "source_type": "AUD",
  "lineage": "",
  "taper": "Mason B. Taylor",
  "source": "Recorded By Mason Taylor on a Nakamichi 550 Cassette Deck, on chrome tapes, with Nakamichi microphones; Transferred on Mason's restored Nak550 properly",
  "runtime": "197:18.73",
  "rating": 0.0,
  "review_count": 0,
  "confidence": 0.0,
  "raw_rating": 0.0,
  "high_ratings": 0,
  "low_ratings": 0
}