{
  "identifier": "gd1980-09-26.155426.sbd.tape1.1gen.miller.t.flac16",
  "title": "Grateful Dead Live at Warfield Theater on 1980-09-26",
  "date": "1980-09-26",
  "venue": "Warfield Theater",
  "location": "San Francisco, CA",
  "source_type": "SBD",
  "lineage": "Cassette (Nakamichi CR-7A) > Tascam DA-3000 (DSF 1-bit/5.6MHz) > Tascam Hi-Res Editor (WAV 24-bit/96k) > Adobe Audition 2020 > Samplitude Pro X6 Suite > FLAC/24",
  "taper": "",
  "source": "SBD > Cassette Master (Nakamichi 550) > Cassette (Sony TC-D5M/TDK SA-C90)",
  "runtime": "71:31.41",
  "rating": 0.0,
  "review_count": 1,
  "confidence": 0.0,
  "raw_rating": 0.0,
  "high_ratings": 0,
  "low_ratings": 0
}