{
  "identifier": "gd1979-12-26.sonyECM250.walker-scotton.miller.89187.sbeok.flac16",
  "title": "Grateful Dead Live at Oakland Auditorium Arena on 1979-12-26",
  "date": "1979-12-26",
  "venue": "Oakland Auditorium Arena",
  "location": "Oakland, CA",
  "source_type": "AUD",
  "lineage": "Cassette Master (Nakamichi DR-1) -> Sound Devices 744T (24bit/96k) -> Samplitude Professional v10 -> FLAC/16",
  "taper": "Joani Walker",
  "source": "Sony ECM-250 -> Cassette Master (Sony TC-158/Maxell UDXL-II90)",
  "runtime": "199:11.21",
  "rating": 3.2666666666666666,
  "review_count": 18,
  "confidence": 1.0,
  "raw_rating": 4.666666666666667,
  "high_ratings": 15,
  "low_ratings": 0
}