{
  "identifier": "gd1981-08-12.153256.sony.vita.miller.clugston.flac1648",
  "title": "Grateful Dead Live at Salt Palace on 1981-08-12",
  "date": "1981-08-12",
  "venue": "Salt Palace",
  "location": "Salt Lake City, UT",
  "source_type": "AUD",
  "lineage": "Master Cassettes (Nakamichi CR-7A) > Tascam DA-3000 (24-bit/96k) > Adobe Audition CC 2020 > TLH flac2496",
  "taper": "Jim Vita",
  "source": "Jim Vita's Master Audience Cassettes; Sony Stereo mic > Sony TC-D5M (Maxell XLII-S)",
  "runtime": "175:40.912",
  "rating": 0.0,
  "review_count": 0,
  "confidence": 0.0,
  "raw_rating": 0.0,
  "high_ratings": 0,
  "low_ratings": 0
}