{
  "identifier": "gd1985-11-20.135121.aud.bernstein.flac2448",
  "title": "Grateful Dead Live at Henry J. Kaiser Convention Center on 1985-11-20",
  "date": "1985-11-20",
  "venue": "Henry J. Kaiser Convention Center",
  "location": "Oakland, CA",
  "source_type": "AUD",
  "lineage": "MAC > Nakamichi CR-5A > Edirol FA-66 > Wavelab 2448 > CD-Wave (24bit output) > TLH > FLAC 2448 tagged. Transferred by Andrew F. 01/2016",
  "taper": "Jon Bernstein",
  "source": "AUD: Unknown mics > Sony TC-D5 > Maxell MX-Metal 90's. Recording by Jon Bernstein.",
  "runtime": "134:56.661",
  "rating": 0.0,
  "review_count": 0,
  "confidence": 0.0,
  "raw_rating": 0.0,
  "high_ratings": 0,
  "low_ratings": 0
}