{
  "identifier": "gd1988-03-30.sbd.miller.91159.sbeok.flac16",
  "title": "Grateful Dead Live at Brendan Byrne Arena on 1988-03-30",
  "date": "1988-03-30",
  "venue": "Brendan Byrne Arena",
  "location": "East Rutherford , NJ",
  "source_type": "SBD",
  "lineage": "Cassette Master (Nakamichi DR-1) -> Sound Devices 744T (24bit/48k) ->",
  "taper": "",
  "source": "SBD -> Cassette Master (TDK SA-X90) D",
  "runtime": "136",
  "rating": 3.6666666666666665,
  "review_count": 6,
  "confidence": 1.0,
  "raw_rating": 3.6666666666666665,
  "high_ratings": 4,
  "low_ratings": 0
}