{
  "identifier": "gd1989-10-23.nak300.holtz.lmpp.96922.flac16",
  "title": "Grateful Dead Live at Charlotte Coliseum on 1989-10-23",
  "date": "1989-10-23",
  "venue": "Charlotte Coliseum",
  "location": "Charlotte, NC",
  "source_type": "AUD",
  "lineage": "",
  "taper": "Greg Holtz",
  "source": "Source: Audience Recording Lineage: Nak CM-300s with CP-4 caps (OTS on tall stand) > D-5 > MAC > Nak zx-7 > Tascam HD-P2 > 24/96 wave > wavelab 5 > plugs > r8brain pro > 16/44.1 wave > cd wave > flac 16 (TLH lvl 8)",
  "runtime": "164:52",
  "rating": 1.2599999999999998,
  "review_count": 1,
  "confidence": 0.2,
  "raw_rating": 3.0,
  "high_ratings": 0,
  "low_ratings": 0
}