{
  "identifier": "gd1976-07-13.150958.SBD.reMaster.Ackerman.Noel.t-flac1644",
  "title": "Grateful Dead Live at Orpheum Theatre on 1976-07-13",
  "date": "1976-07-13",
  "venue": "Orpheum Theatre",
  "location": "San Francisco, CA",
  "source_type": "SBD",
  "lineage": "",
  "taper": "",
  "source": "reMaster of shnid 150867 by Ray Ackerman & Joe Noel",
  "runtime": "2:41:39.46",
  "rating": 0.6,
  "review_count": 1,
  "confidence": 0.2,
  "raw_rating": 1.0,
  "high_ratings": 0,
  "low_ratings": 1
}