{
  "identifier": "gd1990-03-28.sbd.cutler.hollister.7510.sbeok.shnf",
  "title": "Grateful Dead Live at Nassau Veterans Memorial Coliseum on 1990-03-28",
  "date": "1990-03-28",
  "venue": "Nassau Veterans Memorial Coliseum",
  "location": "Uniondale, NY",
  "source_type": "SBD",
  "lineage": "EAC Secure Mode w/correct offest>Plextor SCSI 40X>MKW>SHN",
  "taper": "John Cutler",
  "source": "SBD>24 Track Mixdown>DAT>C>PCM>FC/DD2496>CD",
  "runtime": "139:14",
  "rating": 3.15,
  "review_count": 2,
  "confidence": 0.4,
  "raw_rating": 4.5,
  "high_ratings": 2,
  "low_ratings": 0
}