{
  "identifier": "gd1979-11-09.169523.akg.220e.wagner.miller.clugston.flac2496",
  "title": "Grateful Dead Live at Community War Memorial Auditorium on 1979-11-09",
  "date": "1979-11-09",
  "venue": "Community War Memorial Auditorium",
  "location": "Buffalo, NY",
  "source_type": "AUD",
  "lineage": "1st Generation Cassettes (Nakamichi CR-7A)> Tascam DA-3000 (DSF 1-bit/5.6 MHz) > dBpoweramp (.wav 24-bit/96k) > Adobe Audition CC 2025 > TLH flac2496",
  "taper": "Bob Wagner",
  "source": "Master Audience Cassettes; AKG 220E mics > unknown deck > Bob Wagner's 1st generation cassettes",
  "runtime": "",
  "rating": 0.0,
  "review_count": 0,
  "confidence": 0.0,
  "raw_rating": 0.0,
  "high_ratings": 0,
  "low_ratings": 0
}