{
  "identifier": "gd1985-02-18.nak100.holtz.lmpp.105539.flac16",
  "title": "Grateful Dead Live at Henry J. Kaiser Convention Center on 1985-02-18",
  "date": "1985-02-18",
  "venue": "Henry J. Kaiser Convention Center",
  "location": "Oakland, CA",
  "source_type": "AUD",
  "lineage": "mac > Tascam 122B > Tascam HD-P2 > 24/48 wav > Adobe Audition 1.5 > Wavelab 6 (with iZotope Ozone 4) > iZotope RX Advanced > 16/44.1 wav > CD Wave > flac 16",
  "taper": "Greg Holtz",
  "source": "Nakamichi CM-100's CP-4 caps > Sony WM-D5 > mac",
  "runtime": "139:58.35",
  "rating": 0.0,
  "review_count": 0,
  "confidence": 0.0,
  "raw_rating": 0.0,
  "high_ratings": 0,
  "low_ratings": 0
}