{
  "identifier": "gd1985-11-05.nak300.morris.114675.flac24",
  "title": "The Grateful Dead Live at The Centrum on 1985-11-05",
  "date": "1985-11-05",
  "venue": "The Centrum",
  "location": "Worcester, MA",
  "source_type": "AUD",
  "lineage": "",
  "taper": "Bob Morris",
  "source": "Nakamichi CM-300 x2 > Cassette Master (Sony TCD5M/Maxell XLII-S C-90) Cassette Master (Nakamichi DR-1) > Korg MR-1000 (1-bit/5.6MHz) > Audiogate (1-bit/5.6MHz > 24-bit/96KHz) > Soundforge 9.0 (edits) > flac24; Recorded from Taper Section 101, Row DD, Seat 2 by Bob Morris",
  "runtime": "150:45.404",
  "rating": 0.0,
  "review_count": 0,
  "confidence": 0.0,
  "raw_rating": 0.0,
  "high_ratings": 0,
  "low_ratings": 0
}