{
  "identifier": "gd1990-04-02.fob.unknown.5064.sbeok.shnf",
  "title": "Grateful Dead Live at The Omni on 1990-04-02",
  "date": "1990-04-02",
  "venue": "The Omni",
  "location": "Atlanta, GA",
  "source_type": "AUD",
  "lineage": "",
  "taper": "Unknown",
  "source": "FOB Nak 300/CP4's (Pair) + Sennheiser 441's (Pair) > Sony Mixer > Sony D10 Pro > RME46/8 > SoundForge > CD",
  "runtime": "",
  "rating": 1.866666666666667,
  "review_count": 3,
  "confidence": 0.6,
  "raw_rating": 3.3333333333333335,
  "high_ratings": 2,
  "low_ratings": 1
}