{
  "identifier": "gd1982-10-17.161966.senn421.blend.vita.miller.clugston.flac1648",
  "title": "Grateful Dead Live at Santa Fe Downs on 1982-10-17",
  "date": "1982-10-17",
  "venue": "Santa Fe Downs",
  "location": "Santa FE, NM",
  "source_type": "AUD",
  "lineage": "1st Generation Cassettes (Nakamichi CR-7A)> Tascam DA-3000 (24-bit/96k) > Adobe Audition CC 2022 > TLH flac2496",
  "taper": "Jim Vita",
  "source": "Master Audience Cassettes; 3 x Sennheiser  421 mics > unknown mixer > Sony D5 > Jim Vita's 1st Generation Cassettes",
  "runtime": "185:22.828",
  "rating": 0.0,
  "review_count": 0,
  "confidence": 0.0,
  "raw_rating": 0.0,
  "high_ratings": 0,
  "low_ratings": 0
}