{
  "identifier": "gd1977-05-22.150935.sbd.master-reel.miller.flac1644",
  "title": "Grateful Dead Live at The Sportatorium on 1977-05-22",
  "date": "1977-05-22",
  "venue": "The Sportatorium",
  "location": "Pembroke Pines, FL",
  "source_type": "SBD",
  "lineage": "DAT (Panasonic SV-3800) > Pro Tools > WAV (16-bit/44.1k)",
  "taper": "",
  "source": "SBD > Master Reel (7in 7.5ips 1/2trk) > dbx922 > DAT (Panasonic SV-3700/44.1k)",
  "runtime": "197:26.00",
  "rating": 4.0,
  "review_count": 5,
  "confidence": 0.6,
  "raw_rating": 5.0,
  "high_ratings": 3,
  "low_ratings": 0
}