{
  "identifier": "gd1986-12-16.140294.fob.schoeps.cmc4.mk41.oade.wise.miller.clugston.flac1644",
  "title": "Grateful Dead Live at Oakland-Alameda County Coliseum Arena on 1986-12-16",
  "date": "1986-12-16",
  "venue": "Oakland-Alameda County Coliseum Arena",
  "location": "Oakland, CA",
  "source_type": "AUD",
  "lineage": "",
  "taper": "Oade Brothers",
  "source": "Source Info: (FOB) Schoeps CMC4/MK41 > Oade M118 > Sony PCM-F1; Transfer Info: Master Oade PCM (unknown deck/hardware/software) > hard disk > Adobe Audition 3.0 > TLH flac16",
  "runtime": "143:55.48",
  "rating": 0.0,
  "review_count": 0,
  "confidence": 0.0,
  "raw_rating": 0.0,
  "high_ratings": 0,
  "low_ratings": 0
}