{
  "identifier": "gd1988-09-03.163789.nak300.hessberg.miller.clugston.flac1648",
  "title": "Grateful Dead Live at Capital Centre on 1988-09-03",
  "date": "1988-09-03",
  "venue": "Capital Centre",
  "location": "Landover, MD",
  "source_type": "AUD",
  "lineage": "Cassette Master (Nakamichi DR-1) > Tascam DA-3000 (DSF 1-bit/5.6 MHz)> dBpoweramp (24/96) > Adobe Audition CC 2021 > TLH flac2496",
  "taper": "Michael Hessberg",
  "source": "Michael Hessberg's Master Audience Cassettes; Nakamichi 300 mics > Sony D5M",
  "runtime": "140:18.514",
  "rating": 0.0,
  "review_count": 0,
  "confidence": 0.0,
  "raw_rating": 0.0,
  "high_ratings": 0,
  "low_ratings": 0
}