{
  "identifier": "gd1978-04-21.151824.1p.2.shure.sm57.sublette.mattes.miller.clugston.flac2496",
  "title": "Grateful Dead Live at Rupp Arena, University Of Kentucky on 1978-04-21",
  "date": "1978-04-21",
  "venue": "Rupp Arena, University Of Kentucky",
  "location": "Lexington, KY",
  "source_type": "AUD",
  "lineage": "Cassette Master (Nakamichi DR-1)> Tascam DA-3000 (DSF 1-bit/5.6 MHz)> dBpoweramp > Adobe Audition CC 2019 > TLH flac2496",
  "taper": "Kathy Sublette",
  "source": "Kathy Sublette's Master Audience Cassettes; Shure SM57 mics > Sony-TC158",
  "runtime": "130:38.732",
  "rating": 0.0,
  "review_count": 0,
  "confidence": 0.0,
  "raw_rating": 0.0,
  "high_ratings": 0,
  "low_ratings": 0
}