{
  "identifier": "gd1991-10-30.young-buick.gems.102209.flac16",
  "title": "Grateful Dead Live at Oakland-Alameda County Coliseum on 1991-10-30",
  "date": "1991-10-30",
  "venue": "Oakland-Alameda County Coliseum",
  "location": "Oakland, CA",
  "source_type": "UNKNOWN",
  "lineage": "16 bit \u2013 48kHz DAT Master > TASCAM DA-20 (SPDIF out) -> LynxTWO-B Audio Reference Interface (SPDIF in) -> Wavelab 6.0 by Todd Evans Editing and Mastering: Jamie Waddell on the GEMS Edit Station. Weiss Saracon for 16 BIT \u2013 44.1kHz SRC and POWR-3 Dither Traders Little Helper for FLAC Level 8 SBE Free Todd Evans - Tag & Rename for FLAC Meta-Data Tagging",
  "taper": "Marcus Buick and James Young",
  "source": "Schoeps CMC34 > MIT Cable > Oade Power Supply > Panasonic sv255 Recording Location: FOB - Hand Held Both Sets",
  "runtime": "163:46.20",
  "rating": 1.75,
  "review_count": 2,
  "confidence": 0.4,
  "raw_rating": 5.0,
  "high_ratings": 2,
  "low_ratings": 0
}