{
  "identifier": "gd1973-11-21.133522.mtx.dusborne.flac16",
  "title": "Grateful Dead Live at Denver Coliseum on 1973-11-21",
  "date": "1973-11-21",
  "venue": "Denver Coliseum",
  "location": "Denver, CO",
  "source_type": "MATRIX",
  "lineage": "",
  "taper": "",
  "source": "<b>flac</b>; 2 Source Matrix by Dusborne; Soundboard(shnid:97468) SBD -> Master Reel -> Cassette -> Dat -> CD; CD -> Cool Edit Pro v2.0 -> Samplitude Professional v9.12 -> FLAC and Audience(shnid:22096) Sony 1-point stereo mic > Sony TC-124) > Nak Dragon playback > ART DI/O > HD > Cool Edit 2000 > master CD > Samsung SW-232B extraction (EAC v0.95 prebeta 4) > sector boundary verification (shntool v1.01) > .shn encoding (mkwACT v0.97 beta 1)",
  "runtime": "187:49.42",
  "rating": 2.6999999999999997,
  "review_count": 1,
  "confidence": 0.2,
  "raw_rating": 5.0,
  "high_ratings": 1,
  "low_ratings": 0
}