{
  "identifier": "gd1990-03-30.sbd.barbella.8366.sbeok.shnf",
  "title": "Grateful Dead Live at Nassau Veterans Memorial Coliseum on 1990-03-30",
  "date": "1990-03-30",
  "venue": "Nassau Veterans Memorial Coliseum",
  "location": "Uniondale, NY",
  "source_type": "SBD",
  "lineage": "",
  "taper": "",
  "source": "24-track master (presumably ADAT) > 2-track mixdown > DAT > Cass > PCM > CD",
  "runtime": "",
  "rating": 0.0,
  "review_count": 0,
  "confidence": 0.0,
  "raw_rating": 0.0,
  "high_ratings": 0,
  "low_ratings": 0
}