{
  "identifier": "gd1988-12-29.fob.nak100.holtz.lmpp.98925.flac16",
  "title": "Grateful Dead Live at Oakland Coliseum Arena on 1988-12-29",
  "date": "1988-12-29",
  "venue": "Oakland Coliseum Arena",
  "location": "Oakland, CA",
  "source_type": "AUD",
  "lineage": "MAC > Nak dr-1 > 24/96 Wave > Wavelab 5 > UAD Plugs > R8Brain Pro > Izotope Ozone 3 (mbit  ) > 16/44.1 Wave > cd wave > flac 16 > TLH ( lvl 8 )",
  "taper": "Greg Holtz",
  "source": "2 Nak 100's w/ CP-4 Guns > Sony D5",
  "runtime": "146:46.67",
  "rating": 0.0,
  "review_count": 0,
  "confidence": 0.0,
  "raw_rating": 0.0,
  "high_ratings": 0,
  "low_ratings": 0
}