{
  "identifier": "gd1984-07-21.166980.senn441.vita.miller.clugston.flac1648",
  "title": "Grateful Dead Live at Ventura County Fairgrounds on 1984-07-21",
  "date": "1984-07-21",
  "venue": "Ventura County Fairgrounds",
  "location": "Ventura, CA",
  "source_type": "AUD",
  "lineage": "1st Generation Cassettes (Nakamichi CR-7A)> Tascam DA-3000 (24-bit/96k) > Adobe Audition CC 2023 > TLH flac2496",
  "taper": "Jim Vita",
  "source": "Master Audience Cassettes; Sennheiser 441 mics > Jim Vita's 1st generation cassettes",
  "runtime": "148:26.085",
  "rating": 0.0,
  "review_count": 0,
  "confidence": 0.0,
  "raw_rating": 0.0,
  "high_ratings": 0,
  "low_ratings": 0
}