{
  "identifier": "gd1991-09-17.senn-ME80.wklitz.94213.flac16",
  "title": "Grateful Dead Live at Madison Square Garden on 1991-09-17",
  "date": "1991-09-17",
  "venue": "Madison Square Garden",
  "location": "New York, NY",
  "source_type": "AUD",
  "lineage": "DAT Master>Tascam DA-30MKII>Sound Devices 702>Soundforge 9(Fades, Sample Rate Conversion)>CDWAV>FLAC",
  "taper": "Keith Litzenberger",
  "source": "Sennheiser ME-80's>Technics SV-MD1 (DAT)",
  "runtime": "",
  "rating": 0.0,
  "review_count": 0,
  "confidence": 0.0,
  "raw_rating": 0.0,
  "high_ratings": 0,
  "low_ratings": 0
}