{
  "identifier": "gd1987-06-27.148848.senn.me80.hessberg.miller.clugston.flac1648",
  "title": "Grateful Dead Live at Alpine Valley Music Theatre on 1987-06-27",
  "date": "1987-06-27",
  "venue": "Alpine Valley Music Theatre",
  "location": "East Troy, WI",
  "source_type": "AUD",
  "lineage": "Cassette Master (Nakamichi DR-1) > Tascam DA-3000 (DSF 1-bit/5.6 MHz)> dBpoweramp (24/96) > Adobe Audition CC 2019 > TLH flac2496",
  "taper": "Michael Hessberg",
  "source": "Michael Hessberg's Master Audience Cassettes; Sennheiser ME-80 mics > Sony D5M",
  "runtime": "",
  "rating": 2.1,
  "review_count": 1,
  "confidence": 0.2,
  "raw_rating": 5.0,
  "high_ratings": 1,
  "low_ratings": 0
}