{
  "identifier": "gd1991-04-04.nak300.holtz.jaz.103623.flac16",
  "title": "Grateful Dead Live at The Omni on 1991-04-04",
  "date": "1991-04-04",
  "venue": "The Omni",
  "location": "Atlanta, GA",
  "source_type": "AUD",
  "lineage": "Master Cassettes (Maxell MX-S 90) Tascam 112MKII -> Korg MR-1, 1bit 2.8MHz -> USB -> Korg Audio Gate Software 24bit 48KHz -> Wave Lab 6.0 w/UAD -> R8brain for 16bit 44.1KHz sample rate conversion -> Traders Little Helper flac8 -> Tag With Tag & Rename",
  "taper": "Greg Holtz",
  "source": "Front Row OTS, Nakamichi CM-300 w/CP-4 shotgun caps -> Sony TC-D5M",
  "runtime": "165:59.32",
  "rating": 2.1,
  "review_count": 1,
  "confidence": 0.2,
  "raw_rating": 5.0,
  "high_ratings": 1,
  "low_ratings": 0
}