{
  "identifier": "gd1989-08-19.124774.akg-c460b.thompson-damico.flac24",
  "title": "Grateful Dead Live at Greek Theatre, U. Of California on 1989-08-19",
  "date": "1989-08-19",
  "venue": "Greek Theatre, U. Of California",
  "location": "Berkeley, CA",
  "source_type": "AUD",
  "lineage": "",
  "taper": "Danny Thompson",
  "source": "Taper: Danny Thompson; Editing: Joe D'Amico; Akg C460B > Preamp Ck61 Uls > Uher Cr240; Master Tapes > Nak Dragon > Korg Mr-1000 > Adobe Audition CS6 > Traders Little Helper; Recorded Front Row Dead Center Right Behind Soundboard",
  "runtime": "150:11.495",
  "rating": 0.0,
  "review_count": 0,
  "confidence": 0.0,
  "raw_rating": 0.0,
  "high_ratings": 0,
  "low_ratings": 0
}