{
  "identifier": "gd1992-06-25.138876.set2.FOB.BK4011.Ammons.Noel.t-flac16",
  "title": "Grateful Dead Live at Soldier Field on 1992-06-25",
  "date": "1992-06-25",
  "venue": "Soldier Field",
  "location": "Chicago, IL",
  "source_type": "AUD",
  "lineage": "from his DAT clone of the master.  Tascam DA20 Mark II DAT > Roland SRC-2 sample rate/format converter (from SPDIF to Optical) > Mac Mini > Audacity 3.0 at 48K > Wave; Edited & Mastered in Audacity by Joe Noel > flac 16/48; Checksum & tags created in xACT",
  "taper": "Unknown",
  "source": "<b>flac16/48kHz</b>; Set 2, unknown taper: B&K 4011 at 110 degrees ORTF > Neumann PS > Sony D10Pro - FOB; John Ammons",
  "runtime": "111:47.974",
  "rating": 0.0,
  "review_count": 0,
  "confidence": 0.0,
  "raw_rating": 0.0,
  "high_ratings": 0,
  "low_ratings": 0
}