{
  "identifier": "gd1982-09-11.137379.nak300.flac1644",
  "title": "Grateful Dead Live at West Palm Beach Auditorium on 1982-09-11",
  "date": "1982-09-11",
  "venue": "West Palm Beach Auditorium",
  "location": "West Palm Beach, FL",
  "source_type": "AUD",
  "lineage": "",
  "taper": "Dave Flaschner",
  "source": "10th Row Center; Nakamichi CM-300 > Sony TC-D5 > MC > DAT; DAT(c) @ 44.1 kHz > Tascam DA-20MKII > Canare Coax > Korg MR-2000S > Kimber USB 2.0 > Samplitude Pro X2 (Build 256) > TLH v2.7.0 (align on sector boundaries, flac 8, ffp) > Foobar2000 v1.3.10 Live Show Tagger; Transfer & edits by Jeff Mitchell",
  "runtime": "174:12.39",
  "rating": 1.68,
  "review_count": 1,
  "confidence": 0.2,
  "raw_rating": 4.0,
  "high_ratings": 1,
  "low_ratings": 0
}