{
  "identifier": "gd1984-10-05.beyerm88.suraci.77703.flac16",
  "title": "Grateful Dead Live at Charlotte Coliseum on 1984-10-05",
  "date": "1984-10-05",
  "venue": "Charlotte Coliseum",
  "location": "Charlotte, NC",
  "source_type": "AUD",
  "lineage": "Sony D5Pro>Lunatec V3>722@24/96 722>Adobe Aud. 2.0>16bit>Cdwav>flac",
  "taper": "Tony Suraci",
  "source": "FOB/Beyer M88's>Sony D5M(XLIIS)",
  "runtime": "",
  "rating": 1.7149999999999996,
  "review_count": 2,
  "confidence": 0.4,
  "raw_rating": 3.5,
  "high_ratings": 1,
  "low_ratings": 0
}