{
  "identifier": "gd1984-04-01.111291.beyer-senn.nubar.d5scott.flac16",
  "title": "Grateful Dead Live at Marin County Veterans Auditorium on 1984-04-01",
  "date": "1984-04-01",
  "venue": "Marin County Veterans Auditorium",
  "location": "San Rafael, CA",
  "source_type": "AUD",
  "lineage": "Sony TC-D5M (original record deck) > Pre Sonus Inspire GT > Sound Forge > .wav files > Trader's Little Helper > flac files",
  "taper": "nubar",
  "source": "source: 2 Beyer M160 & 1 Sennheiser 421 microphones > Nak MX100 w/2001 > Sony TC-D5M  - analog master cassettes;",
  "runtime": "152:57.20",
  "rating": 0.0,
  "review_count": 0,
  "confidence": 0.0,
  "raw_rating": 0.0,
  "high_ratings": 0,
  "low_ratings": 0
}