{
  "identifier": "gd1986-06-26.aud.sirmick.92713.sbeok.flac16",
  "title": "Grateful Dead Live at Hubert H. Humphrey Metrodome on 1986-06-26",
  "date": "1986-06-26",
  "venue": "Hubert H. Humphrey Metrodome",
  "location": "Minneapolis, MN",
  "source_type": "AUD",
  "lineage": "cass (low gen) > Nakamichi BX-125E > Creative Extigy > Wavelab > wav > flac",
  "taper": "Unknown",
  "source": "Unknown Audience Source",
  "runtime": "113:29.29",
  "rating": 0.0,
  "review_count": 0,
  "confidence": 0.0,
  "raw_rating": 0.0,
  "high_ratings": 0,
  "low_ratings": 0
}