{
  "identifier": "gd1995-06-25.121122.nak300.dunbar-graves.flac1648",
  "title": "Grateful Dead Live at Robert F. Kennedy Stadium on 1995-06-25",
  "date": "1995-06-25",
  "venue": "Robert F. Kennedy Stadium",
  "location": "Washington, DC",
  "source_type": "UNKNOWN",
  "lineage": "D8 > Behringer UCA202 > Audacity (@ 48Hz) > WAV > FLAC; Taped by Robert Dunbar; Transferred by Bill Graves",
  "taper": "Robert Dunbar",
  "source": "<b>flac16/48kHz</b>; Source: Nak 300's > A/D > D7;",
  "runtime": "175:50.637",
  "rating": 0.0,
  "review_count": 0,
  "confidence": 0.0,
  "raw_rating": 0.0,
  "high_ratings": 0,
  "low_ratings": 0
}