{
  "identifier": "gd1991-08-13.wklitz.me80.91678.flac",
  "title": "Grateful Dead Live at Cal Expo Amphitheatre on 1991-08-13",
  "date": "1991-08-13",
  "venue": "Cal Expo Amphitheatre",
  "location": "Sacramento, CA",
  "source_type": "AUD",
  "lineage": "DAT MASTER>Tascam DA-30MKII>Sound Devices 702>Wavelab 5 (Fades & Sample Rate Conversion)>CDWAV>FLAC",
  "taper": "Keith Litzenberger",
  "source": "Sennheiser ME-80's>Technics SV-MD1",
  "runtime": "",
  "rating": 2.835,
  "review_count": 5,
  "confidence": 0.8,
  "raw_rating": 4.5,
  "high_ratings": 4,
  "low_ratings": 0
}