{
  "identifier": "gd1991-03-29.133623.Nak300s-Senn441s.Fitzy.Keo.Flac1644",
  "title": "Grateful Dead Live at Nassau Coliseum on 1991-03-29",
  "date": "1991-03-29",
  "venue": "Nassau Coliseum",
  "location": "Uniondale, NY",
  "source_type": "AUD",
  "lineage": "",
  "taper": "Fitzy",
  "source": "Master Audience Recorded By Fitzy, Transfer By Keo; Nakamichi CM300/CP4 Shotguns + Sennheiser 441's> Unknown Radio Shack Mixer > Sony D5,Tapes:Maxell MX 100's; Transfer With Nakamichi MR-1 > Korg MR-1000 @ 1 Bit/5.6 MHz; Tracking/Sample Rate Conversion With AudioGate V.3.0.2 To 32/96 kHz Wave; Dithered/Flacked With Korg Aqua To 16/44; SBE's Checked/Fixed With Trader's Little Helper; Metadata Tagging With Tag&Rename",
  "runtime": "",
  "rating": 0.0,
  "review_count": 0,
  "confidence": 0.0,
  "raw_rating": 0.0,
  "high_ratings": 0,
  "low_ratings": 0
}