{
  "identifier": "gd1985-04-03.senn421-mccue.ford.76403.sbeok.flac16",
  "title": "Grateful Dead Live at Providence Civic Center on 1985-04-03",
  "date": "1985-04-03",
  "venue": "Providence Civic Center",
  "location": "Rovidence, RI",
  "source_type": "AUD",
  "lineage": "MAC>Nakamichi CD2>Lunatec V3(16/44.1)>Audiophile 2496>CEP",
  "taper": "Mark McCue",
  "source": "MAC: Sennheiser 421s > Sony D5 > 2 TDK MA90s",
  "runtime": "",
  "rating": 1.68,
  "review_count": 1,
  "confidence": 0.2,
  "raw_rating": 4.0,
  "high_ratings": 1,
  "low_ratings": 0
}