{
  "identifier": "gd1993-05-22.170346.Nak300.D5.bzlrbi.flac2448",
  "title": "Grateful Dead Live at Shoreline Amphitheatre on 1993-05-22",
  "date": "1993-05-22",
  "venue": "Shoreline Amphitheatre",
  "location": "Mountain View, CA",
  "source_type": "AUD",
  "lineage": "Master cassettes- NAK BX-300 > Sony PCM A-10. CDWav and Audacity to edit.",
  "taper": "Recorded and transfered by Bzl.",
  "source": "(taper's section) Nak300s? > SonyD5",
  "runtime": "142:53.227",
  "rating": 0.0,
  "review_count": 0,
  "confidence": 0.0,
  "raw_rating": 0.0,
  "high_ratings": 0,
  "low_ratings": 0
}