{
  "identifier": "gd1980-10-29.aud-sbd.tetzeli.join-1953-32538.35029.reflac.flac16",
  "title": "Grateful Dead Live at Radio City Music Hall on 1980-10-29",
  "date": "1980-10-29",
  "venue": "Radio City Music Hall",
  "location": "New York , NY",
  "source_type": "AUD",
  "lineage": "patched with MSC>C>Cassette (Sony TC-WE475) -> Sony R500 (Pass Through) ->SEK'D Prodif Plus -> Samplitude Professional v8.01 -> FLAC",
  "taper": "",
  "source": "Master AUD (Wise Sony EMC-280/D-5) Cass>PCM>ZA2>CD",
  "runtime": "219:00",
  "rating": 2.1,
  "review_count": 2,
  "confidence": 0.2,
  "raw_rating": 5.0,
  "high_ratings": 1,
  "low_ratings": 0
}