{
  "identifier": "gd1992-03-23.155837.FOBAKGDAT.GatelyBrotmanAnonNoel.t-flac1648",
  "title": "Grateful Dead Live at The Palace on 1992-03-23",
  "date": "1992-03-23",
  "venue": "The Palace",
  "location": "Auburn Hills, MI",
  "source_type": "AUD",
  "lineage": "Transfer: DAT > Panasonic SV-3800 (spdif out) > Digigram VX Pocket sound card > Panasonic Toughbook (spdif in) > Steinberg Nuendo > WAV 1648",
  "taper": "Recording by B. Gately",
  "source": "Recording: (FOB) AKG 460 > Oade P/S > Panasonic SV255 > DAT",
  "runtime": "2:46:30.795",
  "rating": 0.0,
  "review_count": 0,
  "confidence": 0.0,
  "raw_rating": 0.0,
  "high_ratings": 0,
  "low_ratings": 0
}