{
  "identifier": "gd1977-10-06.164827.aud.gale.miller.clugston.flac1648",
  "title": "Grateful Dead Live at Activity Center, Arizona State University on 1977-10-06",
  "date": "1977-10-06",
  "venue": "Activity Center, Arizona State University",
  "location": "Tempe, AZ",
  "source_type": "AUD",
  "lineage": "Cassettes (Nakamichi CR-7A) > Tascam DA-3000 > 24/96 .wav > Adobe Audition 2023 > 16/48 .wav > TLH flac1648",
  "taper": "Unknown",
  "source": "Audience source of unknown provenance from Dan Gale's collection",
  "runtime": "149:50.107",
  "rating": 0.0,
  "review_count": 0,
  "confidence": 0.0,
  "raw_rating": 0.0,
  "high_ratings": 0,
  "low_ratings": 0
}