{
  "identifier": "gd1990-03-21.138583.FOB.Schoeps.Ammons.Noel.t-flac16",
  "title": "Grateful Dead Live at Copps Coliseum on 1990-03-21",
  "date": "1990-03-21",
  "venue": "Copps Coliseum",
  "location": "Hamilton, ON",
  "source_type": "UNKNOWN",
  "lineage": "from his DAT clone of the master; Tascam DA20 Mark II DAT > Roland SRC-2 sample rate/format converter (from SPDIF to Optical) > Mac Mini > Audacity 3.0 at 48K > Wave; Joe Noel Edits: T,F & P Wave > Audacity > track/label > export multiple > flac 16/48; Checksum & tags created in xACT",
  "taper": "Unknown",
  "source": "<b>flac16/48kHz</b>; Taper unknown; Set I: Schoeps CMC54 (ORTF) > Aerco PS > Panasonic SV250; FOB Row L; Set II: Schoeps CMC44 (ORTF)  > Panasonic SV250; FOB 23rd Row; John Ammons",
  "runtime": "164:36.244",
  "rating": 0.0,
  "review_count": 0,
  "confidence": 0.0,
  "raw_rating": 0.0,
  "high_ratings": 0,
  "low_ratings": 0
}