{
  "identifier": "gd1985-06-28.senn441.mccue.ford.33339.sbeok.flac16",
  "title": "Grateful Dead Live at Hershey Park Stadium on 1985-06-28",
  "date": "1985-06-28",
  "venue": "Hershey Park Stadium",
  "location": "Hershey, PA",
  "source_type": "AUD",
  "lineage": "MAC>Sony D5>Tascam Stand Alone burner(tracked on the fly)>EAC>HD>CDR>EAC>WinXP Pro>wav files joined>CD Wave Editor(retracking)>Flac Frontend>FLAC16",
  "taper": "Mark McCue",
  "source": "2 Sennheiser 441's > Sony D5 > Master Cassettes",
  "runtime": "138",
  "rating": 2.4266666666666663,
  "review_count": 4,
  "confidence": 0.6,
  "raw_rating": 4.333333333333333,
  "high_ratings": 3,
  "low_ratings": 0
}