{
  "identifier": "gd1984-10-15.110044.beyer-senn-daweez.D5scott.flac16",
  "title": "Grateful Dead Live at Hartford Civic Center on 1984-10-15",
  "date": "1984-10-15",
  "venue": "Hartford Civic Center",
  "location": "Hartford, CT",
  "source_type": "AUD",
  "lineage": "Sony TC-D5M (original record deck - Dolby on) > Pre Sonus Inspire GT > Sound Forge > .wav files > Trader's Little Helper > flac and ffp files",
  "taper": "Da Weez",
  "source": "source: 2 Beyer M160 & 1 Sennheiser 421 microphones > Nak MX100 w/2001 > Sony TC-D5M (Dolby on) - analog master cassettes;",
  "runtime": "155:07.44",
  "rating": 2.52,
  "review_count": 4,
  "confidence": 0.8,
  "raw_rating": 4.0,
  "high_ratings": 4,
  "low_ratings": 0
}