{
  "identifier": "gd1977-10-06.113809.kbfh.fm.tamarkin.flac24",
  "title": "The Grateful Dead Live at Activity Center. Arizona State U on 1977-10-06",
  "date": "1977-10-06",
  "venue": "Activity Center. Arizona State U",
  "location": "Tempe, AZ",
  "source_type": "FM",
  "lineage": "",
  "taper": "Tamarkin",
  "source": "King Biscuit Flower Hour > WNEW-FM Broadcast > Off The Air Reel Master > M-Audio Transit > Cool Edit @ 24/96 > CD Wave Editor > Traders Little Helper > Flac",
  "runtime": "78:01.537",
  "rating": 1.92,
  "review_count": 1,
  "confidence": 0.2,
  "raw_rating": 4.0,
  "high_ratings": 1,
  "low_ratings": 0
}