{
  "identifier": "gd1983-06-25.135473.Unk-Hill.Keo.Flac2496",
  "title": "Grateful Dead Live at St. Paul Civic Center on 1983-06-25",
  "date": "1983-06-25",
  "venue": "St. Paul Civic Center",
  "location": "St. Paul, MN",
  "source_type": "AUD",
  "lineage": "",
  "taper": "Steve Hill",
  "source": "Master Audience Recorded By Steve Hill, Transfer By Keo; Unknown Mics > Unknown Number Of Decks Patched Out Of > Sony TC-D5M, Tapes:Maxell UDXLII C90's; Transfer With Nakamichi MR-1 > Korg MR-1000 @ 1 Bit/5.6 MHz; Tracking/Sample Rate Conversion/Flacked With AudioGate V.3.0.4 To 24/96 kHz; Metadata Tagging With Tag&Rename",
  "runtime": "",
  "rating": 0.0,
  "review_count": 0,
  "confidence": 0.0,
  "raw_rating": 0.0,
  "high_ratings": 0,
  "low_ratings": 0
}