{
  "identifier": "gd1972-03-23.157068.aud.lamarre.vernon.sirmick.flac24",
  "title": "Grateful Dead Live at Academy of Music on 1972-03-23",
  "date": "1972-03-23",
  "venue": "Academy of Music",
  "location": "New York, NY",
  "source_type": "AUD",
  "lineage": "Transfer: cassette > Nak CR-7A > Tascam DA-3000 #2 (DSF 1-bit/5.6 MHz) > Tascam Hi Res Editor >wav 24/96 - transferred by Matt Vernon Lineage: wav 24/96 > Adobe Audition 3 > iZotope RX 9 Advanced > iZotope Neutron 2 Advanced >  iZotope RX 9 Advanced > wav 16/44.1 > CD ",
  "taper": "Unknown",
  "source": "Unknown audience cassette - from the collection of Doug Lamarre",
  "runtime": "129:28.533",
  "rating": 0.0,
  "review_count": 0,
  "confidence": 0.0,
  "raw_rating": 0.0,
  "high_ratings": 0,
  "low_ratings": 0
}