{
  "identifier": "gd1985-10-31.126314.chasingwilma.flac24",
  "title": "Grateful Dead Live at Carolina Coliseum, U of South Carolina on 1985-10-31",
  "date": "1985-10-31",
  "venue": "Carolina Coliseum, U of South Carolina",
  "location": "Columbia, SC",
  "source_type": "AUD",
  "lineage": "",
  "taper": "chasingwilma",
  "source": "source: (2) sennheiser 441> tcd-d5>mc; conversion: sony tc we435>sony pcm m-10 24bit/96khz> soundforge> cdwave> traders little helper encoding option 8; conversion rate: 96000/24 bit",
  "runtime": "125:00.733",
  "rating": 0.0,
  "review_count": 0,
  "confidence": 0.0,
  "raw_rating": 0.0,
  "high_ratings": 0,
  "low_ratings": 0
}