{
  "identifier": "gd1988-06-23.142398.sbd.miller.flac1648",
  "title": "Grateful Dead Live at Alpine Valley Music Theatre on 1988-06-23",
  "date": "1988-06-23",
  "venue": "Alpine Valley Music Theatre",
  "location": "East Troy, WI",
  "source_type": "MATRIX",
  "lineage": "Dat (Sony PCM-R500) > Tascam DA-3000 > Samplitude Pro X3 Suite > FLAC/",
  "taper": "",
  "source": "UltraMatrix SBD > Dat (48k)",
  "runtime": "147:25.308",
  "rating": 2.16,
  "review_count": 1,
  "confidence": 0.2,
  "raw_rating": 4.0,
  "high_ratings": 1,
  "low_ratings": 0
}