{
  "identifier": "gd1984-07-13.163362.nak700.wagner.miller.clugston.flac2496",
  "title": "Grateful Dead Live at Greek Theatre on 1984-07-13",
  "date": "1984-07-13",
  "venue": "Greek Theatre",
  "location": "Berkeley, CA",
  "source_type": "AUD",
  "lineage": "Master Cassettes (Nakamichi CR-7A) > Tascam DA-3000 (DSF 1-bit/5.6 MHz)> dBpoweramp (24/96) > Adobe Audition CC 2022 > TLH flac2496",
  "taper": "Bob Wagner",
  "source": "Bob Wagner's Master Audience Cassettes; Nakamichi 700 mics > Sony D5M",
  "runtime": "159:47.882",
  "rating": 0.0,
  "review_count": 0,
  "confidence": 0.0,
  "raw_rating": 0.0,
  "high_ratings": 0,
  "low_ratings": 0
}