{
  "identifier": "gd1988-04-13.156479.UltraMatrix.sbd.cm.miller.t.flac1644",
  "title": "Grateful Dead Live at Rosemont Horizon on 1988-04-13",
  "date": "1988-04-13",
  "venue": "Rosemont Horizon",
  "location": "Rosemont, IL",
  "source_type": "MATRIX",
  "lineage": "Cassette Master (Nakamichi CR-7A) > Tascam DA-3000 (DSF 1-bit/5.6MHz) > Tascam Hi-Res Editor (WAV 24-bit/96k) > Adobe Audition 2020 > Samplitude Pro X6 Suite > FLAC/24",
  "taper": "Recorded by Don Pearson and Dan Healy",
  "source": "Ultramatrix SBD > Cassette Master (Sony TC-D5M/TDK MA-XG90/TDK SA-C90)",
  "runtime": "127:29.08",
  "rating": 0.0,
  "review_count": 0,
  "confidence": 0.0,
  "raw_rating": 0.0,
  "high_ratings": 0,
  "low_ratings": 0
}