{
  "identifier": "gd1986-03-28.139469.FOB.SennME80.Hessberg.Miller.Noel.t-flac24",
  "title": "Grateful Dead Live at Cumberland County Civic Center on 1986-03-28",
  "date": "1986-03-28",
  "venue": "Cumberland County Civic Center",
  "location": "Portland, ME",
  "source_type": "AUD",
  "lineage": "Cassette Master (Nakamichi CR-7A) > Tascam DA-3000 (DSF 1-bit/5.8 MHz) > KORG AudioGate 4 > FLAC; Edited & Mastered in Audacity by Joe Noel: Flac 24/96; Checksum & tags created in xACT",
  "taper": "Michael Hessberg",
  "source": "Michael Hessberg Recording: Sennheiser ME80 > Cassette Master (Sony TC-D5M); Charlie Miller DSD",
  "runtime": "127:51.371",
  "rating": 0.0,
  "review_count": 0,
  "confidence": 0.0,
  "raw_rating": 0.0,
  "high_ratings": 0,
  "low_ratings": 0
}