{
  "identifier": "gd1981-08-31.sbd.miller.110200.flac16",
  "title": "Grateful Dead Live at Aladdin Theater on 1981-08-31",
  "date": "1981-08-31",
  "venue": "Aladdin Theater",
  "location": "Las Vegas, NV",
  "source_type": "SBD",
  "lineage": "CD -> Adobe Audition v3.0 -> Samplitude Professional v11.1 -> FLAC",
  "taper": "Joe Browning",
  "source": "SBD -> Cassette Master -> ? -> Cassette -> CD",
  "runtime": "183:09.60",
  "rating": 3.2,
  "review_count": 4,
  "confidence": 0.6,
  "raw_rating": 4.0,
  "high_ratings": 2,
  "low_ratings": 1
}