{
  "identifier": "gd1992-05-20.140816.UltraMatrixSBD.cm.miller.flac1644",
  "title": "Grateful Dead Live at Cal Expo on 1992-05-20",
  "date": "1992-05-20",
  "venue": "Cal Expo",
  "location": "Sacramento, CA",
  "source_type": "MATRIX",
  "lineage": "Cassette Master (Nakamichi CR-7A) > Tascam DA-3000 (DSF 1-bit/5.8 MHz) >KORG AudioGate 4 > Samplitude Pro X3 Suite > FLAC/24",
  "taper": "",
  "source": "UltraMatrix SBD > Cassette Master (TDK SA-X100)",
  "runtime": "147:02.40",
  "rating": 0.0,
  "review_count": 0,
  "confidence": 0.0,
  "raw_rating": 0.0,
  "high_ratings": 0,
  "low_ratings": 0
}