{
  "identifier": "gd1983-08-27.aud.herbst.31635.flac16",
  "title": "Grateful Dead Live at Seattle Center Coliseum on 1983-08-27",
  "date": "1983-08-27",
  "venue": "Seattle Center Coliseum",
  "location": "Seattle, WA",
  "source_type": "AUD",
  "lineage": "my cassettes (2nd gen) > PC > CDWAV (track splits) > GOLDWAVE (fades) > FLAC",
  "taper": "Jamie Herbst",
  "source": "unknown mics > Sony D5 cassette deck (probable)",
  "runtime": "147",
  "rating": 2.0533333333333332,
  "review_count": 4,
  "confidence": 0.6,
  "raw_rating": 3.6666666666666665,
  "high_ratings": 2,
  "low_ratings": 0
}