{
  "identifier": "gd1984-06-23.140159.sbd.eaton.miller.clugston.flac1648",
  "title": "Grateful Dead Live at City Island on 1984-06-23",
  "date": "1984-06-23",
  "venue": "City Island",
  "location": "Harrisburg, PA",
  "source_type": "SBD",
  "lineage": "",
  "taper": "Rob Eaton",
  "source": "Master Soundboard Cassette -> Reel to Reel -> Dat 16/48",
  "runtime": "150:36.828",
  "rating": 1.7999999999999998,
  "review_count": 2,
  "confidence": 0.2,
  "raw_rating": 3.0,
  "high_ratings": 0,
  "low_ratings": 0
}