{
  "identifier": "gd1995-03-23.142397.dsbd.miller.flac1644",
  "title": "Grateful Dead Live at Charlotte Coliseum on 1995-03-23",
  "date": "1995-03-23",
  "venue": "Charlotte Coliseum",
  "location": "Charlotte, NC",
  "source_type": "SBD",
  "lineage": "Dat (Sony PCM-R500) > Tascam DA-3000 > Samplitude Pro X3 Suite > FLAC/16",
  "taper": "",
  "source": "SBD > Dat (44.1k)",
  "runtime": "167:08.28",
  "rating": 4.0,
  "review_count": 6,
  "confidence": 1.0,
  "raw_rating": 4.0,
  "high_ratings": 4,
  "low_ratings": 1
}