{
  "identifier": "gd1990-03-22.111464.unknown.sbd.shnf",
  "title": "Grateful Dead Live at Copps Coliseum on 1990-03-22",
  "date": "1990-03-22",
  "venue": "Copps Coliseum",
  "location": "Hamilton, ON",
  "source_type": "SBD",
  "lineage": "",
  "taper": "",
  "source": "Soundboard Unknown>CD>EAC>WAV>SHN (This source was submitted to Etree with the alt-md5; the seed of this source did not match the alt-md5 on d1t7. A new shn-md5 was created.)",
  "runtime": "",
  "rating": 2.4,
  "review_count": 2,
  "confidence": 0.2,
  "raw_rating": 4.0,
  "high_ratings": 1,
  "low_ratings": 0
}