{
  "identifier": "gd1990-04-01.nak.cohen.106757.flac16",
  "title": "Grateful Dead Live at The Omni on 1990-04-01",
  "date": "1990-04-01",
  "venue": "The Omni",
  "location": "Atlanta, GA",
  "source_type": "AUD",
  "lineage": "The Master Cassettes were played back with Azimuth adjustment and Dolby B decoding on a Nakamichi CD1 into a Korg MR1000 at DSF 1 bit 5.6MHz. Subsequent conversion to 24/96 AIFF done via Korg Audiogate software. Redbook CDR standard 16/44.1 files were created using Bias Peak, Izotope Ozone's MBIT+ (for all dithering), and Weiss Saracon SRC (all sample rate conversions).",
  "taper": "Dave Cohen",
  "source": "2 Nakamichi CM300s/ CP4's  w/1 Nakamichi CM300/CP2> Nakamichi 550 w/Maxell XLIIS90 cassette masters. Dolby B was used on the Master Cassettes. OTS 8 foot stand (sec. 128 Row DD Seat 3)",
  "runtime": "160:46.36",
  "rating": 0.0,
  "review_count": 0,
  "confidence": 0.0,
  "raw_rating": 0.0,
  "high_ratings": 0,
  "low_ratings": 0
}