{
  "identifier": "gd1993-03-25.set1-AMS.keyser.25805.sbeok.shnf",
  "title": "Grateful Dead Live at Dean Smith Center on 1993-03-25",
  "date": "1993-03-25",
  "venue": "Dean Smith Center",
  "location": "Chapel Hill, NC",
  "source_type": "AUD",
  "lineage": "AMS ST250 (FOB/DFC) > AMS Control Box (Blumlein Technique) > Modified Sony D10 Pro (48khz) > Sony D8 > M-AUDIO Audiophile USB via SPDIF > Soundforge 7.0 (resample) > CD Wave > FLAC16",
  "taper": "James Young",
  "source": "Audience: AMS ST250 (set 1 only)",
  "runtime": "",
  "rating": 2.4266666666666663,
  "review_count": 3,
  "confidence": 0.6,
  "raw_rating": 4.333333333333333,
  "high_ratings": 2,
  "low_ratings": 0
}