{
  "identifier": "gd1983-04-23.s2.senn421.miller.119873.flac16",
  "title": "Grateful Dead Live at Veterans' Memorial Coliseum on 1983-04-23",
  "date": "1983-04-23",
  "venue": "Veterans' Memorial Coliseum",
  "location": "New Haven, CT",
  "source_type": "AUD",
  "lineage": "Cassette Master (Sony TC-K677ES) -> Sound Devices 744T (24bit/96k) ->Adobe Audition v3.0 -> Samplitude Professional v11.2 -> FLAC/16",
  "taper": "",
  "source": "(FOB) Sennheiser 421 -> Cassette Master (Sony D6/Maxell UDXL-II90)",
  "runtime": "110:53.08",
  "rating": 0.0,
  "review_count": 0,
  "confidence": 0.0,
  "raw_rating": 0.0,
  "high_ratings": 0,
  "low_ratings": 0
}