{
  "identifier": "gd1993-05-25.schoeps.evans.florek.34849.sbeok.flac16",
  "title": "Grateful Dead Live at Cal Expo Amphitheatre on 1993-05-25",
  "date": "1993-05-25",
  "venue": "Cal Expo Amphitheatre",
  "location": "Sacramento, CA",
  "source_type": "AUD",
  "lineage": "DAT Clone > TASCAM DA-20 > M-Audio Audiophile 192 > Soundforge 8.0 wav > Steinberg WaveLab 4.01a (dithered after downsampling with Waves L3 Ultramaximizer) > CDWave > Trader's Little Helper",
  "taper": "",
  "source": "FOB Schoeps Mk2 Omni Capsule 7' spaced omnis in hat -> Schoeps Active Cables -> Schoeps CMC 5 Mic Body -> Monster M1000 Jumper -> Neumann Supply -> Canare Cable -> Panasonic sv255",
  "runtime": "169:13",
  "rating": 1.68,
  "review_count": 1,
  "confidence": 0.2,
  "raw_rating": 4.0,
  "high_ratings": 1,
  "low_ratings": 0
}