{
  "identifier": "gd1990-05-05.nak300.lech.116818.flac",
  "title": "Grateful Dead Live at Cal State Dominguez Hills on 1990-05-05",
  "date": "1990-05-05",
  "venue": "Cal State Dominguez Hills",
  "location": "Carson, CA",
  "source_type": "AUD",
  "lineage": "DAT/M > DAT/1 > DA-P1 > HHb 800 > EAC > CDWav > FLAC; Recorded: John Lech; Transferred: Jeff Bowen; Extraction: Brad Foster",
  "taper": "John Lech",
  "source": "Source: (3) Nakamichi cm300 [(2) cp4 Shotgun Capsules + (1) cp3 Super Omni] > Boss BX-4 Mixer > Aiwa HD-X1;",
  "runtime": "154:03.33",
  "rating": 2.6133333333333333,
  "review_count": 4,
  "confidence": 0.6,
  "raw_rating": 4.666666666666667,
  "high_ratings": 3,
  "low_ratings": 0
}