{
  "identifier": "gd1989-07-09.142582.mtx.tobin.flac1644",
  "title": "Grateful Dead Live at Giants Stadium on 1989-07-09",
  "date": "1989-07-09",
  "venue": "Giants Stadium",
  "location": "East Rutherford, NJ",
  "source_type": "MATRIX",
  "lineage": "Master DAT @ 48kHz > Panasonic SV3700 > 48kHz 16bit Wav > Sample Manager > 44.1kHz 24bit Wav > Wavelab 8.5 / Izotope Ozone 6.1 / MBit+ Dither > 44.1kHz 16bit wav; Recorded, Transferred and Digitally Mastered by Dan Tepper - matrix mixing by Kevin Tobin",
  "taper": "",
  "source": "<i>Matrix 2 Source Mix</i> - SBD (shnid=142581) Recording Info: UltraMatrix SBD > Cassette Master (TDK MA-XG90); Transfer Info: Cassette Master (Nakamichi CR-7A) > Tascam DA-3000 (DSF 1-bit/5.6 MHz) > KORG AudioGate 4 > Adobe Audition CC 2015 > Samplitude Pro X3 Suite > FLAC/24; All Transfers and Mastering By Charlie Miller + AUD (shn id 133773) MSource: AKG 414-BTL (cardioid X-Y) > Neuman BS945i > Technics SVMD1 DAT;",
  "runtime": "162:31.49",
  "rating": 0.0,
  "review_count": 0,
  "confidence": 0.0,
  "raw_rating": 0.0,
  "high_ratings": 0,
  "low_ratings": 0
}