{
  "identifier": "gd1989-12-27.sbd.clugston.tetzeli.fix-6662.82051.sbeok.shnf",
  "title": "Grateful Dead Live at Oakland-Alameda County Coliseum Arena on 1989-12-27",
  "date": "1989-12-27",
  "venue": "Oakland-Alameda County Coliseum Arena",
  "location": "Oakland, CA",
  "source_type": "SBD",
  "lineage": "",
  "taper": "",
  "source": "Patch fix of shnid 6662",
  "runtime": "",
  "rating": 0.0,
  "review_count": 0,
  "confidence": 0.0,
  "raw_rating": 0.0,
  "high_ratings": 0,
  "low_ratings": 0
}