{
  "identifier": "gd1982-07-25.137191.nak300.schley.flac2448",
  "title": "Grateful Dead Live at Compton Terrace Amphitheatre on 1982-07-25",
  "date": "1982-07-25",
  "venue": "Compton Terrace Amphitheatre",
  "location": "Tempe, AZ",
  "source_type": "AUD",
  "lineage": "MAC > Nakamichi CR-5A > Edirol FA-66 > Wavelab 2448 > CD-Wave (24bit output) > TLH > FLAC 2448 tagged. Transferred by Andrew F. 11/2016",
  "taper": "Brian Schley",
  "source": "AUD: Nakamichi CM300/CP4 shotguns > Sony TC-D5M > TDK-MA (Set 1), Maxell-MX (Set 2), FOB recording by Brian Schley.",
  "runtime": "165:58.328",
  "rating": 0.0,
  "review_count": 0,
  "confidence": 0.0,
  "raw_rating": 0.0,
  "high_ratings": 0,
  "low_ratings": 0
}