{
  "identifier": "gd1990-10-28.nak300.andrewf.83696.sbeok.sbeok.flac16",
  "title": "Grateful Dead Live at Zenith on 1990-10-28",
  "date": "1990-10-28",
  "venue": "Zenith",
  "location": "Paris, France",
  "source_type": "AUD",
  "lineage": "MAC > Sony TC-D5M (no Dolby) > Marantz CDR-500 > CDR > EAC > WAV > Soundforge > CD-Wave > TLH v.1.0.0.72 (for SBE-OK, FLAC compression, and checksums) > FLAC",
  "taper": "Andrew F",
  "source": "Nakamichi CM-300's with CP-4 shotgun capsules > Sony TC-D5M > MAC",
  "runtime": "161:19",
  "rating": 0.0,
  "review_count": 0,
  "confidence": 0.0,
  "raw_rating": 0.0,
  "high_ratings": 0,
  "low_ratings": 0
}