{
  "identifier": "gd1983-04-25.136749.Unk-Hill.Keo.Flac1644",
  "title": "Grateful Dead Live at The Spectrum on 1983-04-25",
  "date": "1983-04-25",
  "venue": "The Spectrum",
  "location": "Philadelphia, PA",
  "source_type": "AUD",
  "lineage": "",
  "taper": "Steve Hill",
  "source": "Master Audience Recorded By Steve Hill, Transfer By Keo; Unknown Mics > Unknown Number Of Decks Patched Out Of > Sony TC-D5M, Tapes:Maxell XLII-S 90's; Transfer With Nakamichi MR-1 > Korg MR-1000 @ 1 Bit/5.6 MHz; Tracking/Sample Rate Conversion With AudioGate V.3.0.4 To 32/96 kHz Wave; Dithered/Flacked With Korg Aqua To 16/44; SBE's Checked/Fixed With Trader's Little Helper; Metadata Tagging With Tag&Rename",
  "runtime": "",
  "rating": 0.0,
  "review_count": 0,
  "confidence": 0.0,
  "raw_rating": 0.0,
  "high_ratings": 0,
  "low_ratings": 0
}