{
  "identifier": "gd1988-06-30.135156.set2.bltz.flac2496",
  "title": "Grateful Dead Live at Silver Stadium on 1988-06-30",
  "date": "1988-06-30",
  "venue": "Silver Stadium",
  "location": "Rochester, NY",
  "source_type": "AUD",
  "lineage": "",
  "taper": "bltz",
  "source": "Set 2 Source: Nakamichi CM-300s/Shotguns -> Sony Walkman Pro/TDK MX-S 100 -> JVC TD-W354 -> Zoom H6 96/24 WAV -> Audacity -> FLAC 96/24; Recorded, tracked and seeded by bltz",
  "runtime": "92:26.525",
  "rating": 0.0,
  "review_count": 0,
  "confidence": 0.0,
  "raw_rating": 0.0,
  "high_ratings": 0,
  "low_ratings": 0
}