{
  "identifier": "gd1971-12-14.140950.sbd.betty.pcm.dalton.miller.clugston.flac1644",
  "title": "Grateful Dead Live at Hill Auditorium on 1971-12-14",
  "date": "1971-12-14",
  "venue": "Hill Auditorium",
  "location": "Ann Arbor, MI",
  "source_type": "AUD",
  "lineage": "",
  "taper": "Betty Cantor and Tim Dalton",
  "source": "Source Info: Betty's 7\" 2-track Master Soundboard Reels > PCM > PCM (14 bit)(Sony L-750ESX-HFB tape); Transfer Info: PCM (Sony SL-10)> Sony PCM-601ESD > Behringer Ultramatch Pro > Tascam DA-3000 (wav 16-bit/44.1k)> Adobe Audition 3.0 > TLH flac16",
  "runtime": "176:46.53",
  "rating": 2.9924999999999997,
  "review_count": 4,
  "confidence": 0.8,
  "raw_rating": 4.75,
  "high_ratings": 4,
  "low_ratings": 0
}