{
  "identifier": "gd1991-10-27.young-buick.gems.102206.flac16",
  "title": "Grateful Dead Live at Oakland-Alameda County Coliseum on 1991-10-27",
  "date": "1991-10-27",
  "venue": "Oakland-Alameda County Coliseum",
  "location": "Oakland, CA",
  "source_type": "AUD",
  "lineage": "16 bit \u2013 48kHz DAT Master > TASCAM DA-20 (SPDIF out) -> LynxTWO-B Audio Reference Interface (SPDIF in) -> Wavelab 6.0 by Todd Evans Editing and Mastering: Jamie Waddell on the GEMS Edit Station. Weiss Saracon for 16 BIT \u2013 44.1kHz SRC and POWR-3 Dither Traders Little Helper for FLAC Level 8 SBE Free Todd Evans - Tag & Rename for FLAC Meta-Data Tagging",
  "taper": "Marcus Buick and James Young",
  "source": "B&K 4011 110\u00ba ORTF > Neumann BS 48i-2> Panasonic sv255, Recording Location: FOB - Hand Held Both Sets",
  "runtime": "179:55.41",
  "rating": 3.36,
  "review_count": 5,
  "confidence": 1.0,
  "raw_rating": 4.8,
  "high_ratings": 5,
  "low_ratings": 0
}