{
  "identifier": "gd1987-03-02.150139.sbd.cm.miller.flac16",
  "title": "Grateful Dead Live at Henry J. Kaiser Convention Center, on 1987-03-02",
  "date": "1987-03-02",
  "venue": "Henry J. Kaiser Convention Center,",
  "location": "Oakland, CA",
  "source_type": "SBD",
  "lineage": "Cassette Master (Nakamichi CR-7A) > Tascam DA-3000 (DSF 1-bit/5.6MHz) > dBpoweramp > Adobe Audition CC 2015 > Samplitude Pro X4 Suite > FLAC/24",
  "taper": "Don Pearson and Dan Healy",
  "source": "SBD > Cassette Master (TDK SA-X90)",
  "runtime": "156:11.74",
  "rating": 0.0,
  "review_count": 0,
  "confidence": 0.0,
  "raw_rating": 0.0,
  "high_ratings": 0,
  "low_ratings": 0
}