{
  "identifier": "gd1984-10-20.Nak100CP4.Hill.Keo.131798.Flac1644",
  "title": "Grateful Dead Live at Carrier Dome, Syracuse U on 1984-10-20",
  "date": "1984-10-20",
  "venue": "Carrier Dome, Syracuse U",
  "location": "Syracuse, NY",
  "source_type": "AUD",
  "lineage": "",
  "taper": "Steve Hill",
  "source": "Master Audience Recorded By Sandy For Steve Hill, Transfer By Keo; Nakamichi CM100/CP4 Shotguns > Sony D5, Tapes:Maxell UD XLII 90's; Transfer With Nakamichi MR-1 > Korg MR-1000 @ 1 Bit/5.6 MHz; Tracking/Sample Rate Conversion With AudioGate V.3.02 To 24/96 kHz; Dithered/Flacked With Korg Aqua To 16/44; SBE's Checked/Fixed With Trader's Little Helper; Metadata Tagging With Tag&Rename",
  "runtime": "",
  "rating": 2.1,
  "review_count": 1,
  "confidence": 0.2,
  "raw_rating": 5.0,
  "high_ratings": 1,
  "low_ratings": 0
}