{
  "identifier": "gd1984-10-11.nak700.rolfe.minches.99190.flac16",
  "title": "Grateful Dead Live at Augusta Civic Center on 1984-10-11",
  "date": "1984-10-11",
  "venue": "Augusta Civic Center",
  "location": "Augusta, ME",
  "source_type": "AUD",
  "lineage": "Master played back on Nak Dragon> Grace Lunatec V3 (24/96)> Digital Audio Labs Card Deluxe> Adobe Audition 2.0> (dither/downsample)> FLAC encoding",
  "taper": "Steve Rolfe",
  "source": "2 Nak 700s> Sony TC-D5",
  "runtime": "151:25.65",
  "rating": 2.4499999999999997,
  "review_count": 2,
  "confidence": 0.4,
  "raw_rating": 5.0,
  "high_ratings": 2,
  "low_ratings": 0
}