{
  "identifier": "gd1991-06-20.149585.sbd.pearson-healy.miller.flac2496",
  "title": "Grateful Dead Live at Pine Knob Music Theater on 1991-06-20",
  "date": "1991-06-20",
  "venue": "Pine Knob Music Theater",
  "location": "Clarkston, MI",
  "source_type": "SBD",
  "lineage": "Cassette Master (Nakamichi CR-7A) > Tascam DA-3000 (DSF 1-bit/5.6MHz) > dBpoweramp > Adobe Audition CC 2015 > Samplitude Pro X4 Suite > FLAC/24",
  "taper": "Don Pearson and Dan Healy",
  "source": "SBD > Cassette Master (TDK SA-X100)",
  "runtime": "170:34.136",
  "rating": 0.0,
  "review_count": 0,
  "confidence": 0.0,
  "raw_rating": 0.0,
  "high_ratings": 0,
  "low_ratings": 0
}