{
  "identifier": "gd1990-10-20.144552.cmc4.flac1648",
  "title": "Grateful Dead Live at Internationales Congress Centrum on 1990-10-20",
  "date": "1990-10-20",
  "venue": "Internationales Congress Centrum",
  "location": "Berlin, Germany",
  "source_type": "AUD",
  "lineage": "DAT(c) @48kHz > Tascam DA-P1 > Tascam SS-R1 > Samplitude Pro X3 > dBpoweramp Music Converter > Foobar2000 (Live Show Tagger)",
  "taper": "Dave Flaschner",
  "source": "Schoeps MK4 > Schoeps CMC4 > VMS52UB > Sony SBM-1 > Panasonic SV-255",
  "runtime": "",
  "rating": 0.0,
  "review_count": 1,
  "confidence": 0.0,
  "raw_rating": 0.0,
  "high_ratings": 0,
  "low_ratings": 0
}