{
  "identifier": "gd1995-06-27.fob.nak701.unknown.83248.flac16",
  "title": "Grateful Dead Live at The Palace on 1995-06-27",
  "date": "1995-06-27",
  "venue": "The Palace",
  "location": "Auburn Hills, MI",
  "source_type": "AUD",
  "lineage": "Fostex D5 -> HHb 830 (16/44) -> EAC -> CD Wave -> FLAC",
  "taper": "",
  "source": "Nakamichi 701s -> Reutelhuber -> Casio DA-7 (16/48)",
  "runtime": "160:53",
  "rating": 0.0,
  "review_count": 0,
  "confidence": 0.0,
  "raw_rating": 0.0,
  "high_ratings": 0,
  "low_ratings": 0
}