{
  "identifier": "gd1993-05-16.141494.OTS.AKG.Ackerman.Miller.Noel.t-flac.1648",
  "title": "Grateful Dead Live at Sam Boyd Silver Bowl, U.N.L.V. on 1993-05-16",
  "date": "1993-05-16",
  "venue": "Sam Boyd Silver Bowl, U.N.L.V.",
  "location": "Las Vegas, NV",
  "source_type": "AUD",
  "lineage": "",
  "taper": "Ray Ackerman",
  "source": "<b>flac16/48kHz</b>; Master Audience Recording & Transfer by Ray Ackerman: AKG 460/61 B18 > AKG B18 phantom power unit > Panasonic SV255 > DAT (OTS); Location: on the rail behind the soundboard dead center; Transfer info: Tascam DA 30 mkii > Microtrack ii > wavelab 5 > WAV 16/48",
  "runtime": "157:25.876",
  "rating": 1.2599999999999998,
  "review_count": 1,
  "confidence": 0.2,
  "raw_rating": 3.0,
  "high_ratings": 0,
  "low_ratings": 0
}