{
  "identifier": "gd1991-09-14.138918.cmc34.flac16",
  "title": "Grateful Dead Live at Madison Square Garden on 1991-09-14",
  "date": "1991-09-14",
  "venue": "Madison Square Garden",
  "location": "New York, NY",
  "source_type": "UNKNOWN",
  "lineage": "(DAT master) Sony D8 -> Oade 7-pin/Coax -> Tascam HD-P2 -> wav -> Sound Studio -> xACT -> flac (16/48); recorded by: Dan O'Neill, FOB/DFC",
  "taper": "Dan O'Neill",
  "source": "<b>flac16/48kHz</b>; source: Schoeps cmc34 (FOB) -> Oade P/S -> Panasonic SV-255 (48k);",
  "runtime": "158:17.846",
  "rating": 0.0,
  "review_count": 0,
  "confidence": 0.0,
  "raw_rating": 0.0,
  "high_ratings": 0,
  "low_ratings": 0
}