{
  "identifier": "gd1983-08-29.163731.s2.aud.tompkins.flac2448",
  "title": "Grateful Dead Live at Silva Hall, Hult Center on 1983-08-29",
  "date": "1983-08-29",
  "venue": "Silva Hall, Hult Center",
  "location": "Eugene, OR",
  "source_type": "AUD",
  "lineage": "MAC > Nakamichi CR-5A (Dolby-B in) > Edirol FA-66 > Wavelab 2448 > CD-Wave (24bit output) > TLH > FLAC 2448 tagged",
  "taper": "Concert recording by Rip Tompkins, & with thanks to Richie Stankiewicz!",
  "source": "Unknown mics > Sony TC-D5M > Maxell MX-90.",
  "runtime": "89:31.936",
  "rating": 0.0,
  "review_count": 0,
  "confidence": 0.0,
  "raw_rating": 0.0,
  "high_ratings": 0,
  "low_ratings": 0
}