{
  "identifier": "gd1983-06-18.148044.akg.d330bt.senn421.hecht.miller.clugston.flac2496",
  "title": "Grateful Dead Live at Saratoga Performing Arts Center on 1983-06-18",
  "date": "1983-06-18",
  "venue": "Saratoga Performing Arts Center",
  "location": "Saratoga Springs, NY",
  "source_type": "AUD",
  "lineage": "Cassette Master (Nakamichi DR-1) > Tascam DA-3000 (DSF 1-bit/5.6 MHz)> dBpoweramp > Adobe Audition CC 2019 > TLH flac2496",
  "taper": "Chris Hecht",
  "source": "Chris Hecht's Master Audience Cassettes; (2) AKG D330BT mics + (1) Sennheiser 421 > Fostex Mixer > Sony D5M",
  "runtime": "168:04.925",
  "rating": 2.0533333333333332,
  "review_count": 3,
  "confidence": 0.6,
  "raw_rating": 3.6666666666666665,
  "high_ratings": 2,
  "low_ratings": 1
}