{
  "identifier": "gd1987-07-19.149779.UltraMatrix.sbd.cm.miller.flac16",
  "title": "Grateful Dead Live at Autzen Stadium, University Of Oregon on 1987-07-19",
  "date": "1987-07-19",
  "venue": "Autzen Stadium, University Of Oregon",
  "location": "Eugene, OR",
  "source_type": "MATRIX",
  "lineage": "Cassette Master (Nakamichi CR-7A) > Tascam DA-3000 (DSF 1-bit/5.6MHz) > dBpoweramp > Samplitude Pro X4 Suite > FLAC/24",
  "taper": "Don Pearson and Dan Healy",
  "source": "UltraMatrix SBD > Cassette Master (TDK MA-R90)",
  "runtime": "229:01.65",
  "rating": 0.0,
  "review_count": 0,
  "confidence": 0.0,
  "raw_rating": 0.0,
  "high_ratings": 0,
  "low_ratings": 0
}