{
  "identifier": "gd1989-07-04.nak300.bleich.sirmick.101996.sbeok.flac16",
  "title": "Grateful Dead Live at Rich Stadium on 1989-07-04",
  "date": "1989-07-04",
  "venue": "Rich Stadium",
  "location": "Orchard Park, NY",
  "source_type": "AUD",
  "lineage": "mac > Nakamichi BX-125E > Emu 0202 > Wavelab 5 > wav 24/96 Wavelab 5 (with iZotope Ozone 4) > iZotope RX Advanced > wav 16/44.1 > CD Wave > TLH > flac16; from OTS",
  "taper": "John Bleich",
  "source": "Nakamichi 300s (with cp1 caps) > Sony WM-D6 > mac",
  "runtime": "162:59.38",
  "rating": 1.9599999999999997,
  "review_count": 2,
  "confidence": 0.4,
  "raw_rating": 4.0,
  "high_ratings": 2,
  "low_ratings": 0
}