{
  "identifier": "gd1990-06-15.142345.OTS.Brotman.Fanari.Katzeff.Mattes.Miller.Noel.t-flac1648",
  "title": "Grateful Dead Live at Shoreline Amphitheatre on 1990-06-15",
  "date": "1990-06-15",
  "venue": "Shoreline Amphitheatre",
  "location": "Mountain View, CA",
  "source_type": "AUD",
  "lineage": "",
  "taper": "Rick Katzeff and Dave Brotman and Ted Mattes and Marco Fanari",
  "source": "<b>flac16/48kHz</b>; Rick Katzeff, Marco Fanari & Dave Brotman OTS Recording: Schoeps CMC4 MK2's > DAT (Panasonic SV250): mics spaced 9' on a stand at 6'5\"; front row OTS; Charlie Miller Transfer from DAT clone of master: Dat > Sony PCM r500 > Tascam DA-3000 > wav 16/48",
  "runtime": "204:32.528",
  "rating": 0.0,
  "review_count": 0,
  "confidence": 0.0,
  "raw_rating": 0.0,
  "high_ratings": 0,
  "low_ratings": 0
}