{
  "identifier": "gd1983-10-15.fob-senn441-silberman.andyg.346.shnf",
  "title": "Grateful Dead Live at Hartford Civic Center on 1983-10-15",
  "date": "1983-10-15",
  "venue": "Hartford Civic Center",
  "location": "Hartford, CT",
  "source_type": "AUD",
  "lineage": ":  DAT > ZA2 > SoundForge",
  "taper": "Jeff Silberman",
  "source": "FOB Sennheiser 441's > Technics PCM master > DAT",
  "runtime": "",
  "rating": 0.0,
  "review_count": 0,
  "confidence": 0.0,
  "raw_rating": 0.0,
  "high_ratings": 0,
  "low_ratings": 0
}