{
  "identifier": "gd1987-03-02.135360.aud.bernstein.flac1644",
  "title": "Grateful Dead Live at Henry J Kaiser Convention Center on 1987-03-02",
  "date": "1987-03-02",
  "venue": "Henry J Kaiser Convention Center",
  "location": "Oakland, CA",
  "source_type": "AUD",
  "lineage": "MAC > Nakamichi CR-5A > Edirol FA-66 > Wavelab 2448 > CD-Wave (24bit output) > R8Brain > TLH > FLAC 1644 tagged. Transferred by Andrew F. 03/2016",
  "taper": "Jon Bernstein",
  "source": "AUD: Unknown mics & lead deck > Sony TC-D5M > Maxell MX-Metal 90's. Recording by Jon Bernstein.",
  "runtime": "144:13.05",
  "rating": 1.68,
  "review_count": 1,
  "confidence": 0.2,
  "raw_rating": 4.0,
  "high_ratings": 1,
  "low_ratings": 0
}