{
  "identifier": "gd1988-09-15.132910.dts.tobin.flac16",
  "title": "Grateful Dead Live at Madison Square Garden on 1988-09-15",
  "date": "1988-09-15",
  "venue": "Madison Square Garden",
  "location": "New York, NY",
  "source_type": "AUD",
  "lineage": "MAC > Nakamichi DR-8 (no Dolby) > Audiophile 2496 analog > Soundforge > CD-Wave > TLH > FLAC. Taped and transferred by Andrew F. - dts mixing by Kevin Tobin",
  "taper": "",
  "source": "<b>DTS-Audio-CD 5.1 Mix</b>; SBD (shnid=5068) SBD> MC> DAT> CDR> EAC> CDwave> SHN; via Steve Barbella; d2 tracked for 80 min + AUD (shn id 88535) AUD: Nakamichi CM300's w/CP4 shotguns > patched thru one Sony D5 > Sony TC-D5M > Maxell MX90's, no Dolby. Mics on 7-foot stand in OTS.",
  "runtime": "134:34.20",
  "rating": 0.0,
  "review_count": 0,
  "confidence": 0.0,
  "raw_rating": 0.0,
  "high_ratings": 0,
  "low_ratings": 0
}