{
  "identifier": "gd1982-04-08.136854.m160-senn421.streeter.miller.flac24",
  "title": "Grateful Dead Live at Onongada County War Memorial on 1982-04-08",
  "date": "1982-04-08",
  "venue": "Onongada County War Memorial",
  "location": "Syracuse, NY",
  "source_type": "AUD",
  "lineage": "Cassette Master (Nakamichi CR-7A) -> Tascam DA-3000 (DSF 1-bit/5.8 MHz) ->Samplitude Professional v11.2.1 -> FLAC",
  "taper": "Frank Streeter",
  "source": "(2) Beyer M160's + (1) Sennheiser 421 -> Cassette Master (Sony TC-D5M)",
  "runtime": "152:40.880",
  "rating": 2.2399999999999998,
  "review_count": 3,
  "confidence": 0.6,
  "raw_rating": 4.0,
  "high_ratings": 2,
  "low_ratings": 0
}