{
  "identifier": "gd1984-10-20.aud.morris.108407.flac24",
  "title": "Grateful Dead Live at Carrier Dome, Syracuse U on 1984-10-20",
  "date": "1984-10-20",
  "venue": "Carrier Dome, Syracuse U",
  "location": "Syracuse, NY",
  "source_type": "AUD",
  "lineage": "",
  "taper": "Bob Morris",
  "source": "Nakamichi CM-300 (CP-1) x2 > Cassette Master (Sony TCD5M/Maxell XLII-S C-90) Cassette Master (Nakamichi DR-1) > Korg MR-1000 (1-bit/5.6MHz) > Audiogate (1-bit/5.6MHz > 24-bit/96KHz) > Soundforge 9.0 (edits); Recorded from Floor Section 3, Row L, Seat 9 by Bob Morris",
  "runtime": "",
  "rating": 0.0,
  "review_count": 0,
  "confidence": 0.0,
  "raw_rating": 0.0,
  "high_ratings": 0,
  "low_ratings": 0
}