{
  "identifier": "gd1994-07-26.AKG451.Darby.119446.Flac1644",
  "title": "Grateful Dead Live at Riverport Amphitheatre on 1994-07-26",
  "date": "1994-07-26",
  "venue": "Riverport Amphitheatre",
  "location": "Maryland Heights, MO",
  "source_type": "AUD",
  "lineage": "",
  "taper": "Mike Darby",
  "source": "Master Audience Recorded By Mr. Darby; AKG451EB/CK1's (DIN/DFC/First 1/4 Of OTS/9 Feet High)> Whirlwind Phantoms>Teac DA-P20 @ 16/48; Transfer Information:Sony R500>Tascam HD-P2 @ 16/48> HDD>Amadeus Pro (Tracking/Fades/FLAC8); Tracks Renamed/Dithered/Flacked With Korg Aqua To 16/44 By Keo; SBE's Checked/Fixed With Trader's Little Helper; Metadata Tagging With Tag&Rename",
  "runtime": "",
  "rating": 0.0,
  "review_count": 1,
  "confidence": 0.0,
  "raw_rating": 0.0,
  "high_ratings": 0,
  "low_ratings": 0
}