{
  "identifier": "gd1978-07-01.sonyecm54p.wagner.minches.97424.flac16",
  "title": "Grateful Dead Live at Arrowhead Stadium on 1978-07-01",
  "date": "1978-07-01",
  "venue": "Arrowhead Stadium",
  "location": "Kansas City, MO",
  "source_type": "AUD",
  "lineage": "1st Generation: Master played back on Sony 158> Nak 550 Transfer and FLAC encoding by David Minches: 1st Generation cassette played back on Nak Dragon> Grace Lunatec V3 (24/96)> Digital Audio Labs Card Deluxe> Adobe Audition 2.0> (dither/downsample)> FLAC encoding",
  "taper": "Bob Wagner",
  "source": "Master Recording: 2 Sony ECM-54 Ps >Sony 158",
  "runtime": "131:02.22",
  "rating": 2.6774999999999998,
  "review_count": 6,
  "confidence": 0.8,
  "raw_rating": 4.25,
  "high_ratings": 4,
  "low_ratings": 0
}