{
  "identifier": "gd1990-03-19.149333.FOB.Schoeps.Mattes.Miller.Noel.reMaster.t-flac1648",
  "title": "Grateful Dead Live at Hartford Civic Center on 1990-03-19",
  "date": "1990-03-19",
  "venue": "Hartford Civic Center",
  "location": "Hartford, CT",
  "source_type": "REMASTER",
  "lineage": "Transfer: Dat > Sony PCM r500 > Tascam DA-3000 > wav 16/48",
  "taper": "Master Digital Audience Recording by Ted Mattes Transfer by Charlie Miller Edited & reMastered using Adobe Audition by Joe Noel March 25, 2020",
  "source": "From the Teddy Ballgame Archive - a reMaster of shnid 141914  Source: (FOB) Schoeps CMC4 MK4 > DAT (Panasonic SV250) Location: Sec 2 Row p Seat 7",
  "runtime": "",
  "rating": 0.0,
  "review_count": 0,
  "confidence": 0.0,
  "raw_rating": 0.0,
  "high_ratings": 0,
  "low_ratings": 0
}