{
  "identifier": "gd1993-03-27.119209.Boedicker.flac16",
  "title": "Grateful Dead Live at Knickerbocker Arena on 1993-03-27",
  "date": "1993-03-27",
  "venue": "Knickerbocker Arena",
  "location": "Albany, NY",
  "source_type": "AUD",
  "lineage": "",
  "taper": "Dave Boedicker",
  "source": "Audience Recording Source:Sony D6 Cassette Master(Dolby \"B\" ON>Maxell MX-S Metal Cassettes)>Sony TC-D5M Cassette Deck(Playback,Dolby Off)> Edirol R-09 HR(24/44.1 KHZ)>Cd Wav Editor>Traders Little Helper>Flac Level 8.Sector Boundaries Aligned Using Traders little Helper. Taped By Dave Boedicker. Official Tapers Section",
  "runtime": "154:07.55",
  "rating": 0.0,
  "review_count": 0,
  "confidence": 0.0,
  "raw_rating": 0.0,
  "high_ratings": 0,
  "low_ratings": 0
}