{
  "identifier": "gd1980-10-31.137449.sbd.happyjack.flac16",
  "title": "Grateful Dead Live at Radio City Music Hall on 1980-10-31",
  "date": "1980-10-31",
  "venue": "Radio City Music Hall",
  "location": "New York, NY",
  "source_type": "SBD",
  "lineage": "mixingboard [Line out Left/Right] > TC-d5 [Line In recording level 3.5. No Dolbly] > Master Cassettes [Sony UCX90]; tapes was dubbed on a Aiwa CX-NA555; Tape Transfer: Sharp RT100 Deck > Sony PCM-M10 > Scandisc Ultra MicroSD 8gb [class 10] on 12/27/2016; Settings: Sharp RT100 Deck: Dolby NR - OFF & CrO2 - OFF; Settings: Sony PCM-M10 manual record level at 6; Recording Mode: LPCM [wav] 96.00kHz/24bit; Mastering & Editing: 96.00kHz/24bit wav > AA3 was used for +/- db gains, removing some cable connection pops. Pitch correction & speed correction. No music was Lost, Altered and/or Touched. Still some tape warble; Converting Sample Rate: Adobe Audition 3.0 was also used to convert 96.00kHz/24bit.WAV to sample rate to 44.10kHz/16bit with High Qulaity at 100%, Pre Post Filter checked, Dither enabled, Dither Depth at 1, P.D.F set to Triangular and No Noise Shaping; CD Wave Editor To Split Tracks & converted to Flac16 [Level 6]; TLH to fix SBE; the original seed of this source was marked as an AUD",
  "taper": "",
  "source": "Updated source Info: SBD Recording [This is A 2nd Generation];",
  "runtime": "85:59.67",
  "rating": 0.0,
  "review_count": 0,
  "confidence": 0.0,
  "raw_rating": 0.0,
  "high_ratings": 0,
  "low_ratings": 0
}