{
  "identifier": "gd1985-11-11.nak300.mandel.33584.sbeok.shnf",
  "title": "Grateful Dead Live at Meadowlands Arena on 1985-11-11",
  "date": "1985-11-11",
  "venue": "Meadowlands Arena",
  "location": "East Rutherford, NJ",
  "source_type": "AUD",
  "lineage": "Master Casssette Transfer: Nakamichi BX300-> Macintosh ->Peak Bias->JAM->cdr->EAC->MKW->shn",
  "taper": "Brian Mandel",
  "source": "Nakamichi 300 Shotguns CP4's & Sony TCD5M",
  "runtime": "",
  "rating": 0.0,
  "review_count": 0,
  "confidence": 0.0,
  "raw_rating": 0.0,
  "high_ratings": 0,
  "low_ratings": 0
}