{
  "identifier": "gd1985-04-03.173161.nak304.thomas.miller.clugston.flac1648",
  "title": "Grateful Dead Live at Providence Civic Center on 1985-04-03",
  "date": "1985-04-03",
  "venue": "Providence Civic Center",
  "location": "Providence, RI",
  "source_type": "AUD",
  "lineage": "Master Cassettes (Nakamichi CR-7A) > Tascam DA-3000 (DSF 1-bit/5.6 MHz)> dBpoweramp (24-bit/96k) > Adobe Audition CC 2023 > TLH flac2496",
  "taper": "Stephen Thomas",
  "source": "Stephen Thomas' Master Audience Cassettes; Nakamichi 300 mics + CP4 shotguns > Sony D5M",
  "runtime": "",
  "rating": 0.0,
  "review_count": 0,
  "confidence": 0.0,
  "raw_rating": 0.0,
  "high_ratings": 0,
  "low_ratings": 0
}