{
  "identifier": "gd1989-02-11.140730.set1.akg.c42.ambient.mics.gans.miller.clugston.flac1644",
  "title": "Grateful Dead Live at Great Western LA Forum on 1989-02-11",
  "date": "1989-02-11",
  "venue": "Great Western LA Forum",
  "location": "Inglewood, CA",
  "source_type": "AUD",
  "lineage": "",
  "taper": "David Gans",
  "source": "Master Audience 4 Track Hi-Fi VHS; AKG C42 mics located mid-side of soundboard > 1st gen Hi-Fi VHS (dubbed by David Gans, January 1991)",
  "runtime": "64:48.15",
  "rating": 0.0,
  "review_count": 0,
  "confidence": 0.0,
  "raw_rating": 0.0,
  "high_ratings": 0,
  "low_ratings": 0
}