{
  "identifier": "gd1990-09-11.158746.ultramatrix.miller.flac2496",
  "title": "Grateful Dead Live at The Spectrum on 1990-09-11",
  "date": "1990-09-11",
  "venue": "The Spectrum",
  "location": "Philadelphia, PA",
  "source_type": "MATRIX",
  "lineage": "Cassette Master (Nakamichi CR-7A) > Tascam DA-3000 (DSF 1-bit/5.6MHz) > Tascam Hi-Res Editor (WAV 24-bit/96k) > Adobe Audition 2022 > Samplitude Pro X6 Suite > FLAC/24",
  "taper": "Recorded by Don Pearson and Dan Healy",
  "source": "Ultramatrix SBD > Cassette Master (TDK MA-X90)",
  "runtime": "172:25.698",
  "rating": 0.0,
  "review_count": 0,
  "confidence": 0.0,
  "raw_rating": 0.0,
  "high_ratings": 0,
  "low_ratings": 0
}