{
  "identifier": "gd1990-03-22.139224.sbd.miller.truck-mix.flac",
  "title": "Grateful Dead Live at Copps Coliseum on 1990-03-22",
  "date": "1990-03-22",
  "venue": "Copps Coliseum",
  "location": "Hamilton, ON",
  "source_type": "SBD",
  "lineage": "PCM (Sony SL-10) > Sony PCM-601ESD > Behringer Ultramatch Pro >Tascam DA-3000 > Samplitude Pro X3 Suite > FLAC/16",
  "taper": "",
  "source": "SBD (Recording Mix) > Dat Master > PCM (Sony Beta L-750)",
  "runtime": "162:13.47",
  "rating": 3.0,
  "review_count": 1,
  "confidence": 0.2,
  "raw_rating": 5.0,
  "high_ratings": 1,
  "low_ratings": 0
}