{
  "identifier": "gd1984-04-14.126040.sennheiser_441.scarletdog.flac16",
  "title": "Grateful Dead Live at Hampton Coliseum on 1984-04-14",
  "date": "1984-04-14",
  "venue": "Hampton Coliseum",
  "location": "Hampton, VA",
  "source_type": "AUD",
  "lineage": "Playback Sony UCX-S cassette masters on Sony TC-D5m to Marantz PMD-670",
  "taper": "",
  "source": "Master: 2 Sennhesier 441s and Sony TC-D5m Cassette Master; 2nd deck in line after another D5;",
  "runtime": "147:46.12",
  "rating": 0.0,
  "review_count": 0,
  "confidence": 0.0,
  "raw_rating": 0.0,
  "high_ratings": 0,
  "low_ratings": 0
}