{
  "identifier": "gd1990-04-02.sbd.miller.12198.sbeok.shnf",
  "title": "Grateful Dead Live at The Omni on 1990-04-02",
  "date": "1990-04-02",
  "venue": "The Omni",
  "location": "Atlanta, GA",
  "source_type": "SBD",
  "lineage": "------------- Sony R500 -> Behringer SRC2000 -> Dio 2448 -> Samplitude 2496 v.60",
  "taper": "",
  "source": "SBD -> ? -> Dat -> Samplitude -> Cool Edit Pro -> SHN",
  "runtime": "137",
  "rating": 2.8,
  "review_count": 2,
  "confidence": 0.4,
  "raw_rating": 4.0,
  "high_ratings": 2,
  "low_ratings": 0
}