{
  "identifier": "gd1974-06-28.139780.sbd.patched.miller.flac1644",
  "title": "Grateful Dead Live at Boston Garden on 1974-06-28",
  "date": "1974-06-28",
  "venue": "Boston Garden",
  "location": "Boston, MA",
  "source_type": "SBD",
  "lineage": "Dat (Sony PCM-R500) > Sound Devices 744T > Samplitude Professional v11.1 > FLAC/16",
  "taper": "",
  "source": "SBD > Master Reel > Dat (48k)",
  "runtime": "211:07.22",
  "rating": 3.5,
  "review_count": 3,
  "confidence": 0.4,
  "raw_rating": 5.0,
  "high_ratings": 2,
  "low_ratings": 0
}