{
  "identifier": "gd1970-02-12.sbd.sssb.murphy.5932.sbeok.shnf",
  "title": "Grateful Dead Live at Ungano's Night Club on 1970-02-12",
  "date": "1970-02-12",
  "venue": "Ungano's Night Club",
  "location": "New York City, NY",
  "source_type": "SBD",
  "lineage": "",
  "taper": "Any/all editing, fades, NR, hiss elimination, phase shifting/\"time smear\" correction, jitter elimination, and +/-2 dB max. EQ were performed using 100% digital-only processing (24-bit/96 kHz data stream) at Serafin Station Studio B",
  "source": "SBD > 2-track RTR @ 15 i.p.s. > PCM > ? > D > SSSB",
  "runtime": "",
  "rating": 3.466666666666667,
  "review_count": 4,
  "confidence": 0.6,
  "raw_rating": 4.333333333333333,
  "high_ratings": 2,
  "low_ratings": 0
}