{
  "identifier": "gd1990-06-24.163870.nak700.severson.miller.clugston.flac2496",
  "title": "Grateful Dead Live at Autzen Stadium, U. of Oregon on 1990-06-24",
  "date": "1990-06-24",
  "venue": "Autzen Stadium, U. of Oregon",
  "location": "Eugene, OR",
  "source_type": "AUD",
  "lineage": "Master Cassettes (Nakamichi DR-1)> Tascam DA-3000 (DSF 1-bit/5.6 MHz) > dBpoweramp 24/96 > Adobe Audition CC 2020 > TLH flac2496",
  "taper": "Mark Severson",
  "source": "Mark Severson's Master  Audience Cassettes; Nakamichi 700 mics > Sony D6",
  "runtime": "182:49.304",
  "rating": 0.0,
  "review_count": 0,
  "confidence": 0.0,
  "raw_rating": 0.0,
  "high_ratings": 0,
  "low_ratings": 0
}