{
  "identifier": "gd1987-09-08.nak300.pasternak.mallick.102183.flac16",
  "title": "Grateful Dead Live at Providence Civic Center on 1987-09-08",
  "date": "1987-09-08",
  "venue": "Providence Civic Center",
  "location": "Providence, RI",
  "source_type": "AUD",
  "lineage": "Nak DR-2>Tascam CDRW2000>CD; CD>xACT 1.69 (cdparanoia)>WAV>FLAC, all tracks extracted with no errors",
  "taper": "Jon Pasternak",
  "source": "Nakamichi CM300's/CP4's>Marantz PMD-420>Cass(m)",
  "runtime": "134:23.02",
  "rating": 0.0,
  "review_count": 0,
  "confidence": 0.0,
  "raw_rating": 0.0,
  "high_ratings": 0,
  "low_ratings": 0
}