{
  "identifier": "gd1982-07-28.138612.beyerm201.holbrook.flac1644",
  "title": "Grateful Dead Live at Red Rocks Amphitheatre on 1982-07-28",
  "date": "1982-07-28",
  "venue": "Red Rocks Amphitheatre",
  "location": "Morrison, CO",
  "source_type": "AUD",
  "lineage": "",
  "taper": "Executive Crew: Kyle Holbrook & Olvy Johnson",
  "source": "<b/>flac16 44.1khz</b>Source Audience Recording: Beyer M 201c Location: 50 feet from stage|DFC Lineage FOB - Beyer M201's (hyper cardiod)in in brim of straw cowboy hat >> Sony TCD5 w Maxell XL-II 90, Dolby B ONPlayback: Nakamichi LX-5 ->Marantz PMD 661|SD card 24/96Processing:SD->Audacity (Windows 7)-> CDWav editor ->TLH (flac)           set 1 equalized with 2 dB overall bass boost below 400Hz                  & 1.5dB 500-1k mid boost.           set 2 equalized with less bass boost.Taped by; Executive Crew: Kyle Holbrook & Olvy JohnsonTransferred by Kyle Holbrook",
  "runtime": "145:24.40",
  "rating": 0.0,
  "review_count": 0,
  "confidence": 0.0,
  "raw_rating": 0.0,
  "high_ratings": 0,
  "low_ratings": 0
}