{
  "identifier": "gd1990-03-26.AKG451.Berger.Currier.Keo.120942.Flac2496",
  "title": "Grateful Dead Live at Knickerbocker Arena on 1990-03-26",
  "date": "1990-03-26",
  "venue": "Knickerbocker Arena",
  "location": "Albany, NY",
  "source_type": "AUD",
  "lineage": "B.R,'s Recording Deck/Master Dat> Nakamichi CR-3A>Dolby C, Tapes Maxell MX-90's; Transfer With Nakamichi MR-1>No Dolby>Korg MR-1000 @ 1 Bit/5.6 MHz; Tracking/Sample Rate Conversion/Flacked With AudioGate Software To 24/96 kHz; Metadata Tagging With Tag&Rename",
  "taper": "B.R. And Mr. Currier",
  "source": "Recorded By B.R. And Mr. Currier Recorded From The OTS; AKG451 With Shotguns>AKG 9V Phantom Power Box>Sony TCD-D10 (Rob Berger's)> Sony TCD-D10>(B.R.'s Patch); Mr. Currier's Cassettes",
  "runtime": "",
  "rating": 0.0,
  "review_count": 0,
  "confidence": 0.0,
  "raw_rating": 0.0,
  "high_ratings": 0,
  "low_ratings": 0
}