{
  "identifier": "gd1990-07-18.sbd.bertha.28889.sbeok.shnf",
  "title": "Grateful Dead Live at Deer Creek Music Center on 1990-07-18",
  "date": "1990-07-18",
  "venue": "Deer Creek Music Center",
  "location": "Noblesville, IN",
  "source_type": "SBD",
  "lineage": "",
  "taper": "",
  "source": "Set1 SBD>>DAT>>MC>>SHN>>DAW(Bertha)>>CDA/SHN; Set2 SBD>>DAT>>CDA>>SHN>>DAW(Bertha)>>CDA/SHN",
  "runtime": "",
  "rating": 4.428571428571429,
  "review_count": 8,
  "confidence": 1.0,
  "raw_rating": 4.428571428571429,
  "high_ratings": 6,
  "low_ratings": 0
}