{
  "identifier": "gd1985-03-13.sbd.walker.scotton.miller.117344.flac16",
  "title": "Grateful Dead Live at Berkeley Community Theater on 1985-03-13",
  "date": "1985-03-13",
  "venue": "Berkeley Community Theater",
  "location": "Berkeley, CA",
  "source_type": "SBD",
  "lineage": "Cassette Master (Nakamichi DR-1/Dolby B) -> Sound Devices 744T (24bit/96k) ->Samplitude Professional v11.2 -> FLAC/16",
  "taper": "Paul Scotton and Joani Walker",
  "source": "SBD -> Cassette Master (Sony D5/Maxell XLIIS-90/Dolby B)",
  "runtime": "142:08.21",
  "rating": 0.0,
  "review_count": 1,
  "confidence": 0.0,
  "raw_rating": 0.0,
  "high_ratings": 0,
  "low_ratings": 0
}