{
  "identifier": "gd1974-10-19.169825.aud.Connor.gems.flac1648",
  "title": "Grateful Dead Live at Winterland Arena on 1974-10-19",
  "date": "1974-10-19",
  "venue": "Winterland Arena",
  "location": "San Francisco, CA",
  "source_type": "AUD",
  "lineage": "Nakamichi CR-7A > Tascam DA-3000 (DSF 1-bit/5.6MHz) > Tascam Hi-Res Editor > Samplitude Pro X6 > 24-bit 96 kHz FLAC",
  "taper": "Charlie Connor",
  "source": "Sony ECM-22P mic (mono) > Sony TC-55 > Maxell UD C-90 cassettes",
  "runtime": "223:04.763",
  "rating": 2.1,
  "review_count": 1,
  "confidence": 0.2,
  "raw_rating": 5.0,
  "high_ratings": 1,
  "low_ratings": 0
}