{
  "identifier": "gd1993-12-09.sbd.miller.91958.sbeok.flac16",
  "title": "Grateful Dead Live at Los Angeles Sports Arena on 1993-12-09",
  "date": "1993-12-09",
  "venue": "Los Angeles Sports Arena",
  "location": "Los Angeles, CA",
  "source_type": "SBD",
  "lineage": "CD -> Samplitude Professional v9.02 -> FLAC",
  "taper": "Thanks to Paul Scotton for the discs",
  "source": "SBD -> Dat -> Cassette Master -> Dat -> CD D",
  "runtime": "157",
  "rating": 4.2,
  "review_count": 6,
  "confidence": 1.0,
  "raw_rating": 4.2,
  "high_ratings": 4,
  "low_ratings": 0
}