{
  "identifier": "gd1981-09-13.senn421.wise.miller.102437.flac16",
  "title": "Grateful Dead Live at Greek Theatre, U. Of California on 1981-09-13",
  "date": "1981-09-13",
  "venue": "Greek Theatre, U. Of California",
  "location": "Berkeley, CA",
  "source_type": "AUD",
  "lineage": "Cassette Master (Nakamichi DR-1) -> Sound Devices 744T (24bit/96k) -> Adobe Audition v1.5 -> Samplitude Professional v10.22 -> FLAC/16",
  "taper": "Jim Wise",
  "source": "Sennheiser 421 -> Cassette Master (Sony TC-D5M/Maxell UDXLII-C90/Dolby B)",
  "runtime": "185:36.14",
  "rating": 1.7149999999999996,
  "review_count": 2,
  "confidence": 0.4,
  "raw_rating": 3.5,
  "high_ratings": 1,
  "low_ratings": 1
}