{
  "identifier": "gd1991-09-16.167536.me88.rogosa.flac1644",
  "title": "Grateful Dead Live at Madison Square Garden on 1991-09-16",
  "date": "1991-09-16",
  "venue": "Madison Square Garden",
  "location": "New York City, NY",
  "source_type": "UNKNOWN",
  "lineage": "Transfer: MC (MX-90, 100) > Nak Dragon (no Dolby) > Tascam DA-3000 (DSF 1-bit/5.6 MHz) > EZ CD Audio Converter > PCM @ 2496 Master:   Wavelab 11 (tracking, patch, cross-fades, DDI Codec (Dolby B @ -20.8 dBFS), resample, Lin dither) > FLAC 1644",
  "taper": "Dan Rogosa",
  "source": "2x Senn ME88s (stand, OTS) > TCD-D3 > line out > TCD-D5 (Dolby B)",
  "runtime": "",
  "rating": 0.0,
  "review_count": 0,
  "confidence": 0.0,
  "raw_rating": 0.0,
  "high_ratings": 0,
  "low_ratings": 0
}