{
  "identifier": "gd1979-05-07.139635.aud.unk.flac1644",
  "title": "Grateful Dead Live at Allan Kirby Field House, Lafayette College on 1979-05-07",
  "date": "1979-05-07",
  "venue": "Allan Kirby Field House, Lafayette College",
  "location": "Easton, PA",
  "source_type": "AUD",
  "lineage": "Maxell XLII > Nakamichi CR-5A > Edirol FA-66 > Wavelab 2448 > R8Brain SRC > Wavelab (adding 16-bit patches) > CD-Wave > TLH > FLAC 1644 tagged. Transferred by Andrew F. 10/2017",
  "taper": "Unknown via Craig L.",
  "source": "AUD: Unknown taper & gear > Low-gen tapes, kindly provided from the collection of Craig L.",
  "runtime": "179:11.64",
  "rating": 0.0,
  "review_count": 0,
  "confidence": 0.0,
  "raw_rating": 0.0,
  "high_ratings": 0,
  "low_ratings": 0
}