{
  "identifier": "gd1979-05-05.sbd.miller.fishmanj-repitch.78748.flac16",
  "title": "Grateful Dead Live at Baltimore Civic Center on 1979-05-05",
  "date": "1979-05-05",
  "venue": "Baltimore Civic Center",
  "location": "Baltimore, MD",
  "source_type": "SBD",
  "lineage": "Dat (Sony R500) -> SEK'D Prodif Plus -> Samplitude Professional v8.01 -> FLAC",
  "taper": "",
  "source": "SBD -> Cassette Master -> Dat (44.1k)",
  "runtime": "171:18.24",
  "rating": 4.05,
  "review_count": 5,
  "confidence": 0.8,
  "raw_rating": 4.5,
  "high_ratings": 3,
  "low_ratings": 0
}