{
  "identifier": "gd1983-10-15.nak300.morris.102058.sbeok.flac16",
  "title": "Grateful Dead Live at Hartford Civic Center on 1983-10-15",
  "date": "1983-10-15",
  "venue": "Hartford Civic Center",
  "location": "Hartford, CT",
  "source_type": "AUD",
  "lineage": "Cassette Master (Nakamichi DR-1) > Korg MR-1000 (1-bit/5.6MHz) > Audiogate (1-bit/5.6MHz > 16-bit/44.1KHz) > cdwav (edits)",
  "taper": "Bob Morris",
  "source": "Nakamichi CM-300 (CP-1) x2 > Cassette Master (Sony TCD5M/Maxell UDXLII C-90)",
  "runtime": "140:33.66",
  "rating": 0.0,
  "review_count": 0,
  "confidence": 0.0,
  "raw_rating": 0.0,
  "high_ratings": 0,
  "low_ratings": 0
}