{
  "identifier": "gd1988-02-16.163695.fob.schoeps.unknown.ebel.flac16",
  "title": "Grateful Dead Live at Henry J. Kaiser Convention Center on 1988-02-16",
  "date": "1988-02-16",
  "venue": "Henry J. Kaiser Convention Center",
  "location": "Oakland, CA",
  "source_type": "UNKNOWN",
  "lineage": "DAT Tape (Panasonic SV-3700) -> Coaxial SPDIF-> Marantz PMD 661 MKII (Solid State Recorder)-> SD Card-> Wav-> Flac Level 8-> Tagged (16/44.1)",
  "taper": "Unknown",
  "source": "FOB Schoeps CMC 3 MK4-> PCM-> DAT",
  "runtime": "124:42.24",
  "rating": 0.0,
  "review_count": 0,
  "confidence": 0.0,
  "raw_rating": 0.0,
  "high_ratings": 0,
  "low_ratings": 0
}