{
  "identifier": "gd1994-03-05.113694.NeumannKMF4.daweez.d5scott.flac16",
  "title": "The Grateful Dead Live at Desert Sky Pavilion on 1994-03-05",
  "date": "1994-03-05",
  "venue": "Desert Sky Pavilion",
  "location": "Phoenix, AZ",
  "source_type": "AUD",
  "lineage": "Sony TC-D5M (original record deck) > Pre Sonus Inspire GT > Sound Forge > .wav files > Trader's Little Helper > flac files",
  "taper": "Da Weez",
  "source": "Source: 2 Neumann KMF4 microphones (up front-center) > Sony TC-D5M - analog master cassettes;",
  "runtime": "122:48.54",
  "rating": 0.0,
  "review_count": 0,
  "confidence": 0.0,
  "raw_rating": 0.0,
  "high_ratings": 0,
  "low_ratings": 0
}