{
  "identifier": "gd1990-12-28.168850.nakcm300.cp4.ont.flac1644",
  "title": "Grateful Dead Live at Oakland-Alameda County Coliseum on 1990-12-28",
  "date": "1990-12-28",
  "venue": "Oakland-Alameda County Coliseum",
  "location": "Oakland, CA",
  "source_type": "AUD",
  "lineage": "Cassette Masters Transferred Via Denon DR-M12HR >Tascam DR100mkII (24bit/48kHz) WAV >Audacity (Amplify, Track Splits, Down Sample To 16bit/44.1kHz, Minor Edits [Tape Flips] & Fades) >Fix SBEs >FLAC (Level 8) + Tags Via xACT 2.53",
  "taper": "OldNeumanntapr",
  "source": "Set 1: Nakamichi CM 300x3; Two CP 4 Shotguns + 1 CP 1 Cardioid >Boss BX4 Mixer >Sony WM-D6C [MX 90]  Set 2: Nakamichi CM 300 CP4 Shotguns >Sony TC-153SD [XLIIS 100]",
  "runtime": "",
  "rating": 0.0,
  "review_count": 0,
  "confidence": 0.0,
  "raw_rating": 0.0,
  "high_ratings": 0,
  "low_ratings": 0
}