{
  "identifier": "gd1987-09-07.ecm220t.keshavan.miller.106821.flac16",
  "title": "Grateful Dead Live at Civic Center on 1987-09-07",
  "date": "1987-09-07",
  "venue": "Civic Center",
  "location": "Providence, RI",
  "source_type": "AUD",
  "lineage": "Cassette Master (Nakamichi DR-1/Dolby B) -> Sound Devices 744T (24bit/48k) -> Samplitude Professional v11.03 -> Adobe Audition v3.0 -> FLAC/16",
  "taper": "Rango Keshavan",
  "source": "Sony ECM-220T -> Cassette Master (Sony TC-D5M/Dolby B)",
  "runtime": "154:29",
  "rating": 3.2199999999999998,
  "review_count": 8,
  "confidence": 1.0,
  "raw_rating": 4.6,
  "high_ratings": 5,
  "low_ratings": 0
}