{
  "identifier": "gd1976-10-09.set-2.mtx.dan.89544.flac16",
  "title": "Grateful Dead Live at Oakland-Alameda County Coliseum Stadium on 1976-10-09",
  "date": "1976-10-09",
  "venue": "Oakland-Alameda County Coliseum Stadium",
  "location": "Oakland, CA",
  "source_type": "SBD",
  "lineage": "See info file",
  "taper": "See info file",
  "source": "SBD + AUD Matrix Mix (60%-SBD/40%-AUD)",
  "runtime": "",
  "rating": 3.5,
  "review_count": 3,
  "confidence": 0.4,
  "raw_rating": 5.0,
  "high_ratings": 2,
  "low_ratings": 0
}