{
  "identifier": "gd1985-09-15.Senn421.Darby.120921.Flac2448",
  "title": "Grateful Dead Live at Devore Field, Southwestern U on 1985-09-15",
  "date": "1985-09-15",
  "venue": "Devore Field, Southwestern U",
  "location": "Chula Vista, CA",
  "source_type": "AUD",
  "lineage": "",
  "taper": "Mike Darby",
  "source": "Master Audience Recorded By Mr. Darby; SennheiserMD421s (PAS/DFC Behind Soundboard/6 Feet High)> Sony TC-D5M,Tapes Maxell MX; Transfer Information:Tascam 112 MKII (XLR Out)>Tascam HD-P2 @ 24/48> HDD>Amadeus Pro (Tracking/Fades/FLAC8); Tracks Renamed,Metadata Tagging With Tag&Rename By Keo",
  "runtime": "",
  "rating": 0.0,
  "review_count": 0,
  "confidence": 0.0,
  "raw_rating": 0.0,
  "high_ratings": 0,
  "low_ratings": 0
}