{
  "identifier": "gd1977-05-15.sbd.bertha.31605.sbeok.flac24",
  "title": "Grateful Dead Live at St. Louis Arena on 1977-05-15",
  "date": "1977-05-15",
  "venue": "St. Louis Arena",
  "location": "St. Louis, MO",
  "source_type": "SBD",
  "lineage": "sbd > mr > dat > wav > flac > daw(Bertha) > wav > audio dvd > dvd audio ripper > wav > adobe audtion > flac",
  "taper": "",
  "source": "",
  "runtime": "181:29.26",
  "rating": 5.0,
  "review_count": 8,
  "confidence": 1.0,
  "raw_rating": 5.0,
  "high_ratings": 8,
  "low_ratings": 0
}