{
  "identifier": "gd1985-06-30.at835-d12e.Ackerman-Taraszki.102134.flac16",
  "title": "Grateful Dead Live at Merriweather Post Pavilion on 1985-06-30",
  "date": "1985-06-30",
  "venue": "Merriweather Post Pavilion",
  "location": "Columbia, MD",
  "source_type": "AUD",
  "lineage": "Nakamichi 700II (cassette master)> Oade Modified Lunatec V3 @ 24/96> Wave Lab 5 (resample, Apogee uv22hr dither)> CDA> FLAC16",
  "taper": "Ray Ackerman",
  "source": "(2x) AudioTechnica AT835 + (1x) AKG D12E > Sony TCD5",
  "runtime": "",
  "rating": 0.0,
  "review_count": 0,
  "confidence": 0.0,
  "raw_rating": 0.0,
  "high_ratings": 0,
  "low_ratings": 0
}