{
  "identifier": "gd1982-08-03.145217.fob.beyer.m160.streeter.miller.sirmick.flac1644",
  "title": "Grateful Dead Live at Starlight Theater on 1982-08-03",
  "date": "1982-08-03",
  "venue": "Starlight Theater",
  "location": "Kansas City, MO",
  "source_type": "AUD",
  "lineage": "Transfer: Cassette Master >Nakamichi CR-7A > Tascam DA-3000 (DSF 1-bit/5.8 MHz) > KORG AudioGate 4 > wav 2496 - Transferred by Charlie Miller Lineage: wav > Adobe Audition 1.5 > iZotope RX6 Advanced > iZotope Ozone 5 Advanced > CD Wave > TLH > Flac 24",
  "taper": "Frank Streeter",
  "source": "(FOB) Beyer M160's  > Sony TC-D5M > Cassette Master (TDK MA90) - Taped by Frank Streeter",
  "runtime": "188:17.46",
  "rating": 0.0,
  "review_count": 0,
  "confidence": 0.0,
  "raw_rating": 0.0,
  "high_ratings": 0,
  "low_ratings": 0
}