{
  "identifier": "gd1990-03-18.125608.Nak300s-Senn441s.Fitzy.Keo.Flac1644",
  "title": "Grateful Dead Live at Hartford Civic Center on 1990-03-18",
  "date": "1990-03-18",
  "venue": "Hartford Civic Center",
  "location": "Hartford, CT",
  "source_type": "AUD",
  "lineage": "",
  "taper": "fitzy",
  "source": "Master Audience Recorded By Fitzy, Transfer By Keo; Nakamichi CM300/CP4 Shotguns And Sennheiser 441's > Radioshack Mixer > Sony TC-D5M, Tapes: Maxell MX 90's; Transfer With Nakamichi MR-1 > Korg MR-1000 @ 1 Bit/5.6 MHz; Tracking/Sample Rate Conversion With AudioGate Software To 32/96 kHz Wave; Dithered/Flacked With Korg Aqua To 16/44; SBE's Checked/Fixed With Trader's Little Helper; Metadata Tagging With Tag&Rename",
  "runtime": "",
  "rating": 0.0,
  "review_count": 0,
  "confidence": 0.0,
  "raw_rating": 0.0,
  "high_ratings": 0,
  "low_ratings": 0
}