{
  "identifier": "gd1973-03-15.151902.SonyStereo.ECM.Moskal.t.flac16",
  "title": "Grateful Dead Live at Nassau Veterans Memorial Coliseum on 1973-03-15",
  "date": "1973-03-15",
  "venue": "Nassau Veterans Memorial Coliseum",
  "location": "Uniondale, NY",
  "source_type": "AUD",
  "lineage": "",
  "taper": "Gerry Moskal",
  "source": "Sony Stereo ECM -->SONY TCD126 Location: TBD",
  "runtime": "",
  "rating": 1.68,
  "review_count": 1,
  "confidence": 0.2,
  "raw_rating": 4.0,
  "high_ratings": 1,
  "low_ratings": 0
}