{
  "identifier": "gd1985-11-20.134788.mtx.tobin.flac16",
  "title": "Grateful Dead Live at Henry J. Kaiser Convention Center on 1985-11-20",
  "date": "1985-11-20",
  "venue": "Henry J. Kaiser Convention Center",
  "location": "Oakland, CA",
  "source_type": "MATRIX",
  "lineage": "",
  "taper": "",
  "source": "Matrix 2 Source Mix - SBD (shnid=105991) Recording Info: SBD -> Cassette Master (Nakamichi 550/Maxell XLIIS-90); Transfer Info:Cassette Master (Nakamichi DR-1) -> Sound Devices 744T (24bit/96k) -> Samplitude Professional v11.03 -> FLAC/16; All Transfers and Mastering By Charlie Miller + AUD (shn id 92898)Hat Mounted Realistic pzm's with Sony WMD6-C Sony UCX-S 90 Cnr Offical Taping Section,120 feet away,dead center Master>D6>HD>Audicity>CDWave>TLH>Torrent - matrix mixing by Kevin Tobin",
  "runtime": "132:29.28",
  "rating": 0.0,
  "review_count": 0,
  "confidence": 0.0,
  "raw_rating": 0.0,
  "high_ratings": 0,
  "low_ratings": 0
}