{
  "identifier": "gd1983-10-18.144721.aud.lamarre.berger.flac24",
  "title": "Grateful Dead Live at Cumberland County Civic Center on 1983-10-18",
  "date": "1983-10-18",
  "venue": "Cumberland County Civic Center",
  "location": "Portland, ME",
  "source_type": "AUD",
  "lineage": "nakamichi dragon/b > benchmark adc1 @ 24/96 > adobe audition cc > fission > xACT flac transferred & seeded by Rob Berger 2019",
  "taper": "Doug Lamarre",
  "source": "source: aud cassette master taped by Doug Lamarre  sennheiser 441's > sony d5, maxell mx90's, dolby b",
  "runtime": "",
  "rating": 0.0,
  "review_count": 0,
  "confidence": 0.0,
  "raw_rating": 0.0,
  "high_ratings": 0,
  "low_ratings": 0
}