{
  "identifier": "gd1985-11-08.nak300.morris.114677.flac24",
  "title": "The Grateful Dead Live at Community War Memorial Auditorium on 1985-11-08",
  "date": "1985-11-08",
  "venue": "Community War Memorial Auditorium",
  "location": "Rochester, NY",
  "source_type": "AUD",
  "lineage": "",
  "taper": "Bob Morris",
  "source": "Nakamichi CM-300 x2 > Cassette Master (Sony TCD5M/Maxell XLII-S 90) Cassette Master (Nakamichi DR-1) > Korg MR-1000 (1-bit/5.6MHz) > Audiogate (1-bit/5.6MHz > 24-bit/96KHz) > Soundforge 9.0 (edits) > flac24; Recorded by Bob Morris",
  "runtime": "123:03.084",
  "rating": 0.0,
  "review_count": 0,
  "confidence": 0.0,
  "raw_rating": 0.0,
  "high_ratings": 0,
  "low_ratings": 0
}