{
  "identifier": "gd1985-07-02.111805.BeyerM160.daweez.d5scott.flac16",
  "title": "Grateful Dead Live at Civic Arena on 1985-07-02",
  "date": "1985-07-02",
  "venue": "Civic Arena",
  "location": "Pittsburgh, PA",
  "source_type": "AUD",
  "lineage": "Sony TC-D5M (original record deck) > Pre Sonus Inspire GT > Sound Forge > .wav files > Trader's Little Helper > flac files",
  "taper": "Da Weez",
  "source": "Source: 2 Beyer M160 microphones > Sony TC-D5M - master analog cassettes;",
  "runtime": "134:18.24",
  "rating": 2.1,
  "review_count": 1,
  "confidence": 0.2,
  "raw_rating": 5.0,
  "high_ratings": 1,
  "low_ratings": 0
}