{
  "identifier": "gd1985-08-31.151428.nak104.mook.scheuner.miller.clugston.flac1648",
  "title": "Grateful Dead Live at Manor Downs on 1985-08-31",
  "date": "1985-08-31",
  "venue": "Manor Downs",
  "location": "Austin, TX",
  "source_type": "AUD",
  "lineage": "Cassette Master (Nakamichi CR-7A) > Tascam DA-3000 (DSF 1-bit/5.6 MHz)> dBpoweramp (24/96) > Adobe Audition CC 2020 > TLH flac2496",
  "taper": "Eddie Mook",
  "source": "Eddie Mook's Master Audience Cassettes; Nakamichi 100 mics + CP4 capsules > Sony D5 > Sony D6",
  "runtime": "151:05.990",
  "rating": 0.0,
  "review_count": 0,
  "confidence": 0.0,
  "raw_rating": 0.0,
  "high_ratings": 0,
  "low_ratings": 0
}