{
  "identifier": "gd1990-12-30.138190.BK4001.fob.Darrouch.Ammons.t-flac16",
  "title": "Grateful Dead Live at Oakland-Alameda County Coliseum on 1990-12-30",
  "date": "1990-12-30",
  "venue": "Oakland-Alameda County Coliseum",
  "location": "Oakland, CA",
  "source_type": "AUD",
  "lineage": "from his DAT clone of the master; Tascam DA20 Mark II DAT > Roland SRC-2 sample rate/format converter (from SPDIF to Optical) > Mac Mini > Audacity 3.0 at 48K > Wave; Joe Noel Track, Flac & Pack: Wave > Audacity > track/label > export multiple > flac 16/48; Checksum & tags created in xACT",
  "taper": "Rob Darroch",
  "source": "<b>flac16/48kHz</b>; Set 1 Rob Darroch recording (hand held): B&K 4011 at 110 degrees ORTF on Schoeps t-bat > Pro-Link Cables > Mod Neumann PS > Panasonic SV255; John Ammons",
  "runtime": "75:16.902",
  "rating": 0.0,
  "review_count": 0,
  "confidence": 0.0,
  "raw_rating": 0.0,
  "high_ratings": 0,
  "low_ratings": 0
}