{
  "identifier": "gd1978-01-10.aud.Rhinotrocity7.motb-0026.95068.flac16",
  "title": "Grateful Dead Live at Shrine Auditorium on 1978-01-10",
  "date": "1978-01-10",
  "venue": "Shrine Auditorium",
  "location": "Los Angeles, CA",
  "source_type": "AUD",
  "lineage": "MAC >> Nakamichi CR7a => Korg MR-1000 >> DSF [1-bit 5.6448 MHz Stereo] >>  Korg AudioGate >> WAV [24/96]",
  "taper": "Reinhart Hohlwein",
  "source": "2 x  AKG D224E's => Sony TC 158 >> MAC (3 x Maxell UDXL II)",
  "runtime": "166:11.40",
  "rating": 3.1,
  "review_count": 7,
  "confidence": 1.0,
  "raw_rating": 4.428571428571429,
  "high_ratings": 7,
  "low_ratings": 0
}