{
  "identifier": "gd1990-07-18.147560.sbd.ultramatrix.pearson.miller.flac24",
  "title": "Grateful Dead Live at Deer Creek Music Center on 1990-07-18",
  "date": "1990-07-18",
  "venue": "Deer Creek Music Center",
  "location": "Noblesville, IN",
  "source_type": "MATRIX",
  "lineage": "Cassette Master (Nakamichi CR-7A) > Tascam DA-3000 (DSF 1-bit/5.6MHz) > dBpoweramp > Adobe Audition CC2015 > Samplitude Pro X4 Suite > FLAC/24",
  "taper": "Don Pearson",
  "source": "UltraMatrix SBD > Cassette Master (TDK MA-X90)",
  "runtime": "167:58.133",
  "rating": 2.6999999999999997,
  "review_count": 1,
  "confidence": 0.2,
  "raw_rating": 5.0,
  "high_ratings": 1,
  "low_ratings": 0
}