{
  "identifier": "gd1985-04-08.nak300.barfield-lane.102065.flac24",
  "title": "Grateful Dead Live at The Spectrum on 1985-04-08",
  "date": "1985-04-08",
  "venue": "The Spectrum",
  "location": "Philadelphia, PA",
  "source_type": "UNKNOWN",
  "lineage": "D5m (same as recorder) > Minime @ 24/96 > SD744 > Audacity > Flac24",
  "taper": "Dave Barfield and David Lane",
  "source": "Nak 300/CP4 > TCD5m - TDK MA90 (metal), OTS, 12'",
  "runtime": "140:19.036",
  "rating": 1.8,
  "review_count": 4,
  "confidence": 0.8,
  "raw_rating": 4.0,
  "high_ratings": 3,
  "low_ratings": 1
}