{
  "identifier": "gd1993-06-16.110439.bk.schmit.sbeok.flac16",
  "title": "Grateful Dead Live at Freedom Hall on 1993-06-16",
  "date": "1993-06-16",
  "venue": "Freedom Hall",
  "location": "Louisville, KY",
  "source_type": "AUD",
  "lineage": "DAT(m) > Sony DTC-59ES > SPDIF > Tascam HD-P2 > Audacity (16/48 > 16/44) > CDWave > FLAC; DAT(m) provided by Alan Schmit; Transfer by Terry Watts",
  "taper": "Alan Schmit",
  "source": "Source:  (Handheld/ORTF/110^/FOB/DFC/Row20) B&K 4011s > Neumann BS48i-2 > Panasonic SV-255 > DAT(m)",
  "runtime": "152:35.53",
  "rating": 0.0,
  "review_count": 0,
  "confidence": 0.0,
  "raw_rating": 0.0,
  "high_ratings": 0,
  "low_ratings": 0
}