{
  "identifier": "gd1981-03-14.nak700.rolfe.miller.95287.sbeok.flac16",
  "title": "Grateful Dead Live at Hartford Civic Center on 1981-03-14",
  "date": "1981-03-14",
  "venue": "Hartford Civic Center",
  "location": "Hartford, CT",
  "source_type": "AUD",
  "lineage": "Cassette Master (Nakamichi DR-1) -> Sound Devices 744T (24bit/96k) -> Samplitude Professional v10.1 -> FLAC/16",
  "taper": "Steve Rolfe",
  "source": "(FOB) Nakamichi 700 -> Cassette Master (Sony D5/Maxell UDXL-IIS)",
  "runtime": "166:35.03",
  "rating": 0.0,
  "review_count": 0,
  "confidence": 0.0,
  "raw_rating": 0.0,
  "high_ratings": 0,
  "low_ratings": 0
}