{
  "identifier": "gd1985-04-28.151971.Mouth.AKG.Rogers.Noel.fixed.151704.t-flac2496",
  "title": "Grateful Dead Live at Frost Amphitheatre on 1985-04-28",
  "date": "1985-04-28",
  "venue": "Frost Amphitheatre",
  "location": "Palo Alto, CA",
  "source_type": "AUD",
  "lineage": "Transfer: Master Cassettes > Uher CR240 > Sound Devices 722 > WAV 24/96",
  "taper": "Recording by KM & Craig Rogers",
  "source": "Source: AKG CE1s > Uher CR240 > Master Cassettes Location: Mouth, ten heads back from stage lip (Phil's side)",
  "runtime": "2:29:40.239",
  "rating": 0.0,
  "review_count": 0,
  "confidence": 0.0,
  "raw_rating": 0.0,
  "high_ratings": 0,
  "low_ratings": 0
}