{
  "identifier": "gd1970-10-24.140923.SBD.Dalton.Miller.Noel.flac1644",
  "title": "Grateful Dead Live at Kiel Opera House on 1970-10-24",
  "date": "1970-10-24",
  "venue": "Kiel Opera House",
  "location": "St. Louis, MO",
  "source_type": "AUD",
  "lineage": "Sony SL-10 > Sony PCM-601ESD > Behringer Ultramatch Pro > Tascam DA-3000 (WAV 16-bit/44.1k)",
  "taper": "Tim Dalton",
  "source": "Recording: SBD > Master Reel > Reel > (7.5ips) > PCM (Sony HG tape);",
  "runtime": "100:52.38",
  "rating": 2.1,
  "review_count": 1,
  "confidence": 0.2,
  "raw_rating": 5.0,
  "high_ratings": 1,
  "low_ratings": 0
}