{
  "identifier": "gd1988-07-16.sbd.miller.87751.sbeok.flac16",
  "title": "Grateful Dead Live at Greek Theater - University of California on 1988-07-16",
  "date": "1988-07-16",
  "venue": "Greek Theater - University of California",
  "location": "Berkeley , CA",
  "source_type": "SBD",
  "lineage": "Cassette Master (Nakamichi DR-1) -> Sound Devices 744T (24bit/48k) ->",
  "taper": "",
  "source": "SBD -> Cassette Master (TDK MA-XG90) D",
  "runtime": "157",
  "rating": 3.6,
  "review_count": 6,
  "confidence": 1.0,
  "raw_rating": 3.6,
  "high_ratings": 2,
  "low_ratings": 0
}