{
  "identifier": "gd1979-11-25.145601.fob.sony.ecm270.severson.miller.clugston.flac1648",
  "title": "Grateful Dead Live at Pauley Pavilion, UCLA on 1979-11-25",
  "date": "1979-11-25",
  "venue": "Pauley Pavilion, UCLA",
  "location": "Los Angeles, CA",
  "source_type": "AUD",
  "lineage": "Master Cassettes (Nakamichi DR-1)> Tascam DA-3000 (DSF 1-bit/5.6 MHz) > dBpoweramp 24/96 > Adobe Audition CC 2019 > TLH flac2496",
  "taper": "Mark Severson",
  "source": "Mark Severson's Master (FOB) Audience Cassettes; Sony ECM-270 mics (DFC, 40' from stage)> Sony TC-D5 (Maxell UDXLII)",
  "runtime": "177:38.597",
  "rating": 0.0,
  "review_count": 0,
  "confidence": 0.0,
  "raw_rating": 0.0,
  "high_ratings": 0,
  "low_ratings": 0
}