{
  "identifier": "gd1974-02-24.136142.5-1.tobin.flac1648",
  "title": "Grateful Dead Live at Winterland Arena on 1974-02-24",
  "date": "1974-02-24",
  "venue": "Winterland Arena",
  "location": "San Francisco, CA",
  "source_type": "AUD",
  "lineage": "",
  "taper": "",
  "source": "<b>flac16/48kHz</b>; 5.1 LPCM Surround Sound (48k) - SBD (shnid=116902) Recording Info: SBD -> Master Reel -> Dat (44.1k); Transfer Info: Dat (Tascam DA-20) -> Tascam SS-R05 -> Adobe Audition v3 -> Samplitude Professional v11.2 -> FLAC; All Transfers and Mastering By Charlie Miller + AUD unknown lineage; Sony L-750ESX-HFB Dynamicron EXCELLENT SUPER HIFI VIDEO CASSETTE->Sony SLO-1800 STEREO VIDEOCASSETTE RECORDER-> Sony PCM-601ESD DIGITAL AUDIO PROCESSOR-> SP/DIF-> Mytek Stereo 192 Sample Rate Converter-> Upsampled to 44.1kHz/24bit-> SP/DIF->RME FIREFACE 800-> FireWire 400-> Lenovo K450e Desktop PC-> WaveLab 6.11; Editing and Mastering by Jamie Waddell in Wavelab 7.1 - mixing by Kevin Tobin",
  "runtime": "",
  "rating": 2.4499999999999997,
  "review_count": 2,
  "confidence": 0.4,
  "raw_rating": 5.0,
  "high_ratings": 2,
  "low_ratings": 0
}