{
  "identifier": "gd1985-03-24.112149.Sennheiser421.daweez.d5scott.flac16",
  "title": "Grateful Dead Live at Springfield Civic Center on 1985-03-24",
  "date": "1985-03-24",
  "venue": "Springfield Civic Center",
  "location": "Springfield, MA",
  "source_type": "AUD",
  "lineage": "Sony TC-D5M (original record deck) > Pre Sonus Inspire GT > Sound Forge > .wav files > Trader's Little Helper > flac files",
  "taper": "Da Weez",
  "source": "Source: 2 Sennheiser 421 microphones (up front-center)> Sony TC-D5M - analog master cassettes;",
  "runtime": "135:25.52",
  "rating": 0.0,
  "review_count": 1,
  "confidence": 0.0,
  "raw_rating": 0.0,
  "high_ratings": 0,
  "low_ratings": 0
}