{
  "identifier": "gd1985-11-07.154069.akgc422.davis-holbrook.f1644",
  "title": "Grateful Dead Live at Community War Memorial Auditorium on 1985-11-07",
  "date": "1985-11-07",
  "venue": "Community War Memorial Auditorium",
  "location": "Rochester, NY",
  "source_type": "AUD",
  "lineage": "Transfer:  Nakamichi 582Z > Sonic AD2k @24/48 > Marantz PMD661|24/48 SD Processing: SD| Audacity | cdwav editor | TLH | FLAC| foobar 2000 tagger",
  "taper": "Executive Crew; Mike Davis, Kyle Holbrook",
  "source": "Master: MAUD CA Microphones: AKG C 422 crossed figure 8's (crossed at 90') handheld shoulder height >> Recorder: Sony TC-D5M| Maxell MX 90's no Dolby Location: approximately 40 feet from stage; 50 feet LOC",
  "runtime": "137:13.70",
  "rating": 0.0,
  "review_count": 0,
  "confidence": 0.0,
  "raw_rating": 0.0,
  "high_ratings": 0,
  "low_ratings": 0
}