{
  "identifier": "gd1971-08-14.sbd.130871.MrBill.flac16",
  "title": "Grateful Dead Live at Berkeley Community Theater on 1971-08-14",
  "date": "1971-08-14",
  "venue": "Berkeley Community Theater",
  "location": "Berkeley, CA",
  "source_type": "AUD",
  "lineage": "",
  "taper": "",
  "source": "Recording Info: SBD > MR > C > DAT; Transfer Info: DAT > Sony D8 > WAV > Sound Forge 10 > TLH > FLAC; Transferred, tracked and mastered by Bill Guarneri, August 5, 2014",
  "runtime": "133:13.19",
  "rating": 2.6133333333333333,
  "review_count": 3,
  "confidence": 0.6,
  "raw_rating": 4.666666666666667,
  "high_ratings": 3,
  "low_ratings": 0
}