{
  "identifier": "gd1985-11-08.142747.pp-aud.chasingwilma.tobin.flac2496",
  "title": "Grateful Dead Live at Community War Memorial Auditorium on 1985-11-08",
  "date": "1985-11-08",
  "venue": "Community War Memorial Auditorium",
  "location": "Rochester, NY",
  "source_type": "AUD",
  "lineage": "",
  "taper": "chasingwilma",
  "source": "<i>Patched & Pitch Corrected Audience</i> (original shnid = 126696) source: (2) audio technica atm 11/ (2) nakamichi 300> tcd-d5> mc; conversion: sony tc we435>sony pcm m-10 24bit/96khz> soundforge> cdwave> traders little helper encoding option 8; conversion rate: 96000/24 bit - pitch correction and patches by Kevin Tobin",
  "runtime": "131:00.551",
  "rating": 0.0,
  "review_count": 0,
  "confidence": 0.0,
  "raw_rating": 0.0,
  "high_ratings": 0,
  "low_ratings": 0
}