{
  "identifier": "gd1982-04-03.170733.nak700.wagner.miller.clugston.flac1648",
  "title": "Grateful Dead Live at The Scope on 1982-04-03",
  "date": "1982-04-03",
  "venue": "The Scope",
  "location": "Norfolk, VA",
  "source_type": "AUD",
  "lineage": "Master Cassettes (Nakamichi CR-7A)> Tascam DA-3000 (DSF 1-bit/5.6 MHz) > Tascam Hi-Res Editor (.wav 24-bit/96k) > Adobe Audition CC 2025 > DDi Codec (dolby B) > TLH flac2496",
  "taper": "Bob Wagner",
  "source": "Bob Wagner's Master Audience Cassettes; Nakamichi 700 (w/ Bass EQ) > Sony TC-D5M (Maxell XLIIS/Dolby B)",
  "runtime": "",
  "rating": 0.0,
  "review_count": 0,
  "confidence": 0.0,
  "raw_rating": 0.0,
  "high_ratings": 0,
  "low_ratings": 0
}