{
  "identifier": "gd1995-05-26.schoeps.unknown.larson.35199.flac16",
  "title": "Grateful Dead Live at Memorial Stadium on 1995-05-26",
  "date": "1995-05-26",
  "venue": "Memorial Stadium",
  "location": "Seattle, WA",
  "source_type": "UNKNOWN",
  "lineage": "DAT(48kHz)>ZA2(S/PIDF)>Wavelab3.03>CD-r",
  "taper": "",
  "source": "Af:D4  Schoeps CMC + MK21>DAT(48kHz)",
  "runtime": "163:28",
  "rating": 0.0,
  "review_count": 0,
  "confidence": 0.0,
  "raw_rating": 0.0,
  "high_ratings": 0,
  "low_ratings": 0
}