{
  "identifier": "gd1976-06-15.130335.mtx.dusborne.flac16",
  "title": "Grateful Dead Live at Beacon Theatre on 1976-06-15",
  "date": "1976-06-15",
  "venue": "Beacon Theatre",
  "location": "New York, NY",
  "source_type": "MATRIX",
  "lineage": "",
  "taper": "",
  "source": "2 Source Matrix by Dusborne; Soundboard (shnid:110148) Recording Info: SBD -> Master Reel -> PCM -> Dat (44.1k); Transfer Info: Dat (Sony R500) -> Sound Devices 744T -> Samplitude Professional v11.1 -> FLAC and Audience (shnid:10307) Source: Sony TC 153 Sony ECM 99A Mikes > Cassette  x 2 > DAT; DAT clone > Tascam Da-p1 dat @48khz > Sek'd Prodif+ card (48>44.1khz) > Sek'd Red Roaster (fades, edits*) > Cdwav (splits) > Mkw",
  "runtime": "179:13.10",
  "rating": 2.6999999999999997,
  "review_count": 1,
  "confidence": 0.2,
  "raw_rating": 5.0,
  "high_ratings": 1,
  "low_ratings": 0
}