{
  "identifier": "gd1984-07-03.150308.beyerm88.holbrook.flac2448",
  "title": "Grateful Dead Live at Starlight Theater on 1984-07-03",
  "date": "1984-07-03",
  "venue": "Starlight Theater",
  "location": "Kansas City, MO",
  "source_type": "AUD",
  "lineage": "Nakamichi LX5 > Marantz PMD661|SD",
  "taper": "Executive Crew - Tom Pinney, Kyle Holbrook",
  "source": "MAUD CA: Beyer M88's XY > Sony TCD5M|Sony UCX-S90 x2 no NR, 2nd deck in line Location: 75 feet from stage DFC 6 feet up",
  "runtime": "",
  "rating": 0.0,
  "review_count": 0,
  "confidence": 0.0,
  "raw_rating": 0.0,
  "high_ratings": 0,
  "low_ratings": 0
}