{
  "identifier": "gd1990-10-24.163716.ultramatrix.miller.flac2496",
  "title": "Grateful Dead Live at Sportsahalle on 1990-10-24",
  "date": "1990-10-24",
  "venue": "Sportsahalle",
  "location": "Hamburg, Germany",
  "source_type": "MATRIX",
  "lineage": "Cassette Master (Nakamichi CR-7A) > Tascam DA-3000 (DSF 1-bit/5.6MHz) > Tascam Hi-Res Editor (WAV 24-bit/96k) > Adobe Audition CC 2022 > Samplitude Pro X6 Suite > FLAC/24",
  "taper": "Recorded by Don Pearson and Dan Healy",
  "source": "Ultramatrix SBD > Cassette Master (TDK SA-X100)",
  "runtime": "148:13.174",
  "rating": 0.0,
  "review_count": 0,
  "confidence": 0.0,
  "raw_rating": 0.0,
  "high_ratings": 0,
  "low_ratings": 0
}