{
  "identifier": "gd1986-03-23.148873.senn441.mattes.miller.clugston.flac2496",
  "title": "Grateful Dead Live at The Spectrum on 1986-03-23",
  "date": "1986-03-23",
  "venue": "The Spectrum",
  "location": "Philadelphia, PA",
  "source_type": "AUD",
  "lineage": "Cassette Master (Nakamichi CR-7A) > Tascam DA-3000 (DSF 1-bit/5.6 MHz)> dBpoweramp (24/96) > Adobe Audition CC 2019 > TLH flac2496",
  "taper": "Ted Mattes",
  "source": "Ted Mattes' Master Audience Cassettes; Sennheiser 441 mics > Sony D5M",
  "runtime": "",
  "rating": 0.0,
  "review_count": 0,
  "confidence": 0.0,
  "raw_rating": 0.0,
  "high_ratings": 0,
  "low_ratings": 0
}