{
  "identifier": "gd1980-05-08.nak700.wise.miller.100401.flac16",
  "title": "Grateful Dead Live at Glens Falls Civic Center on 1980-05-08",
  "date": "1980-05-08",
  "venue": "Glens Falls Civic Center",
  "location": "Glens Falls, NY",
  "source_type": "AUD",
  "lineage": "Cassette Master (Nakamichi DR-1/Dolby B) -> Sound Devices 744T (24bit/96k) -> Adobe Audition v1.5 -> Samplitude Professional v10.21 -> FLAC/16",
  "taper": "Jim Wise",
  "source": "(3) Nakamichi CM700 Shotguns -> Namakmichi 550 -> Cassette Master (Sony TC-D5M/Maxell UDXLII-C90/Dolby B)",
  "runtime": "150:30.08",
  "rating": 2.6133333333333333,
  "review_count": 4,
  "confidence": 0.6,
  "raw_rating": 4.666666666666667,
  "high_ratings": 3,
  "low_ratings": 0
}