{
  "identifier": "gd1982-08-03.167999.senn421.michael.mckenzie.miller.clugston.flac1644",
  "title": "Grateful Dead Live at Starlight Theater on 1982-08-03",
  "date": "1982-08-03",
  "venue": "Starlight Theater",
  "location": "Kansas City, MO",
  "source_type": "AUD",
  "lineage": "Master Cassettes (Sony D5M)> Panasonic SV-3800 DAT(x0) (16/44.1)(KAO KD4-60M), Sony PCM-M1 playback)> Sony 7-pin/Oade digi I/O> Hosa DRA-501 coaxial cable> Tascam CD-RW750 > CDR's > xACT > .wav 16/44.1 > Adobe Audition CC 2024 > TLH flac16",
  "taper": "Rodney Michael",
  "source": "Rodney Michael's Master  Audience Cassettes; Sennheiser 421 mics > Sony D5M > DAT (x0) > Tim McKenzie's CDR's",
  "runtime": "",
  "rating": 0.0,
  "review_count": 0,
  "confidence": 0.0,
  "raw_rating": 0.0,
  "high_ratings": 0,
  "low_ratings": 0
}