{
  "identifier": "gd1990-09-20.schoeps.wiley.11633.sbeok.shnf",
  "title": "Grateful Dead Live at Madison Square Garden on 1990-09-20",
  "date": "1990-09-20",
  "venue": "Madison Square Garden",
  "location": "New York , NY",
  "source_type": "AUD",
  "lineage": "EAC(secure)>CD WAV>Cool Edit Pro>SHN(seekable)",
  "taper": "Dave Brotman",
  "source": "FOB-AUD(Scheops)>DAT>CDR>",
  "runtime": "",
  "rating": 2.1,
  "review_count": 1,
  "confidence": 0.2,
  "raw_rating": 5.0,
  "high_ratings": 1,
  "low_ratings": 0
}