{
  "identifier": "gd1983-09-06.aud.morris.111033.sbeok.flac24",
  "title": "Grateful Dead Live at Red Rocks Amphitheatre on 1983-09-06",
  "date": "1983-09-06",
  "venue": "Red Rocks Amphitheatre",
  "location": "Morrison, CO",
  "source_type": "AUD",
  "lineage": "",
  "taper": "Bob Morris",
  "source": "Nakamichi CM-300 (CP-1) x2 > Cassette Master (Sony TCD5M/Maxell UDXLII C-90); Cassette Master (Nakamichi DR-1) > Korg MR-1000 (1-bit/5.6MHz) > Audiogate (1-bit/5.6MHz > 24-bit/96KHz) > Soundforge 9.0 (edits); Recorded by Bob Morris",
  "runtime": "166:36.072",
  "rating": 0.0,
  "review_count": 0,
  "confidence": 0.0,
  "raw_rating": 0.0,
  "high_ratings": 0,
  "low_ratings": 0
}