{
  "identifier": "gd1976-09-27.163759.sony.ecm33.unknown.ebel.flac16",
  "title": "Grateful Dead Live at Community War Memorial Auditorium on 1976-09-27",
  "date": "1976-09-27",
  "venue": "Community War Memorial Auditorium",
  "location": "Rochester, NY",
  "source_type": "AUD",
  "lineage": "DAT Tape (Panasonic SV-3700) -> Coaxial SPDIF-> Marantz PMD 661 MKII (Solid State Recorder)-> SD Card-> Wav-> Flac Level 8-> Tagged (16/44.1)",
  "taper": "Unknown",
  "source": "FOB Sony ECM-33Ps-> Sony TC-152-> Cassette-> DAT",
  "runtime": "178:39.30",
  "rating": 0.0,
  "review_count": 0,
  "confidence": 0.0,
  "raw_rating": 0.0,
  "high_ratings": 0,
  "low_ratings": 0
}