{
  "identifier": "gd1980-10-23.143351.fob.nak700.cohen.miller.clugston.flac1648",
  "title": "Grateful Dead Live at Radio City Music Hall on 1980-10-23",
  "date": "1980-10-23",
  "venue": "Radio City Music Hall",
  "location": "New York, NY",
  "source_type": "AUD",
  "lineage": "Master Cassettes (Nakamichi DR-1)> Tascam DA-3000 (DSF 1-bit/5.6 MHz) > dBpoweramp 24/96 > Adobe Audition 3.01 > TLH flac2496",
  "taper": "Mark Cowen",
  "source": "Mark Cohen's (FOB) Master Audience Cassettes; Nakamichi 700 mics > Sony D5 (located in the orchestra seats)",
  "runtime": "184:18.159",
  "rating": 0.0,
  "review_count": 0,
  "confidence": 0.0,
  "raw_rating": 0.0,
  "high_ratings": 0,
  "low_ratings": 0
}