{
  "identifier": "gd1986-12-28.superscope.bowen.106450.flac16",
  "title": "Grateful Dead Live at Henry J. Kaiser Convention Center on 1986-12-28",
  "date": "1986-12-28",
  "venue": "Henry J. Kaiser Convention Center",
  "location": "Oakland, CA",
  "source_type": "AUD",
  "lineage": "M-Cass > Sony TC-D5M > HHb CDR 800 Location: OTS, Balcony; Recorded/Transferred: Jeff Bowen; Extraction (CDR>EAC>WAV>FLAC)",
  "taper": "Jeff Bowen",
  "source": "Superscope EC-7 Cardioids > Sony TC-153SD (Maxell XLIIS)",
  "runtime": "132:21.19",
  "rating": 0.0,
  "review_count": 1,
  "confidence": 0.0,
  "raw_rating": 0.0,
  "high_ratings": 0,
  "low_ratings": 0
}