{
  "identifier": "gd1973-08-01.140895.sbd.wotf-outtakes.dalton.miller.sirmick.flac1644",
  "title": "Grateful Dead Live at Record Plant on 1973-08-01",
  "date": "1973-08-01",
  "venue": "Record Plant",
  "location": "Sausalito, CA",
  "source_type": "AUD",
  "lineage": "",
  "taper": "Tim Dalton",
  "source": "Source: SBD Master Reels > PCM - Recorded by Betty Cantor and provided by Tim Dalton; Transfer: PCM (Sony SL-10) > Sony PCM-601ESD > Behringer Ultramatch Pro > Tascam DA-3000 (wav 16-bit/44.1k) - Transferred by Charlie Miller; Lineage: Lineage: wav > iZotope RX6 Advanced > iZotope Ozone 5 Advanced > CD Wave > TLH > Flac 16edited and mastered SIRMick February 2018",
  "runtime": "66:46.56",
  "rating": 0.0,
  "review_count": 0,
  "confidence": 0.0,
  "raw_rating": 0.0,
  "high_ratings": 0,
  "low_ratings": 0
}