{
  "identifier": "gd1974-06-26.119613.mtx.dusborne.flac16",
  "title": "Grateful Dead Live at Providence Civic Center on 1974-06-26",
  "date": "1974-06-26",
  "venue": "Providence Civic Center",
  "location": "Providence, RI",
  "source_type": "MATRIX",
  "lineage": "aud>akg d1000e's>sony tc-152sd, (3)maxell ud-120's, dolby bnak dragon>hd-p2 24/96>cd wave>flac",
  "taper": "",
  "source": "2 source matrix: Soundboard (shnid=00214): Source for disc 1: SBD>MR>C>DAT>CDR; Source for discs 2,3:  MSR > Reel > 4xDAT > CDR (HHB CDR-850) > SHN (EACx2) and Audience (shnid=105919): source: aud cassette master taped by Jerry Moore",
  "runtime": "213:56.70",
  "rating": 4.292307692307692,
  "review_count": 14,
  "confidence": 1.0,
  "raw_rating": 4.769230769230769,
  "high_ratings": 12,
  "low_ratings": 1
}