{
  "identifier": "gd1981-12-09.167566.nak300.vita.miller.clugston.flac1648",
  "title": "Grateful Dead Live at Events Center, University Of Colorado on 1981-12-09",
  "date": "1981-12-09",
  "venue": "Events Center, University Of Colorado",
  "location": "Boulder, CO",
  "source_type": "AUD",
  "lineage": "Master Cassettes (Nakamichi CR-7A) > Tascam DA-3000 (24-bit/96k)> Adobe Audition CC 2022 > TLH flac2496",
  "taper": "Jim Vita",
  "source": "Jim Vita's Master Audience Cassettes; Nakamichi 300 mics > Sony D5M (Maxell XLIIS 90)",
  "runtime": "",
  "rating": 0.0,
  "review_count": 0,
  "confidence": 0.0,
  "raw_rating": 0.0,
  "high_ratings": 0,
  "low_ratings": 0
}