{
  "identifier": "gd1984-11-02.152202.sbd.eichorn.flac16",
  "title": "Grateful Dead Live at Berkeley Community Theater on 1984-11-02",
  "date": "1984-11-02",
  "venue": "Berkeley Community Theater",
  "location": "Berkeley, CA",
  "source_type": "SBD",
  "lineage": "",
  "taper": "",
  "source": "This is a speed- and pitch-corrected version of SET 1 of shnid:010172",
  "runtime": "",
  "rating": 0.0,
  "review_count": 0,
  "confidence": 0.0,
  "raw_rating": 0.0,
  "high_ratings": 0,
  "low_ratings": 0
}