{
  "identifier": "gd1990-12-31.140734.set2.akg.c42.ambient.mics.gans.miller.clugston.flac2496",
  "title": "Grateful Dead Live at Oakland-Alameda County Coliseum on 1990-12-31",
  "date": "1990-12-31",
  "venue": "Oakland-Alameda County Coliseum",
  "location": "Oakland, CA",
  "source_type": "AUD",
  "lineage": "",
  "taper": "David Gans",
  "source": "Master Audience 4 Track Hi-Fi VHS; AKG C42 mics located mid-side of soundboard > 1st gen Hi-Fi VHS (dubbed by David Gans, January 1991)",
  "runtime": "119:51.326",
  "rating": 0.0,
  "review_count": 0,
  "confidence": 0.0,
  "raw_rating": 0.0,
  "high_ratings": 0,
  "low_ratings": 0
}