{
  "identifier": "gd1971-08-23.165863.partial.aud.lamarre.vernon.sirmick.flac16",
  "title": "Grateful Dead Live at Auditorium Theatre on 1971-08-23",
  "date": "1971-08-23",
  "venue": "Auditorium Theatre",
  "location": "Chicago, IL",
  "source_type": "AUD",
  "lineage": "cassette > Nak CR-7A > Tascam DA-3000 #2 (DSF 1-bit/5.6 MHz) > Tascam Hi Res Editor >wav 24/96 - transferred by Matt Vernon Lineage: wav 24/96 > Adobe Audition 3 > iZotope RX 11 Advanced > iZotope Neutron 3 > iZotope RX 11 Advanced > wav 16/44.1 > CD Wave > Flac 16",
  "taper": "from the collection of Doug Lamarre.",
  "source": "Audio Cassette (3rd gen) ",
  "runtime": "119:08.60",
  "rating": 0.0,
  "review_count": 0,
  "confidence": 0.0,
  "raw_rating": 0.0,
  "high_ratings": 0,
  "low_ratings": 0
}