{
  "identifier": "gd1972-07-18.127703.mtx.dusborne.flac16",
  "title": "Grateful Dead Live at Roosevelt Stadium on 1972-07-18",
  "date": "1972-07-18",
  "venue": "Roosevelt Stadium",
  "location": "Jersey City, NJ",
  "source_type": "MATRIX",
  "lineage": "",
  "taper": "",
  "source": "2 Source Matrix by Dusborne; Recording Info: SBD -> Master Reel -> Cassette -> Dat -> CD; Transfer Info: CD -> Samplitude Professional v7.02 -> Cool Edit Pro v2.0 -> FLAC; and AUDMC>?>R>D>SHN>CDR",
  "runtime": "216:43.13",
  "rating": 4.5,
  "review_count": 5,
  "confidence": 1.0,
  "raw_rating": 5.0,
  "high_ratings": 5,
  "low_ratings": 0
}