{
  "identifier": "gd1984-06-21.132582.Nak100CP4.Hill.Keo.Flac1644",
  "title": "Grateful Dead Live at Kingswood Music Theater on 1984-06-21",
  "date": "1984-06-21",
  "venue": "Kingswood Music Theater",
  "location": "Maple, ON",
  "source_type": "AUD",
  "lineage": "",
  "taper": "Steve Hill",
  "source": "Master Audience Recorded By Steve Hill, Transfer By Keo; Nakamichi CM100/CP4 Shotguns > Sony D5, Tapes:Maxell UDXLII 90's; Tapes Labelled:Nakamichi 100 Guns - Tony; Transfer With Nakamichi MR-1 > Korg MR-1000 @ 1 Bit/5.6 MHz; Tracking/Sample Rate Conversion With AudioGate V.3.0.2 To 32/96 kHz Wave; Dithered/Flacked With Korg Aqua To 16/44; SBE's Checked/Fixed With Trader's Little Helper; Metadata Tagging With Tag&Rename",
  "runtime": "",
  "rating": 0.0,
  "review_count": 0,
  "confidence": 0.0,
  "raw_rating": 0.0,
  "high_ratings": 0,
  "low_ratings": 0
}