{
  "identifier": "gd1979-11-08.169455.aud.composite.wagner.miller.clugston.flac1648",
  "title": "Grateful Dead Live at Capital Centre on 1979-11-08",
  "date": "1979-11-08",
  "venue": "Capital Centre",
  "location": "Landover, MD",
  "source_type": "AUD",
  "lineage": "1st Generation Cassettes; (Nakamichi CR-7A)> Tascam DA-3000 (DSF 1-bit/5.6 MHz) > dBpoweramp (.wav 24-bit/96k) > Adobe Audition CC 2025 > TLH flac2496",
  "taper": "Bob Wagner",
  "source": "Source A: Unknown audience cassettes > ? > Bob Wagner's cassettes (believed to be 1st generation) supplies \"New Minglewood Blues\", the first half of \"Stagger Lee\", \"Lost Sailor > Saint Of Circumstance\", \"Drums > Space\", as well as the \"Johnny B. Goode\" encore  Source B: Unknown audience cassettes; Bob Wagner's cassettes (believed to be 1st generation) supplies \"Mama Tried\" thru \"Fire On The Mountain\", as well as the \"Not Fade Away\" jam thru \"Morning Dew\"",
  "runtime": "",
  "rating": 0.0,
  "review_count": 0,
  "confidence": 0.0,
  "raw_rating": 0.0,
  "high_ratings": 0,
  "low_ratings": 0
}