{
  "identifier": "gd1993-09-28.nak300.andrewf.87781.flac16",
  "title": "Grateful Dead Live at Boston Garden on 1993-09-28",
  "date": "1993-09-28",
  "venue": "Boston Garden",
  "location": "Boston, MA",
  "source_type": "AUD",
  "lineage": "MAD > Sony TCD-D10P > SPDIF > Audiophile 2496 > Soundforge (at 48kHz) > CD-Wave > R8Brain v1.9 (downsample to 44.1kHz) > TLH > FLAC.",
  "taper": "Andrew F",
  "source": "Nakamichi CM-300's w/CP-4 shotgun capsules > Casio DA-7 > Sony DT-Dat tape. Mics on 7-foot stand, pointed at stacks, floor OTS aprx 2 or 3 rows behind soundboard.",
  "runtime": "160",
  "rating": 0.0,
  "review_count": 0,
  "confidence": 0.0,
  "raw_rating": 0.0,
  "high_ratings": 0,
  "low_ratings": 0
}