{
  "identifier": "gd1982-07-29.138614.beyerm201.holbrook.flac1644",
  "title": "Grateful Dead Live at Red Rocks Amphitheatre on 1982-07-29",
  "date": "1982-07-29",
  "venue": "Red Rocks Amphitheatre",
  "location": "Morrison, CO",
  "source_type": "SBD",
  "lineage": "Beyer M201's (hyper cardiod)in brim of straw cowboy hat >> Sony TCD5M w Maxell XL-II, Dolby B ONPlayback: Nakamichi LX-5 ->Marantz PMD 661|SD card 24/96Processing:SD->Audacity (Windows 7)-> CDWav editor ->TLH (flac)           set 1 All but Minglewood: equalized with 3-4 dB overall bass boost below 400Hz                  & 1-2 dB 500-2.4k mid boost & 5-10K 1-2 dB boost.           set 2 equalized with 3-4 dB overall bass boost below 400Hz                  & 1-2 dB 500-2.4k mid boost & 5-10K 1-2 dB boostTaped by; Executive Crew: Kyle Holbrook & Olvy JohnsonTransferred by Kyle Holbrook",
  "taper": "Executive Crew: Kyle Holbrook & Olvy Johnson",
  "source": "<b/>flac16 44.1khz</b> Source Audience Recording: Beyer M 201c Location: 110 feet from stage|DFC (1st row behind soundboard)",
  "runtime": "142:48.03",
  "rating": 0.0,
  "review_count": 0,
  "confidence": 0.0,
  "raw_rating": 0.0,
  "high_ratings": 0,
  "low_ratings": 0
}