{
  "identifier": "gd1977-05-25.147786.fob.shure.sm57.sublette.miller.clugston.flac2496",
  "title": "Grateful Dead Live at The Mosque on 1977-05-25",
  "date": "1977-05-25",
  "venue": "The Mosque",
  "location": "Richmond, VA",
  "source_type": "AUD",
  "lineage": "Cassette Master (Nakamichi DR-1)> Tascam DA-3000 (DSF 1-bit/5.6 MHz)> dBpoweramp > Adobe Audition CC 2019 > TLH flac2496",
  "taper": "Kathy Sublette",
  "source": "Kathy Sublette's Master (FOB)Audience Cassettes; Shure SM57 mics > Sony-TC158",
  "runtime": "170:28.514",
  "rating": 0.0,
  "review_count": 0,
  "confidence": 0.0,
  "raw_rating": 0.0,
  "high_ratings": 0,
  "low_ratings": 0
}