{
  "identifier": "gd1988-04-22.140443.senn-816.alabama-bob.flac1644",
  "title": "Grateful Dead Live at Irvine Meadows on 1988-04-22",
  "date": "1988-04-22",
  "venue": "Irvine Meadows",
  "location": "Irvine, CA",
  "source_type": "AUD",
  "lineage": "MAC > Nakamichi CR-5A > Edirol FA-66 > Wavelab 2448 > CD-Wave (24bit output) > R8Brain SRC > TLH > FLAC 1644 tagged. Transferred by Andrew F. 12/2017",
  "taper": "Alabama Bob",
  "source": "AUD: Sennheiser MKH-816's > lead deck(s) > Sony TC-D5M > Maxell MX-90's, recording by Alabama Bob.",
  "runtime": "148:35.40",
  "rating": 0.0,
  "review_count": 0,
  "confidence": 0.0,
  "raw_rating": 0.0,
  "high_ratings": 0,
  "low_ratings": 0
}