{
  "identifier": "gd1970-06-24.145261.late.SonyF95.lee.hance.sirmick.flac1644",
  "title": "Grateful Dead Live at Capitol Theater (Late) on 1970-06-24",
  "date": "1970-06-24",
  "venue": "Capitol Theater (Late)",
  "location": "Port Chester, NY",
  "source_type": "AUD",
  "lineage": "Transfer: The cassettes were baked, processed and transfered via Tascam 122 MK-III > Lucid ADA1000 > Tascam CDRW 700 (CDR) by John Jay Hance. Lineage: wav > iZotope RX7 Advanced > iZotope Ozone 5 > CD Wave . Flac 16",
  "taper": "Ken and Judy Lee",
  "source": "Source: Source: Sony F95's > Sony TC124 > Master Cassette - Recorded by Ken and Judy Lee,",
  "runtime": "194:27.01",
  "rating": 2.1,
  "review_count": 2,
  "confidence": 0.2,
  "raw_rating": 5.0,
  "high_ratings": 1,
  "low_ratings": 0
}