{
  "identifier": "gd1983-06-25.142363.beyerm201.holbrook.flac2448",
  "title": "Grateful Dead Live at St. Paul Civic Center on 1983-06-25",
  "date": "1983-06-25",
  "venue": "St. Paul Civic Center",
  "location": "St. Paul, MN",
  "source_type": "AUD",
  "lineage": "Nakamichi CR-5A (24/96) > Tascam DR680|SD > i7Windows7          Audacity > cdwav editor > TLH flac level 8",
  "taper": "Executive Crew Kyle Holbrook Tom Pinney",
  "source": "<b/>flac24/48 </b> Master: AUD MC Beyer M201's X-Y 7'up > Sony TCD5M no dolby         TDK MA-R90 x 2 ++ First Gen patch: [Same mics]Marantz Superscope PMD420| Maxell UDXLII 90Cassette copy: Sony TCD5M> Denon DR330 Location: ~40 feet from stage, 25 feet LOC (in front of Phil)",
  "runtime": "167:48.796",
  "rating": 0.0,
  "review_count": 0,
  "confidence": 0.0,
  "raw_rating": 0.0,
  "high_ratings": 0,
  "low_ratings": 0
}