{
  "identifier": "gd1986-06-21.151978.Mouth.AKG.JFK.Rogers.Noel.fixed.151707.t-flac2496",
  "title": "Grateful Dead Live at Greek Theatre on 1986-06-21",
  "date": "1986-06-21",
  "venue": "Greek Theatre",
  "location": "Berkeley, CA",
  "source_type": "AUD",
  "lineage": "Transfer: Master Cassettes > Uher CR240 > Sound Devices 722 > WAV 24/96",
  "taper": "Recording by JFK",
  "source": "Source: (Mouth) AKG CE1s > Uher CR240 > Master Cassettes Location: 3rd/4th head, Phil's side. Left mic pointed at Phil, right mic pointed at Jerry.",
  "runtime": "2:22:52.413",
  "rating": 0.0,
  "review_count": 0,
  "confidence": 0.0,
  "raw_rating": 0.0,
  "high_ratings": 0,
  "low_ratings": 0
}