{
  "identifier": "gd1988-07-02.159376.OTS-Nak300.pasterrnak.vernon.flac1648",
  "title": "Grateful Dead Live at Oxford Plains Speedway on 1988-07-02",
  "date": "1988-07-02",
  "venue": "Oxford Plains Speedway",
  "location": "Oxford, ME",
  "source_type": "AUD",
  "lineage": "Transfer: Nak DR3/SD 722/24/48",
  "taper": "Jon Pasternak",
  "source": "OTS Nakamichi CM300/CP-4/Marantz PMD 420/Maxell XLII 90",
  "runtime": "160:59.057",
  "rating": 0.0,
  "review_count": 0,
  "confidence": 0.0,
  "raw_rating": 0.0,
  "high_ratings": 0,
  "low_ratings": 0
}