{
  "identifier": "gd1969-08-30.partial.aud.unknown.seaweed.122231.flac1644",
  "title": "Grateful Dead Live at Family Dog at the Great Highway on 1969-08-30",
  "date": "1969-08-30",
  "venue": "Family Dog at the Great Highway",
  "location": "San Francisco, CA",
  "source_type": "AUD",
  "lineage": "Maxell XLIIS > Nakamichi DR-2 > Edirol FA-66 > Wavelab > R8Brain > CD-Wave > TLH > FLAC 1644 tagged. September 2012",
  "taper": "seaweed1010",
  "source": "Source: AUD > 4th Gen Cassette, kindly provided by Seaweed1010.",
  "runtime": "36:24.49",
  "rating": 0.0,
  "review_count": 0,
  "confidence": 0.0,
  "raw_rating": 0.0,
  "high_ratings": 0,
  "low_ratings": 0
}