{
  "identifier": "gd1991-04-07.150456.mtx.seamons.ht121.flac16",
  "title": "Grateful Dead Live at Orlando Arena on 1991-04-07",
  "date": "1991-04-07",
  "venue": "Orlando Arena",
  "location": "Orlando, FL",
  "source_type": "MATRIX",
  "lineage": "",
  "taper": "",
  "source": "Matrix by Hunter Seamons using Final Cut Pro (FLAC > AIFF > Final Cut > Soundtrack Pro > AIFF CD tracking via Audacity > FLAC16 via xACT w/meta-tagging)",
  "runtime": "149:04.62",
  "rating": 0.0,
  "review_count": 0,
  "confidence": 0.0,
  "raw_rating": 0.0,
  "high_ratings": 0,
  "low_ratings": 0
}