{
  "identifier": "gd1967-11-11.141133.sbd.dalton.miller.sirmick.flac1644",
  "title": "Grateful Dead Live at Shrine Auditorium on 1967-11-11",
  "date": "1967-11-11",
  "venue": "Shrine Auditorium",
  "location": "Los Angeles, CA",
  "source_type": "AUD",
  "lineage": "",
  "taper": "Tim Dalton",
  "source": "Source: 8 Track Master Reel > 1st Gen Reel (7.5ips) > PCM (Sony Beta ESXHiFi/L-750) - Given to Tim Dalton by Bob Menke; Transfer: PCM > Sony SL-10 > Sony PCM-601ESD > Behringer Ultramatch Pro > Tascam DA-3000 > WAV 16/44.1 - Transferred By Charlie Miller; Lineage: wav > Adobe Audition 1.5 > iZotope RX6 Advanced > iZotope 5 Advanced > CD Wave > TLH > Flac 16; edited and mastered SIRMick February 2018",
  "runtime": "70:01.23",
  "rating": 1.68,
  "review_count": 1,
  "confidence": 0.2,
  "raw_rating": 4.0,
  "high_ratings": 1,
  "low_ratings": 0
}