{
  "identifier": "gd1982-09-20.161629.beyer.m88.vita.miller.clugston.flac2496",
  "title": "Grateful Dead Live at Madison Square Garden on 1982-09-20",
  "date": "1982-09-20",
  "venue": "Madison Square Garden",
  "location": "New York City, NY",
  "source_type": "AUD",
  "lineage": "Master Cassettes (Nakamichi CR-7A)> Tascam DA-3000 (24-bit/96k) > Adobe Audition CC 2022 > TLH flac2496",
  "taper": "Jim Vita",
  "source": "Master Audience Cassettes; Beyer M88 mics > Sony D5",
  "runtime": "171:02.471",
  "rating": 0.0,
  "review_count": 0,
  "confidence": 0.0,
  "raw_rating": 0.0,
  "high_ratings": 0,
  "low_ratings": 0
}