{
  "identifier": "gd1993-02-21.132376.sbd.flac16",
  "title": "Grateful Dead Live at Oakland-Alameda County Coliseum on 1993-02-21",
  "date": "1993-02-21",
  "venue": "Oakland-Alameda County Coliseum",
  "location": "Oakland, CA",
  "source_type": "SBD",
  "lineage": "",
  "taper": "",
  "source": "SBD> DAT> Steve Block CAS master> DAT> CDR> Sequoia 11-> WAV",
  "runtime": "141:42.33",
  "rating": 1.7999999999999998,
  "review_count": 2,
  "confidence": 0.2,
  "raw_rating": 3.0,
  "high_ratings": 0,
  "low_ratings": 0
}