{
  "identifier": "gd1976-07-14.153042.sbd.koda.miller.flac2496",
  "title": "Grateful Dead Live at Orpheum Theatre on 1976-07-14",
  "date": "1976-07-14",
  "venue": "Orpheum Theatre",
  "location": "San Francisco, CA",
  "source_type": "SBD",
  "lineage": "Cassette (Nakamichi CR-7A) > Tascam DA-3000 (DSF 1-bit/5.6MHz) > Sound Forge Pro 13 (WAV 24-bit/96k) > DDi Codec (Dolby B) > Samplitude Pro X5 Suite (24-bit/48k) > FLAC/24",
  "taper": "Thanks to Dennis Koda for the cassettes",
  "source": "SBD > Cassette Master > Cassette (Maxell UD/Dolby B)",
  "runtime": "184:07.802",
  "rating": 3.15,
  "review_count": 2,
  "confidence": 0.4,
  "raw_rating": 4.5,
  "high_ratings": 2,
  "low_ratings": 0
}