{
  "identifier": "gd1981-09-13.140011.fob.senn421.streeter.miller.clugston.flac1644",
  "title": "Grateful Dead Live at Greek Theatre, U. Of California on 1981-09-13",
  "date": "1981-09-13",
  "venue": "Greek Theatre, U. Of California",
  "location": "Berkeley, CA",
  "source_type": "AUD",
  "lineage": "",
  "taper": "Frank Streeter",
  "source": "Source Info: Frank Streeter's Master FOB Audience Cassette; Sennheiser 421 mics > Sony TC-D5M (TDK MA90); Transfer Info: Cassette Master (Nakamichi CR-7A) > Tascam DA-3000 (DSF 1-bit/5.8 MHz)> KORG AudioGate 4 > Adobe Audition 3.0> TLH flac2496",
  "runtime": "182:10.06",
  "rating": 0.0,
  "review_count": 1,
  "confidence": 0.0,
  "raw_rating": 0.0,
  "high_ratings": 0,
  "low_ratings": 0
}