{
  "identifier": "gd1982-05-22.mtx.seamons.101450.sbeok.flac16",
  "title": "Grateful Dead Live at Greek Theatre, U. Of California on 1982-05-22",
  "date": "1982-05-22",
  "venue": "Greek Theatre, U. Of California",
  "location": "Berkeley, CA",
  "source_type": "MATRIX",
  "lineage": "",
  "taper": "",
  "source": "Matrix by Hunter Seamons using Final Cut Pro (FLAC>AIFF>Final Cut>WAV>FLAC)",
  "runtime": "166:39.10",
  "rating": 4.05,
  "review_count": 4,
  "confidence": 0.8,
  "raw_rating": 5.0,
  "high_ratings": 4,
  "low_ratings": 0
}