{
  "identifier": "gd1984-12-31.Senn421.Darby.118305.Flac2448",
  "title": "Grateful Dead Live at San Francisco Civic Auditorium on 1984-12-31",
  "date": "1984-12-31",
  "venue": "San Francisco Civic Auditorium",
  "location": "San Francisco, CA",
  "source_type": "AUD",
  "lineage": "",
  "taper": "Mike Darby",
  "source": "Master Audience Recorded By Mr. Darby; SennheiserMD421's (PAS/DFC/OTS Row 4)> Sony TC-D5m,Tapes Sony Metallic; Transfer Information:Tascam 112 MKII (XLR Out)>Tascam HD-P2 @ 24/48 HDD>Amadeus Pro (Tracking/Fades/FLAC8); Tracks Renamed/Metadata Tagging With AudioGate Software By Keo",
  "runtime": "",
  "rating": 0.0,
  "review_count": 0,
  "confidence": 0.0,
  "raw_rating": 0.0,
  "high_ratings": 0,
  "low_ratings": 0
}