{
  "identifier": "gd1983-06-24.166919.nak300.senn421.blend.sharpless.miller.clugston.flac1648",
  "title": "Grateful Dead Live at Dane County Coliseum on 1983-06-24",
  "date": "1983-06-24",
  "venue": "Dane County Coliseum",
  "location": "Madison, WI",
  "source_type": "AUD",
  "lineage": "1st Set 1st Generation Cassette / 2nd Set Master Cassette (Nakamichi CR-7A) > Tascam DA-3000 (DSF 1-bit/5.6 MHz)> Tascam Hi-Res Editor (.wav 24-bit/96k) > Adobe Audition CC 2024 > TLH flac2496",
  "taper": "Gordon Sharpless",
  "source": "1st Set:Gordon Sharpless' 1st generation (FOB) Audience Cassettes; (2) Nakamichi 300 mics + (1) Sennheiser 421 mic (8' high stand) > Nakamichi 550; Nakamichi 550 > Gordon's Sony D6M (1st generation cassettes)(Maxell UDXL-II)  2nd Set: Gordon Sharpless' Master (FOB) Audience Cassettes; (2) Nakamichi 300 mics + (1) Sennheiser 421 mic (8' high stand) > Nakamichi 550 (Maxell UDXL-II)",
  "runtime": "",
  "rating": 0.0,
  "review_count": 0,
  "confidence": 0.0,
  "raw_rating": 0.0,
  "high_ratings": 0,
  "low_ratings": 0
}