{
  "identifier": "gd1977-12-29.133042.aud.troy-smith.flac16",
  "title": "Grateful Dead Live at Winterland Arena on 1977-12-29",
  "date": "1977-12-29",
  "venue": "Winterland Arena",
  "location": "San Francisco, CA",
  "source_type": "AUD",
  "lineage": "",
  "taper": "Sandy Troy",
  "source": "Recording Info: master recorded from the balcony on a Tandberg 10X reel to reel @ 7.5 ips.  The reel is from Sandy Troy's collection; Transfer Info: Technics 1506 w/Lamb Labs Dolby decoder > WAV (24bit/96k) > Apogee Mini Me 24/96 > Apogee Mini DAC monitoring and mastering > FLAC; Mastered By Matt Smith",
  "runtime": "170:15.41",
  "rating": 2.1,
  "review_count": 1,
  "confidence": 0.2,
  "raw_rating": 5.0,
  "high_ratings": 1,
  "low_ratings": 0
}