{
  "identifier": "gd1982-05-28.senn441.unknown.87547.sbeok.flac16",
  "title": "Grateful Dead Live at Moscone Convention Center on 1982-05-28",
  "date": "1982-05-28",
  "venue": "Moscone Convention Center",
  "location": "San Francisco, CA",
  "source_type": "AUD",
  "lineage": "Cassette > Nakamichi Dragon > RCA/XLR > Lunatec V3 (@ 2496) > coax > Audiophile 2496 > WaveLab 5.0 > .wav @ 2496 > Wave L3 UltraMaximizer > .wav @ 16/44.1 > CD Wave Editor > Trader's Little Helper > FLAC(8).",
  "taper": "Unknown",
  "source": "Unknown Audience Tape",
  "runtime": "92",
  "rating": 2.4266666666666663,
  "review_count": 4,
  "confidence": 0.6,
  "raw_rating": 4.333333333333333,
  "high_ratings": 3,
  "low_ratings": 0
}