{
  "identifier": "gd1990-04-01.131204.cmc521.fob.deal.jwpetty.flac16",
  "title": "Grateful Dead Live at The Omni on 1990-04-01",
  "date": "1990-04-01",
  "venue": "The Omni",
  "location": "Atlanta, GA",
  "source_type": "AUD",
  "lineage": "",
  "taper": "Lance Deal",
  "source": "Source info: FOB/Schoeps CMC 521's (hand held/ortf/110\u00b0)> Collette active cables> Schoeps VMS 52 UB> Technics SVMD1 by Lance Deal; Master DAT's provided by Lance Deal; Transfer Info: Fostex D-5 (AES/BU)> Luminuous Monarch> (s/pdif) M-Audio Audiophile 2496> Audacity @ 16/48> 16/44> CD Wav (tracking)> TLH (SBE's/Flac16/md5); Transferred and liberated to etree on September 3, 2014 by Will Petty",
  "runtime": "167:27.15",
  "rating": 0.0,
  "review_count": 0,
  "confidence": 0.0,
  "raw_rating": 0.0,
  "high_ratings": 0,
  "low_ratings": 0
}