{
  "identifier": "gd1970-06-24.aud.lee.5339.sbeok.shnf",
  "title": "Grateful Dead Live at Capitol Theater on 1970-06-24",
  "date": "1970-06-24",
  "venue": "Capitol Theater",
  "location": "Port Chester, NY",
  "source_type": "AUD",
  "lineage": "",
  "taper": "",
  "source": "Aud > cassette x 2 > CD, mics balcony center 15' spread",
  "runtime": "",
  "rating": 3.2117647058823526,
  "review_count": 18,
  "confidence": 1.0,
  "raw_rating": 4.588235294117647,
  "high_ratings": 15,
  "low_ratings": 0
}