{
  "identifier": "gd1978-06-25.152977.sbd.bear.gems.flac1648",
  "title": "Grateful Dead Live at Autzen Stadium, University Of Oregon on 1978-06-25",
  "date": "1978-06-25",
  "venue": "Autzen Stadium, University Of Oregon",
  "location": "Eugene, OR",
  "source_type": "SBD",
  "lineage": "Cassette (Nakamichi CR-7A) > Tascam DA-3000 > Samplitude Pro X5 > Flac24 > RX8 > Flac16",
  "taper": "Recorded by Augustus Owsley Stanley III (aka Bear)",
  "source": "Bear's Master Cassette (Set 1) + Bear's Master Reel > Cassette (Set 2)",
  "runtime": "155:24.893",
  "rating": 3.466666666666667,
  "review_count": 3,
  "confidence": 0.6,
  "raw_rating": 4.333333333333333,
  "high_ratings": 2,
  "low_ratings": 0
}