{
  "identifier": "gd1980-11-29.157406.fob.nak700.cm.wagner.miller.t.flac1644",
  "title": "Grateful Dead Live at Alligator Alley Gymnasium, University Of Florida on 1980-11-29",
  "date": "1980-11-29",
  "venue": "Alligator Alley Gymnasium, University Of Florida",
  "location": "Gainesville, FL",
  "source_type": "AUD",
  "lineage": "Cassette Master (Nakamichi CR-7A) > Tascam DA-3000 (DSF 1-bit/5.6MHz) > Tascam Hi-Res Editor (WAV 24-bit/96k) > Adobe Audition 2020 > Samplitude Pro X6 Suite > FLAC/24",
  "taper": "Recorded By Bob Wagner",
  "source": "(FOB) Nakamichi CM700 > Cassette Master (Sony TC-D5M/Maxell UDXLII-C90)",
  "runtime": "181:58.61",
  "rating": 0.0,
  "review_count": 0,
  "confidence": 0.0,
  "raw_rating": 0.0,
  "high_ratings": 0,
  "low_ratings": 0
}