{
  "identifier": "gd1992-03-06.148536.fob.BK4011.ebel.flac1648",
  "title": "Grateful Dead Live at Hampton Coliseum on 1992-03-06",
  "date": "1992-03-06",
  "venue": "Hampton Coliseum",
  "location": "Hampton, VA",
  "source_type": "UNKNOWN",
  "lineage": "DAT Tape (Panasonic SV-3700) -> Coaxial SPDIF-> Marantz PMD 661 MKII (Solid State Recorder)-> SD Card-> Wav-> Flac Level 8-> Tagged (16/48)",
  "taper": "",
  "source": "B&K 4011-> DAT",
  "runtime": "171:21.386",
  "rating": 0.0,
  "review_count": 0,
  "confidence": 0.0,
  "raw_rating": 0.0,
  "high_ratings": 0,
  "low_ratings": 0
}