{
  "identifier": "gd1991-04-07.aud.Holtz.Naks.115109.flac16",
  "title": "The Grateful Dead Live at Orlando Arena on 1991-04-07",
  "date": "1991-04-07",
  "venue": "Orlando Arena",
  "location": "Orlando, FL",
  "source_type": "AUD",
  "lineage": "MAC > Tascam 112 > Edirol UA-5 > PC > Audacity > TLH > flac level 8; Recorded by Greg Holtz; Transfers, edits, track/FLAC by Greg Holtz",
  "taper": "Greg Holtz",
  "source": "Source: Nakamichi CM-100 mics w/ CP-4 Shotgun Caps > Sony D-5 (Maxell MX-S analog cassette tapes) - Front Row OTS;",
  "runtime": "154:01.70",
  "rating": 0.0,
  "review_count": 0,
  "confidence": 0.0,
  "raw_rating": 0.0,
  "high_ratings": 0,
  "low_ratings": 0
}