{
  "identifier": "gd1988-12-29.152285.ultramatrix.miller.flac2496",
  "title": "Grateful Dead Live at Oakland-Alameda County Coliseum on 1988-12-29",
  "date": "1988-12-29",
  "venue": "Oakland-Alameda County Coliseum",
  "location": "Oakland, CA",
  "source_type": "MATRIX",
  "lineage": "Cassette Master (Nakamichi CR-7A) > Tascam DA-3000 (DSF 1-bit/5.6MHz) > Tascam Hi-Res Editor (WAV 24-bit/96k) > Adobe Audition 2020 > Samplitude Pro X5 Suite > FLAC/24",
  "taper": "Don Pearson and Dan Healy",
  "source": "UltraMatrix SBD > Cassette Master (TDK MA-XG)",
  "runtime": "155:42.294",
  "rating": 0.0,
  "review_count": 0,
  "confidence": 0.0,
  "raw_rating": 0.0,
  "high_ratings": 0,
  "low_ratings": 0
}