{
  "identifier": "gd1980-06-07.155701.akg.se5.wiseman.miller.clugston.flac2496",
  "title": "Grateful Dead Live at Folsom Field, University Of Colorado on 1980-06-07",
  "date": "1980-06-07",
  "venue": "Folsom Field, University Of Colorado",
  "location": "Boulder, CO",
  "source_type": "AUD",
  "lineage": "Master Cassette (Nakamichi LX-5) > MOTU M4 > Macbook Pro > Audacity (.wav 24-bit/96k) > Adobe Audition 2021 > TLH flac2496",
  "taper": "Scott Wiseman",
  "source": "Scott Wiseman's Master Audience Cassettes; AKG SE-5E mics with CE-1 cardioid capsules > Sony TC-D5 (TDK SA 90)",
  "runtime": "155:44.520",
  "rating": 0.0,
  "review_count": 0,
  "confidence": 0.0,
  "raw_rating": 0.0,
  "high_ratings": 0,
  "low_ratings": 0
}