{
  "identifier": "gd1984-10-11.168002.beyer.m160.vita.miller.clugston.flac1648",
  "title": "Grateful Dead Live at Augusta Civic Center on 1984-10-11",
  "date": "1984-10-11",
  "venue": "Augusta Civic Center",
  "location": "Augusta, ME",
  "source_type": "AUD",
  "lineage": "Master Cassettes (Nakamichi CR-7A)> Tascam DA-3000 (.wav 24-bit/96k) > Adobe Audition CC 2022 > TLH flac2496",
  "taper": "Jim Vita",
  "source": "Jim Vita's Master (FOB) Audience Cassettes; Beyer M160 mics > Sony D5M (Maxell XLII-S)",
  "runtime": "",
  "rating": 0.0,
  "review_count": 0,
  "confidence": 0.0,
  "raw_rating": 0.0,
  "high_ratings": 0,
  "low_ratings": 0
}