{
  "identifier": "gd1994-12-11.141235.neumannmk140.ebel.flac1648",
  "title": "Grateful Dead Live at Oakland-Alameda County Coliseum on 1994-12-11",
  "date": "1994-12-11",
  "venue": "Oakland-Alameda County Coliseum",
  "location": "Oakland, CA",
  "source_type": "AUD",
  "lineage": "",
  "taper": "",
  "source": "<b/>flac16/48 </b> Source Info: Neumann KM 140-> Aerco P/S-> Sony D10 Pro II->DATTransfer Info: DAT (Panasonic SV-3700) -> Coaxial SPDIF-> Marantz PMD 661 MKII (Solid State Recorder)-> SD Card-> Wav-> Flac Level 8-> Tagged (16/48)Transfers by Pete Ebel",
  "runtime": "181:00.637",
  "rating": 1.68,
  "review_count": 1,
  "confidence": 0.2,
  "raw_rating": 4.0,
  "high_ratings": 1,
  "low_ratings": 0
}