{
  "identifier": "gd1988-07-16.164614.senn.me80.hessberg.miller.clugston.flac1648",
  "title": "Grateful Dead Live at Greek Theatre, U. Of California on 1988-07-16",
  "date": "1988-07-16",
  "venue": "Greek Theatre, U. Of California",
  "location": "Berkeley, CA",
  "source_type": "AUD",
  "lineage": "Cassette Master (Nakamichi DR-1) > Tascam DA-3000 (DSF 1-bit/5.6 MHz)> dBpoweramp (24/96) > Adobe Audition CC 2021 > TLH flac2496",
  "taper": "Michael Hessberg",
  "source": "Michael Hessberg's Master Audience Cassettes; Sennheiser ME80 mics > Sony D5M",
  "runtime": "154:56.368",
  "rating": 0.0,
  "review_count": 0,
  "confidence": 0.0,
  "raw_rating": 0.0,
  "high_ratings": 0,
  "low_ratings": 0
}