{
  "identifier": "gd1982-07-28.naks.mason.129707.flac16",
  "title": "Grateful Dead Live at Red Rocks Ampitheatre on 1982-07-28",
  "date": "1982-07-28",
  "venue": "Red Rocks Ampitheatre",
  "location": "Morrison, CO",
  "source_type": "AUD",
  "lineage": "",
  "taper": "Mason B. Taylor",
  "source": "Recorded By Mason Taylor on a Nakamichi 550 Cassette Deck, on crome tapes, with Nakamichi microphones; Transferred on Mason's restored Nak550",
  "runtime": "170:29.74",
  "rating": 1.7149999999999996,
  "review_count": 2,
  "confidence": 0.4,
  "raw_rating": 3.5,
  "high_ratings": 1,
  "low_ratings": 0
}