{
  "identifier": "gd1979-05-07.167727.ShureSM57.Sublette.noel.goldey.t-flac2496",
  "title": "Grateful Dead Live at Allan Kirby Field House, Lafayette College on 1979-05-07",
  "date": "1979-05-07",
  "venue": "Allan Kirby Field House, Lafayette College",
  "location": "Easton, PA",
  "source_type": "AUD",
  "lineage": "Master Cassettes (2x UDXL-II 90) > Nak CR-7A > Tascam DA-3000 (DSF 1-bit/5.6 MHz) > dBpoweramp > Flac @ 2496",
  "taper": "Kathy Sublette",
  "source": "Shure SM57 mics > Sony-TC158 (Dolby ??) > Master Cassettes",
  "runtime": "3:08:26.746",
  "rating": 0.0,
  "review_count": 0,
  "confidence": 0.0,
  "raw_rating": 0.0,
  "high_ratings": 0,
  "low_ratings": 0
}