{
  "identifier": "gd1983-03-30.162245.senn421.vita.miller.clugston.flac2496",
  "title": "Grateful Dead Live at Warfield Theater on 1983-03-30",
  "date": "1983-03-30",
  "venue": "Warfield Theater",
  "location": "San Francisco, CA",
  "source_type": "AUD",
  "lineage": "Master Cassettes (Nakamichi CR-7A)> Tascam DA-3000 (24-bit/96k) > Adobe Audition CC 2022 > TLH flac2496",
  "taper": "Jim Vita",
  "source": "Jim Vita's Master Audience Cassettes; Sennheiser  421 mics > Sony D5M (TDK MA-R90)",
  "runtime": "148:41.354",
  "rating": 0.0,
  "review_count": 0,
  "confidence": 0.0,
  "raw_rating": 0.0,
  "high_ratings": 0,
  "low_ratings": 0
}