{
  "identifier": "gd1987-09-23.137225.upg-aud.tobin.flac16",
  "title": "Grateful Dead Live at The Spectrum on 1987-09-23",
  "date": "1987-09-23",
  "venue": "The Spectrum",
  "location": "Philadelphia, PA",
  "source_type": "AUD",
  "lineage": "",
  "taper": "",
  "source": "(original shnid = 90559) taper: Joe D'Amico nak 300 mics w/cp4 shotguns > sony d-5 nak dragon tape deck > sony sbm1 > creative extigy soundcard > cool edit pro > flac frontend - pitch correction and patches by Kevin Tobin",
  "runtime": "143:16.22",
  "rating": 0.0,
  "review_count": 0,
  "confidence": 0.0,
  "raw_rating": 0.0,
  "high_ratings": 0,
  "low_ratings": 0
}