{
  "identifier": "gd1995-06-21.Nak300CP4.Heaton.Keo.115992.Flac2496",
  "title": "Grateful Dead Live at Knickerbocker Arena on 1995-06-21",
  "date": "1995-06-21",
  "venue": "Knickerbocker Arena",
  "location": "Albany, NY",
  "source_type": "AUD",
  "lineage": "",
  "taper": "Heaton",
  "source": "First Generation Tapes; Taper Heaton,Transfer By Keo; Nakamichi CM300/CP4 Shotguns>Sony D7 (patched); Transfer Sony D7>Master Dat>Nakamichi LX3>Tapes Maxell XLII 90's; Transfer With Nakamichi MR-1>Korg MR-1000 @ 1 Bit/5.6 MHz; Tracking/Sample Rate Conversion/Flacked/Metadata Tagging; With AudioGate Software To 24 Bit/96 kHz",
  "runtime": "",
  "rating": 1.2599999999999998,
  "review_count": 2,
  "confidence": 0.2,
  "raw_rating": 3.0,
  "high_ratings": 0,
  "low_ratings": 0
}