{
  "identifier": "gd1980-10-31.132278.aud.sony.ecm-280.flac24",
  "title": "Grateful Dead Live at Radio City Music Hall on 1980-10-31",
  "date": "1980-10-31",
  "venue": "Radio City Music Hall",
  "location": "New York, NY",
  "source_type": "AUD",
  "lineage": "",
  "taper": "Jim Wise",
  "source": "Cassette Audience Master recorded By Jim Wise; Sony ECM 280 Cardioid Condenser Microphones-Sony TC D-5 Cassette Recorder; Location:Mics placed Overhanging Rail Ledge Dead Center 1st Lodge; Analog to Digital: Dolby B Decoded Cassette Master played back on Nakamichi Dragon-Korg MR-1000(DSF[1-bit 5.6448 MHz Stereo])Korg AudioGate-WAV[24/96] Transfer by David Minches; Editing(Adobe Audition 3.0)-Mastering & Processing(iZotope Ozone 6)-FLAC encodeing(dBpoweramp)-Tagging(Tag & Re-name)-Sample Rate Conversions(r8atebrain); All Editing & Processing performed in the 24 bit  digital domain By Jim Wise",
  "runtime": "193:46.746",
  "rating": 0.0,
  "review_count": 0,
  "confidence": 0.0,
  "raw_rating": 0.0,
  "high_ratings": 0,
  "low_ratings": 0
}