{
  "identifier": "gd1980-10-25.nak300.morrone.friend.116768.flac2448",
  "title": "Grateful Dead Live at Radio City Music Hall on 1980-10-25",
  "date": "1980-10-25",
  "venue": "Radio City Music Hall",
  "location": "New York, NY",
  "source_type": "AUD",
  "lineage": "MAC > Nakamichi CR-5A > Edirol FA-66 > Wavelab > CD-Wave > TLH > FLAC 2448 tagged. Transfer by Andrew F. 10/2011",
  "taper": "Tim Friend;Joe Morrone",
  "source": "AUD: 2x Nakamichi CM300/CP1 cardioids > Nakamichi 550 > Maxell UDXLII. Set up in second mezzanine few rows back, mics hand-held by Tim Friend, recording by Joe Morrone.",
  "runtime": "201:22.274",
  "rating": 0.0,
  "review_count": 0,
  "confidence": 0.0,
  "raw_rating": 0.0,
  "high_ratings": 0,
  "low_ratings": 0
}