{
  "identifier": "gd1978-04-06.sbd.miller.81307.sbeok.flac16",
  "title": "Grateful Dead Live at Curtis Hixon Convention Hall on 1978-04-06",
  "date": "1978-04-06",
  "venue": "Curtis Hixon Convention Hall",
  "location": "Tampa, FL",
  "source_type": "SBD",
  "lineage": "Dat -> Samplitude Professional v8.01 -> FLAC",
  "taper": "",
  "source": "SBD -> Master Reel -> PCM -> Dat D",
  "runtime": "159",
  "rating": 2.666666666666667,
  "review_count": 3,
  "confidence": 0.6,
  "raw_rating": 3.3333333333333335,
  "high_ratings": 2,
  "low_ratings": 1
}