{
  "identifier": "gd1984-06-26.sbd.miller.patch-87511.87625.sbeok.flac16",
  "title": "Grateful Dead Live at Merriweather Post Pavilion on 1984-06-26",
  "date": "1984-06-26",
  "venue": "Merriweather Post Pavilion",
  "location": "Columbia, MD",
  "source_type": "SBD",
  "lineage": "Dat (Sony R500) -> Samplitude Professional v9.11 -> Cool Edit Pro v2.0 -> FLAC",
  "taper": "",
  "source": "SBD -> Cassette Master -> Cassette -> Dat (48k) D",
  "runtime": "154:46.10",
  "rating": 3.733333333333334,
  "review_count": 3,
  "confidence": 0.6,
  "raw_rating": 4.666666666666667,
  "high_ratings": 3,
  "low_ratings": 0
}