{
  "identifier": "gd1984-10-18.002342.aud.fried-lai.shnf",
  "title": "Grateful Dead Live at Meadowlands Arena on 1984-10-18",
  "date": "1984-10-18",
  "venue": "Meadowlands Arena",
  "location": "East Rutherford, NJ",
  "source_type": "AUD",
  "lineage": "",
  "taper": "Unknown",
  "source": "Actual lineage is FOB (probably) Senn 441s (probably) > TC-D5M (definitely) > MC (1x XLIIS 90; 1x MR 90)",
  "runtime": "",
  "rating": 0.0,
  "review_count": 0,
  "confidence": 0.0,
  "raw_rating": 0.0,
  "high_ratings": 0,
  "low_ratings": 0
}