{
  "identifier": "gd1985-04-04.132860.at-akg.ackerman.flac1644",
  "title": "Grateful Dead Live at Providence Civic Center on 1985-04-04",
  "date": "1985-04-04",
  "venue": "Providence Civic Center",
  "location": "Providence, RI",
  "source_type": "AUD",
  "lineage": "MAC > CDR on unknown equipment 2005. CDR > EAC (secure) > WavMerge > Wavelab > CD-Wave > TLH > FLAC 1644 tagged, April 2015",
  "taper": "Ray Ackerman",
  "source": "AUD: 2x AT835B shotguns plus 1x AKG D12E center mic > unknown mixer > unknown lead deck > Sony WM-D6C > MAC, recording and transfer to CDR by Ray Ackerman.",
  "runtime": "147:18.74",
  "rating": 0.0,
  "review_count": 0,
  "confidence": 0.0,
  "raw_rating": 0.0,
  "high_ratings": 0,
  "low_ratings": 0
}