{
  "identifier": "gd1988-09-16.140945.OTS.Schoeps.PCM.Mattes.Miller.Noel.t-flac.1644",
  "title": "Grateful Dead Live at Madison Square Garden on 1988-09-16",
  "date": "1988-09-16",
  "venue": "Madison Square Garden",
  "location": "New York, NY",
  "source_type": "AUD",
  "lineage": "",
  "taper": "Ted Mattes and Paul Thompson",
  "source": "Recording info: Schoeps CMC3/MK4 > PCM (Nakamichi DMP-100) (Sony ESX-HiFi/L-750 Beta tape); Transfer info: Sony SL-10 > Sony PCM-601ESD > Behringer Ultramatch Pro > Tascam DA-3000 (WAV 16-bit/44.1k); Recorded by Paul Thompson & Ted Mattes (OTS)",
  "runtime": "160:43.47",
  "rating": 0.0,
  "review_count": 0,
  "confidence": 0.0,
  "raw_rating": 0.0,
  "high_ratings": 0,
  "low_ratings": 0
}