{
  "identifier": "gd1987-04-07.134861.bltz.flac2496",
  "title": "Grateful Dead Live at Meadowlands Arena on 1987-04-07",
  "date": "1987-04-07",
  "venue": "Meadowlands Arena",
  "location": "East Rutherford, NJ",
  "source_type": "AUD",
  "lineage": "",
  "taper": "bltz",
  "source": "Source: Nakamichi CM-300s/2-Mic CP-4 super-directional shotgun capsule -> Sony Walkman Pro/Triad Metal Position MG-X 90 -> JVC TD-W354 -> Zoom H6 96/24 WAV -> Audacity -> FLAC 96/24",
  "runtime": "151:31.138",
  "rating": 0.0,
  "review_count": 0,
  "confidence": 0.0,
  "raw_rating": 0.0,
  "high_ratings": 0,
  "low_ratings": 0
}