{
  "identifier": "gd1984-10-12.132814.sbd.flac16",
  "title": "Grateful Dead Live at Augusta Civic Center on 1984-10-12",
  "date": "1984-10-12",
  "venue": "Augusta Civic Center",
  "location": "Augusta, ME",
  "source_type": "SBD",
  "lineage": "",
  "taper": "",
  "source": "MSC > Reel > DAT > CDR > EAC > WAV > TLH > FLAC",
  "runtime": "139:11.06",
  "rating": 3.733333333333334,
  "review_count": 4,
  "confidence": 0.6,
  "raw_rating": 4.666666666666667,
  "high_ratings": 3,
  "low_ratings": 0
}