{
  "identifier": "gd1985-11-04.nak300.morris.106580.flac16",
  "title": "Grateful Dead Live at The Centrum on 1985-11-04",
  "date": "1985-11-04",
  "venue": "The Centrum",
  "location": "Worcester, MA",
  "source_type": "AUD",
  "lineage": "Cassette Master (Nakamichi DR-1) > Korg MR-1000 (1-bit/5.6MHz) > Audiogate (1-bit/5.6MHz > 16-bit/44.1KHz) > cdwav (edits)",
  "taper": "Bob Morris",
  "source": "Nakamichi CM-300 x2 > Cassette Master (Sony TCD5M/Maxell XLII-S C-90)",
  "runtime": "131:31",
  "rating": 2.1,
  "review_count": 1,
  "confidence": 0.2,
  "raw_rating": 5.0,
  "high_ratings": 1,
  "low_ratings": 0
}