{
  "identifier": "gd1988-10-02.beyerM88.russjcan.94479.flac16",
  "title": "Grateful Dead Live at Shoreline Amphitheatre on 1988-10-02",
  "date": "1988-10-02",
  "venue": "Shoreline Amphitheatre",
  "location": "Mountain View, CA",
  "source_type": "AUD",
  "lineage": "Master>D6>HD>Audacity>CDWave>TLH>FLAC",
  "taper": "Russ Cansler",
  "source": "Beyerdynamic M-88's XY60 with Sony WMD6-C  Maxell MX 90 No nr  Offical taping section front of lawn 140 feet away,dead center Mic stand at 7 feet",
  "runtime": "163:56.28",
  "rating": 0.0,
  "review_count": 0,
  "confidence": 0.0,
  "raw_rating": 0.0,
  "high_ratings": 0,
  "low_ratings": 0
}