{
  "identifier": "gd1972-09-09.aud.131474.berger.flac24",
  "title": "Grateful Dead Live at Hollywood Palladium on 1972-09-09",
  "date": "1972-09-09",
  "venue": "Hollywood Palladium",
  "location": "Hollywood, CA",
  "source_type": "AUD",
  "lineage": "maxell ud-35-90 7\" reel @ 3.75 ips, dolby b: technics rs-1506 > teac an-180 > benchmark adc1 24/96 > tascam hd-p2, adobe audition cs6 > cd wave > flac; transfer & seeded by Rob Berger 2014",
  "taper": "Bruce Harvie",
  "source": "lineage: MAR > R > R > R; master taped by Bruce Harvie; sony ecm 22p's > sony tc-770;",
  "runtime": "192:33.053",
  "rating": 0.0,
  "review_count": 1,
  "confidence": 0.0,
  "raw_rating": 0.0,
  "high_ratings": 0,
  "low_ratings": 0
}