{
  "identifier": "gd1989-08-19.131526.cmc52S.deal.petty.flac16",
  "title": "Grateful Dead Live at Greek Theatre, U. Of California on 1989-08-19",
  "date": "1989-08-19",
  "venue": "Greek Theatre, U. Of California",
  "location": "Berkeley, CA",
  "source_type": "AUD",
  "lineage": "",
  "taper": "Lance Deal",
  "source": "Source info: Schoeps CMC 52 S (spread 8')> Schoeps VMS 52 UB> Technics SVMD1 by Lance Deal and others. Master DAT's provided by Lance Deal; Transfer Info: Fostex D-5 (AES/BU)> Luminuous Monarch> (s/pdif) M-Audio Audiophile 2496> Audacity @ 16/48> 16/44> CD Wav (tracking)> TLH (SBE's/Flac16/md5); Transferred and liberated to etree on October 12, 2014 by Will Petty",
  "runtime": "159:32.00",
  "rating": 0.0,
  "review_count": 0,
  "confidence": 0.0,
  "raw_rating": 0.0,
  "high_ratings": 0,
  "low_ratings": 0
}