{
  "identifier": "gd1991-09-25.schoeps.andrewf.84858.sbeok.flac1648",
  "title": "Grateful Dead Live at Boston Garden on 1991-09-25",
  "date": "1991-09-25",
  "venue": "Boston Garden",
  "location": "Boston, MA",
  "source_type": "AUD",
  "lineage": "MAD > Sony TCD-D10P > Coax SPDIF > Audiophile 2496 > Soundforge (at 48kHz) > CD-Wave > TLH > FLAC.",
  "taper": "Andrew F",
  "source": "Schoeps CMC3/MK4 (ORTF) > unknown power supply > Panasonic SV-255 (lead deck) > Coax SPDIF > Casio DA-7 Dat (first deck out) > Agfa Dat tape. Mics on 7-foot stand secured to hockey-wall at end of floor, behind lighting board, in the center.",
  "runtime": "169",
  "rating": 2.1,
  "review_count": 1,
  "confidence": 0.2,
  "raw_rating": 5.0,
  "high_ratings": 1,
  "low_ratings": 0
}