{
  "identifier": "gd1989-04-09.138255.kmr82i.flac16",
  "title": "Grateful Dead Live at Freedom Hall on 1989-04-09",
  "date": "1989-04-09",
  "venue": "Freedom Hall",
  "location": "Louisville, KY",
  "source_type": "AUD",
  "lineage": "Sony PCM-2600(Apogee AES/EBU)>Sound Devices 722 (16/48)> Firewire>Macbook>Sound Studio 3.6(fades, normalize peak, +gain, track)> xACT 2.39(align on sector boundaries, encode, tag, fingerprint)>flac16 (level 8); Taped by: unknown; DAT seed provided by: Craig Hillwig; Transferred and seeded by: Lenny Stubbe",
  "taper": "Unknown",
  "source": "<b>flac16/48kHz</b>; Source: Neumann KMR-82i > DAT (48 khz);",
  "runtime": "158:08.232",
  "rating": 1.68,
  "review_count": 1,
  "confidence": 0.2,
  "raw_rating": 4.0,
  "high_ratings": 1,
  "low_ratings": 0
}