{
  "identifier": "gd1985-11-10.142930.mtx.tobin.flac1644",
  "title": "Grateful Dead Live at Meadowlands Arena on 1985-11-10",
  "date": "1985-11-10",
  "venue": "Meadowlands Arena",
  "location": "East Rutherford, NJ",
  "source_type": "MATRIX",
  "lineage": "",
  "taper": "",
  "source": "<i>Matrix 2 Source Mix</i> - SBD (shnid = 141082) Source Info: Master Soundboard Cassette (dolby b decoded) > Dat; Transfer Info: Dat (Sony PCM-R500) > Tascam DA-3000 > KORG AudioGate 4 > Adobe Audition 3.0 > TLH flac16 + AUD (shnid = 7955) Oade's Master Audience PCM > Schoeps CMC-441 mics > Oade M118> Sony PCM-F1 > DAT> CDR EAC'ed/Shn'ed by Charlie Connor 3/2/02, with thanks to Scott Clugston and Doug Oade; to abgd. - matrix mixing by Kevin Tobin",
  "runtime": "145:04.65",
  "rating": 0.0,
  "review_count": 0,
  "confidence": 0.0,
  "raw_rating": 0.0,
  "high_ratings": 0,
  "low_ratings": 0
}