{
  "identifier": "gd1984-04-21.166581.mtx.seamons.ht166.flac16",
  "title": "Grateful Dead Live at Philadelphia Civic Center on 1984-04-21",
  "date": "1984-04-21",
  "venue": "Philadelphia Civic Center",
  "location": "Philadelphia, PA",
  "source_type": "MATRIX",
  "lineage": "",
  "taper": "",
  "source": "Matrix by Hunter Seamons using Final Cut Pro (FLAC > AIFF > Final Cut w/EQ > AIFF CD tracking via Audacity > FLAC16 via xACT w/meta-tagging) December 26, 2023",
  "runtime": "170:18.25",
  "rating": 0.0,
  "review_count": 0,
  "confidence": 0.0,
  "raw_rating": 0.0,
  "high_ratings": 0,
  "low_ratings": 0
}