{
  "identifier": "gd1985-11-07.sbd.miller.88727.sbeok.flac16",
  "title": "Grateful Dead Live at Community War Memorial Auditorium on 1985-11-07",
  "date": "1985-11-07",
  "venue": "Community War Memorial Auditorium",
  "location": "Rochester, NY",
  "source_type": "SBD",
  "lineage": "Dat (Sony R500) -> Samplitude Professional v9.12 -> Cool Edit Pro v2.0 -> FLAC",
  "taper": "",
  "source": "SBD -> Cassette Master -> Reel -> Dat D",
  "runtime": "130:26.46",
  "rating": 4.5,
  "review_count": 5,
  "confidence": 0.8,
  "raw_rating": 5.0,
  "high_ratings": 4,
  "low_ratings": 0
}