{
  "identifier": "gd1981-03-06.169229.nak700.wagner.miller.clugston.flac2496",
  "title": "Grateful Dead Live at Stanley Theater on 1981-03-06",
  "date": "1981-03-06",
  "venue": "Stanley Theater",
  "location": "Pittsburgh, PA",
  "source_type": "AUD",
  "lineage": "Master Cassettes (Nakamichi CR-7A)> Tascam DA-3000 (DSF 1-bit/5.6 MHz) > Tascam Hi-Res Editor (.wav 24-bit/96k) > Adobe Audition CC 2024 > TLH flac2496",
  "taper": "Bob Wagner",
  "source": "Bob Wagner's Master Audience Cassettes; Nakamichi 700 mics > Sony TC-D5M (Maxell XLII-S90)",
  "runtime": "",
  "rating": 0.0,
  "review_count": 0,
  "confidence": 0.0,
  "raw_rating": 0.0,
  "high_ratings": 0,
  "low_ratings": 0
}