{
  "identifier": "gd1994-02-27.schoeps.wklitz-jones-clayton.watson.85709.flac16",
  "title": "Grateful Dead Live at Oakland-Alameda County Coliseum Stadium on 1994-02-27",
  "date": "1994-02-27",
  "venue": "Oakland-Alameda County Coliseum Stadium",
  "location": "Oakland, CA",
  "source_type": "AUD",
  "lineage": "Dat master played back on Sony pcm-R500->vx pocket v2->WL5>CDWAV>FLAC",
  "taper": "Keith Litzenberger, Roger Jones & Corey Clayton",
  "source": "Schoeps MK4's>Reutelhuber Preamp>Sony TCD-D10PROII FOB DFC",
  "runtime": "",
  "rating": 2.4499999999999997,
  "review_count": 2,
  "confidence": 0.4,
  "raw_rating": 5.0,
  "high_ratings": 2,
  "low_ratings": 0
}