{
  "identifier": "gd1980-05-15.126082.ecm280.wise.minches.flac2496",
  "title": "Grateful Dead Live at Nassau Coliseum on 1980-05-15",
  "date": "1980-05-15",
  "venue": "Nassau Coliseum",
  "location": "Uniondale, NY",
  "source_type": "AUD",
  "lineage": "",
  "taper": "Jim Wise",
  "source": "Recording by Jim Wise: Master Audience Cassette; 2 Sony ECM-280s> Sony D-5; Transfer and FLAC encoding by David Minches: Master played back on Nakamichi Dragon > Korg MR-1000(DSF [1-bit 5.6448 MHz Stereo]) Korg AudioGate > WAV [24/96] > Adobe Audition 3.0> FLAC encoding",
  "runtime": "154:58.012",
  "rating": 1.2599999999999998,
  "review_count": 1,
  "confidence": 0.2,
  "raw_rating": 3.0,
  "high_ratings": 0,
  "low_ratings": 0
}