{
  "identifier": "gd1988-09-16.fob.senn441.mccue-zaleski.ford.105567.flac16",
  "title": "Grateful Dead Live at Madison Square Garden on 1988-09-16",
  "date": "1988-09-16",
  "venue": "Madison Square Garden",
  "location": "New York, NY",
  "source_type": "AUD",
  "lineage": "MAC> Nakamichi Dragon> Kind Kables RCA/XLR> Lunatec V3(@24/88.2)> coax> Audiophile 2496> WaveLab 6.10> .wav @ 24/88.2> Waves L3 UltraMaximizer> CD Wave Editor> Trader's Little Helper> flac16. Editing and Mastering in WaveLab 6.10 with UAD in 24/88.2. Flac files tagged",
  "taper": "Lucien Zaleski and Mark McCue",
  "source": "(FOB) Sennhieser 441s > Sony D5 > 2 x Maxell XLII-S 90",
  "runtime": "147:12.21",
  "rating": 2.4499999999999997,
  "review_count": 2,
  "confidence": 0.4,
  "raw_rating": 5.0,
  "high_ratings": 2,
  "low_ratings": 0
}