{
  "identifier": "gd1987-10-03.121961.sbd.miller.sbd.flac16",
  "title": "Grateful Dead Live at Shoreline Amphitheatre on 1987-10-03",
  "date": "1987-10-03",
  "venue": "Shoreline Amphitheatre",
  "location": "Mountain View, CA",
  "source_type": "SBD",
  "lineage": "Cassette Master (Tascam 122mkII) -> Apogee MiniMe (24bit/48k) ->Samplitude Professional v9.02 -> FLAC/16",
  "taper": "",
  "source": "SBD -> Cassette Master (Maxell MX90)",
  "runtime": "141:48.60",
  "rating": 3.466666666666667,
  "review_count": 4,
  "confidence": 0.6,
  "raw_rating": 4.333333333333333,
  "high_ratings": 3,
  "low_ratings": 0
}