{
  "identifier": "gd1985-06-30.152702.akgc422.davis-murtha.holbrook.flac2448",
  "title": "Grateful Dead Live at Merriweather Post Pavilion on 1985-06-30",
  "date": "1985-06-30",
  "venue": "Merriweather Post Pavilion",
  "location": "Columbia, MD",
  "source_type": "AUD",
  "lineage": "This Source: Master AUDCA Maxell MX90 No NR [KH] Transfer:  Nakamichi 582ZX > Sonic AD2k @24/48 > Marantz PMD661|24/48 SD Processing: SD| Audacity | cdwav editor | TLH | FLAC",
  "taper": "Executive Crew;Mike Davis;Kenny Davis;Sean Murtha;Kyle Holbrook;Tom Pinney;John Borg;Gary Steel",
  "source": "Microphones: AKG C422 (Cardioid) > AKG S42 XY 90\u00ba     Recorder: Sony TC-D5M Location: Lawn ~275' from stage (crest of the hill)",
  "runtime": "149:02.57",
  "rating": 0.0,
  "review_count": 0,
  "confidence": 0.0,
  "raw_rating": 0.0,
  "high_ratings": 0,
  "low_ratings": 0
}