{
  "identifier": "gd1983-07-30.fob.sony220t.keshavan.miller.96401.sbeok.flac16",
  "title": "Grateful Dead Live at Ventura County Fairgrounds on 1983-07-30",
  "date": "1983-07-30",
  "venue": "Ventura County Fairgrounds",
  "location": "Ventura, CA",
  "source_type": "AUD",
  "lineage": "Cassette Master (Nakamichi DR-1/Dolby B) -> Sound Devices 744T (24bit/96k) -> Samplitude Professional v10.2 -> r8brain PRO v1.5 -> FLAC/16",
  "taper": "Rango Keshavan",
  "source": "(FOB) Sony ECM-220T -> Cassette Master (Sony TC-D5M/Fuji Metal Tape/Dolby B)",
  "runtime": "144:04.40",
  "rating": 3.0333333333333328,
  "review_count": 7,
  "confidence": 1.0,
  "raw_rating": 4.333333333333333,
  "high_ratings": 6,
  "low_ratings": 0
}