{
  "identifier": "gd1989-04-12.sbd.walker-scotton.miller.83768.sbeok.flac16",
  "title": "Grateful Dead Live at Rosemont Horizon Arena on 1989-04-12",
  "date": "1989-04-12",
  "venue": "Rosemont Horizon Arena",
  "location": "Rosemont, IL",
  "source_type": "SBD",
  "lineage": "Cassette Master (Tascam 122mkII) -> Apogee MiniMe (24bit/48k) ->",
  "taper": "",
  "source": "SBD -> Cassette Master (TDK MA-XG90) D",
  "runtime": "147",
  "rating": 3.4,
  "review_count": 7,
  "confidence": 1.0,
  "raw_rating": 3.4,
  "high_ratings": 1,
  "low_ratings": 0
}