{
  "identifier": "gd1989-10-20.nak300.juteau.116721.flac",
  "title": "Grateful Dead Live at The Spectrum on 1989-10-20",
  "date": "1989-10-20",
  "venue": "The Spectrum",
  "location": "Philadelphia, PA",
  "source_type": "AUD",
  "lineage": "DAT/M > DA-P1 > HHb 800 > EAC > CDWav > FLAC; Recorded: Gene Juteau; Transferred: Jeff Bowen; Extraction: Brad Foster",
  "taper": "",
  "source": "Source: (OTS) Nakamichi cm300/cp4's > Sony TCD-D10;",
  "runtime": "189:59.09",
  "rating": 2.1,
  "review_count": 1,
  "confidence": 0.2,
  "raw_rating": 5.0,
  "high_ratings": 1,
  "low_ratings": 0
}