{
  "identifier": "gd1993-03-10.AKG451.Darby.119634.Flac2448",
  "title": "Grateful Dead Live at Rosemont Horizon on 1993-03-10",
  "date": "1993-03-10",
  "venue": "Rosemont Horizon",
  "location": "Rosemont, IL",
  "source_type": "AUD",
  "lineage": "",
  "taper": "Mike Darby",
  "source": "Master Audience Recorded By Mr. Darby; AKGC451EB/CK1's (DIN/Section 2 Row 49 Seat 5/6 Feet High)> Whirlwind Phantoms>Sony TC-D5M,Tapes Set 1:Sony Metal-ES,Set 2:Denon MG-X; Transfer Information:Tascam 112 MKII (XLR Out)> Tascam HD-P2 @ 24/48> HDD>Amadeus Pro (Tracking/Fades/FLAC8); Tracks Renamed/Metadata Tagging With Tag&Rename By Keo",
  "runtime": "",
  "rating": 0.0,
  "review_count": 0,
  "confidence": 0.0,
  "raw_rating": 0.0,
  "high_ratings": 0,
  "low_ratings": 0
}