{
  "identifier": "gd1995-06-24.fob.akg391.unknown.swayne.85339.flac16",
  "title": "Grateful Dead Live at RFK Stadium on 1995-06-24",
  "date": "1995-06-24",
  "venue": "RFK Stadium",
  "location": "Washington, DC",
  "source_type": "AUD",
  "lineage": "Tascam DA-30 -(S/PDIF)-> Diamond XTreme SC -> Cool Edit Pro -> CDWave -> FLAC (Level8)",
  "taper": "",
  "source": "FOB AKG 300B/CK91 -> DAT -> DAT",
  "runtime": "154:56",
  "rating": 1.8199999999999998,
  "review_count": 7,
  "confidence": 1.0,
  "raw_rating": 2.6,
  "high_ratings": 1,
  "low_ratings": 2
}