{
  "identifier": "gd1994-04-01.142364.sbd.gastwirt.miller.sirmick.flac1644",
  "title": "Grateful Dead Live at The Omni on 1994-04-01",
  "date": "1994-04-01",
  "venue": "The Omni",
  "location": "Atlanta, GA",
  "source_type": "AUD",
  "lineage": "",
  "taper": "Rich Gastwirt",
  "source": "Source: SBD > dat (44.1k) - Provided by Rich Gastwirt; Transfer: Dat > Sony PCM-R500 > Tascam DA-3000 > wav 16/44.1 - Transferred by Charlie Miller; Lineage: wav 16/48> iZotope RX6 Advanced > iZotope Ozone 5 Advanced > CD Wave > Flac16; edited and mastered SIRMick June 2018",
  "runtime": "165:28.27",
  "rating": 1.68,
  "review_count": 1,
  "confidence": 0.2,
  "raw_rating": 4.0,
  "high_ratings": 1,
  "low_ratings": 0
}