{
  "identifier": "gd1987-07-12.fob-aud.unknown.paino-connor.3422.sbeok.shnf",
  "title": "Grateful Dead Live at Giants Stadium on 1987-07-12",
  "date": "1987-07-12",
  "venue": "Giants Stadium",
  "location": "East Rutherford , NJ",
  "source_type": "AUD",
  "lineage": "",
  "taper": "Aud source supplied by PainoMan",
  "source": "AUD FOB CM>C>Nak DR-10 (Playback)>Midiman Flying Cow 24bit/48kHz A/D>RME Digi96/8>Steinberg's Wavelab 3.0 (bit resolution & resampling to CDR redbook 16/44.1>CDWav beta1.57 (tracking only)> SHNv3 (MKW ACT)",
  "runtime": "",
  "rating": 0.0,
  "review_count": 0,
  "confidence": 0.0,
  "raw_rating": 0.0,
  "high_ratings": 0,
  "low_ratings": 0
}