{
  "identifier": "gd1985-10-29.148424.fob.senn.me80.hessberg.miller.clugston.flac2496",
  "title": "Grateful Dead Live at Fox Theater on 1985-10-29",
  "date": "1985-10-29",
  "venue": "Fox Theater",
  "location": "Atlanta, GA",
  "source_type": "AUD",
  "lineage": "Cassette Master (Nakamichi DR-1) > Tascam DA-3000 (DSF 1-bit/5.6 MHz)> dBpoweramp (24/96) > Adobe Audition CC 2019 > TLH flac2496",
  "taper": "Michael Hessberg",
  "source": "Michael Hessberg's Master (FOB) Cassettes; Sennheiser ME-80 mics > Sony D5M",
  "runtime": "",
  "rating": 0.0,
  "review_count": 0,
  "confidence": 0.0,
  "raw_rating": 0.0,
  "high_ratings": 0,
  "low_ratings": 0
}