{
  "identifier": "gd1981-08-28.139526.FOB.Senn.Streeter.Miller.Noel.t-flac24",
  "title": "Grateful Dead Live at Long Beach Arena on 1981-08-28",
  "date": "1981-08-28",
  "venue": "Long Beach Arena",
  "location": "Long Beach, CA",
  "source_type": "AUD",
  "lineage": "Cassette Master (Nakamichi CR-7A) > Tascam DA-3000 (DSF 1-bit/5.8 MHz) > KORG AudioGate 4 > FLAC 24/96; Edited & Mastered in Audacity by Joe Noel: Flac 24/96; Checksum & tags created in xACT",
  "taper": "Frank Streeter",
  "source": "Frank Streeter FOB Recording: Sennheiser 421 > Cassette Master (Sony TC-D5M); Charlie Miller DSD",
  "runtime": "175:09.089",
  "rating": 0.0,
  "review_count": 0,
  "confidence": 0.0,
  "raw_rating": 0.0,
  "high_ratings": 0,
  "low_ratings": 0
}