{
  "identifier": "gd1988-09-19.149278.sennme-80.porter.carbonetta.sirmick.flac24",
  "title": "Grateful Dead Live at Madison Square Garden on 1988-09-19",
  "date": "1988-09-19",
  "venue": "Madison Square Garden",
  "location": "New York, NY",
  "source_type": "AUD",
  "lineage": "Transfer: Master Cassette > Nakamichi CR-7A > Korg MR-1000 > (DSF 1-bit/5.6MHz) > DBPoweramp > wav 24/96 - Transferred by Nick Carbonetta Lineage: wav 24/96> Adobe Audition 3 > iZotope RX7 Advanced > iZotope Ozone 5 Advanced > iZotope RX7 Advanced > wav 16/44.1 >  CD Wave > flac 16",
  "taper": "Stephen Porter",
  "source": "Source: Sennheiser ME-80s > Sony D-5 > Master Cassette - taped by Stephen Porter",
  "runtime": "136:30.58",
  "rating": 1.68,
  "review_count": 1,
  "confidence": 0.2,
  "raw_rating": 4.0,
  "high_ratings": 1,
  "low_ratings": 0
}