{
  "identifier": "gd1977-05-08.ecm33p.moore.berger.miller.117026.flac16",
  "title": "Grateful Dead Live at Barton Hall on 1977-05-08",
  "date": "1977-05-08",
  "venue": "Barton Hall",
  "location": "Ithaca, NY",
  "source_type": "AUD",
  "lineage": "",
  "taper": "Jerry Moore",
  "source": "source: aud taped by Jerry Moore; 1)cassette master>10.5\" reel @ 7.5 ips, dolby b provides a majority of the show, 2)Scarlet>Fire provided by cassette master patched from same rig>JM's cassette>reel (as above) 3)The One More Sat Nite encore is from the newly discovered original cassette master; lineage for source 1 (with exceptions noted above): aud cassette master: sony ecm 33p's>sony tc-153, maxell udxLII90's/dolby b>aud 1st gen: made on Sony TC-755 w/Teac an-180 dolby unit, Scotch Classic 10.5\" reels; transfer: technics rs-1506 open reel>teac an-180 dolby b unit>tascam hd-p2 24/96>flac; encore: nak dragon>tascam hd-p2 24/96>pc>flac; new transfers by Rob Berger spring 2011; mastering, pitch correction, and seeded by Charlie Miller",
  "runtime": "169:26.18",
  "rating": 3.5,
  "review_count": 6,
  "confidence": 1.0,
  "raw_rating": 5.0,
  "high_ratings": 6,
  "low_ratings": 0
}