{
  "identifier": "gd1991-09-06.164617.nak300.hessberg.miller.clugston.flac2496",
  "title": "Grateful Dead Live at Richfield Coliseum on 1991-09-06",
  "date": "1991-09-06",
  "venue": "Richfield Coliseum",
  "location": "Richfield, OH",
  "source_type": "AUD",
  "lineage": "Cassette Master (Nakamichi DR-1) > Tascam DA-3000 (DSF 1-bit/5.6 MHz)> dBpoweramp (24/96) > Adobe Audition CC 2023 > TLH flac2496",
  "taper": "Michael Hessberg",
  "source": "Michael Hessberg's Master Audience Cassettes; Nakamichi 300 mics > Sony D5M",
  "runtime": "166:46.518",
  "rating": 0.0,
  "review_count": 0,
  "confidence": 0.0,
  "raw_rating": 0.0,
  "high_ratings": 0,
  "low_ratings": 0
}