{
  "identifier": "gd1991-09-13.147304.FOB.bk4011.dalton.miller.sirmick.flac1648",
  "title": "Grateful Dead Live at Madison Square Garden on 1991-09-13",
  "date": "1991-09-13",
  "venue": "Madison Square Garden",
  "location": "New York, NY",
  "source_type": "UNKNOWN",
  "lineage": "Transfer: DAT > Sony PCM-R500 > Tascam DA-3000 > wav 16/48 - Transferred by Charlie Miller Lineage: wav > iZotope RX7 Advanced > iZotope Ozone 5 Advanced > CD Wave > flac 1648",
  "taper": "Tim Dalton",
  "source": "Source: (FOB) B&K 4011 >  Oade p/s > Panasonic SV255 > DAT (48K) - From the collection of Tim Dalton",
  "runtime": "175:36.507",
  "rating": 0.0,
  "review_count": 0,
  "confidence": 0.0,
  "raw_rating": 0.0,
  "high_ratings": 0,
  "low_ratings": 0
}