{
  "identifier": "gd1989-07-15.139106.sbd.miller.flac2496",
  "title": "Grateful Dead Live at Deer Creek Music Center on 1989-07-15",
  "date": "1989-07-15",
  "venue": "Deer Creek Music Center",
  "location": "Noblesville, IN",
  "source_type": "MATRIX",
  "lineage": "Cassette Master (Nakamichi CR-7A) > Tascam DA-3000 (DSF 1-bit/5.8 MHz) >KORG AudioGate 4 > Samplitude Pro X3 Suite > FLAC/24",
  "taper": "",
  "source": "Ultra Matrix SBD > Cassette Master (TDK MA-XG90)",
  "runtime": "179:22.204",
  "rating": 2.16,
  "review_count": 3,
  "confidence": 0.2,
  "raw_rating": 4.0,
  "high_ratings": 1,
  "low_ratings": 0
}