{
  "identifier": "gd1967-00-00.125314.sbd.studio.sorochty.flac16",
  "title": "Grateful Dead Live at Unknown on 1967-00-00",
  "date": "1967-00-00",
  "venue": "Unknown",
  "location": "Unknown, Unknown",
  "source_type": "SBD",
  "lineage": "",
  "taper": "",
  "source": "Recording Info: Source #1: SBD -> ?? -> 7th gen cassette (stereo) -> wav -> FLAC; Source #2: SBD -> ?? -> unknown gen cassette (mono) -> CDR -> wav via EAC -> FLAC",
  "runtime": "45:00.27",
  "rating": 0.0,
  "review_count": 1,
  "confidence": 0.0,
  "raw_rating": 0.0,
  "high_ratings": 0,
  "low_ratings": 0
}