{
  "identifier": "gd1991-09-24.138150.dsbd.GEMS.flac16",
  "title": "Grateful Dead Live at Boston Garden on 1991-09-24",
  "date": "1991-09-24",
  "venue": "Boston Garden",
  "location": "Boston, MA",
  "source_type": "AUD",
  "lineage": "",
  "taper": "PO and Stucco TINA Holmes",
  "source": "DSBD Masters; DAT-> Panasonic SV-3700-> SP/DIF-> RME Fireface UC-> USB 2.0-> Hewlett-Packard EliteBook 8460p-> Adobe Audition 3.0.1; Beta Sony L-750ESX-HFB Dynamicron EXCELLENT SUPER HIFI VIDEO CASSETTE-> Sony SLO-1800 STEREO VIDEOCASSETTE RECORDER-> Sony PCM-601ESD DIGITAL AUDIO PROCESSOR-> SP/DIF-> Mytek Stereo 192 Sample Rate Converter-> Upsampled to 44.1kHz/24bit->SP/DIF-> RME FIREFACE 800-> FireWire 400-> Lenovo K450e Desktop PC-> WaveLab 6.11; Mastering and editing by acetboy on Pro Tools LE; 16 bit 48 kHz FLAC8 SBE Free March 2017",
  "runtime": "171:51.03",
  "rating": 0.0,
  "review_count": 0,
  "confidence": 0.0,
  "raw_rating": 0.0,
  "high_ratings": 0,
  "low_ratings": 0
}