{
  "identifier": "gd1985-06-27.121563.BeyerM160.daweez.d5scott.flac16",
  "title": "Grateful Dead Live at Saratoga Performing Arts Center on 1985-06-27",
  "date": "1985-06-27",
  "venue": "Saratoga Performing Arts Center",
  "location": "Saratoga Springs, NY",
  "source_type": "AUD",
  "lineage": "Sony TC-D5M (original record deck) > Pre Sonus Inspire GT > Sound Forge > .wav files > Trader's Little Helper > flac files",
  "taper": "Da Weez",
  "source": "Source: 2 Beyer M160 microphones > Sony TCD5M - master analog cassettes;",
  "runtime": "153:53.22",
  "rating": 0.0,
  "review_count": 0,
  "confidence": 0.0,
  "raw_rating": 0.0,
  "high_ratings": 0,
  "low_ratings": 0
}