{
  "identifier": "gd1983-10-08.111147.beyer-senn-daweez.d5scott.flac16",
  "title": "Grateful Dead Live at Richmond Coliseum on 1983-10-08",
  "date": "1983-10-08",
  "venue": "Richmond Coliseum",
  "location": "Richmond, VA",
  "source_type": "AUD",
  "lineage": "Sony TCD5M (original record deck)>Pre Sonus Inspire GT>Sound Forge>.wav files>Trader's Little Helper>flac files",
  "taper": "Da Weez",
  "source": "Source: 2 Beyer M160 and 1 Sennheiser 421 Microphones (up front) > ? blend box ? > Sony TCD5M - analog master cassettes;",
  "runtime": "140:01.51",
  "rating": 2.4266666666666663,
  "review_count": 3,
  "confidence": 0.6,
  "raw_rating": 4.333333333333333,
  "high_ratings": 3,
  "low_ratings": 0
}