{
  "identifier": "gd1984-10-14.nak300.morris.crazyfingers.106648.flac16",
  "title": "Grateful Dead Live at Hartford Civic Center on 1984-10-14",
  "date": "1984-10-14",
  "venue": "Hartford Civic Center",
  "location": "Hartford, CT",
  "source_type": "AUD",
  "lineage": "",
  "taper": "Bob Morris",
  "source": "Recorded FOB from Section 2, Row J, Seat 10 by Bob Morris. (FOB) Nakamichi CM-300 (CP-1) x2 > Cassette Master (Sony TCD5M/Maxell XLII-S C-90) Cassette Master (Nakamichi DR-1) > Korg MR-1000 (1-bit/5.6MHz) > Audiogate (1-bit/5.6MHz > 16-bit/44.1KHz) > cdwav (edits)",
  "runtime": "180:12.48",
  "rating": 0.0,
  "review_count": 0,
  "confidence": 0.0,
  "raw_rating": 0.0,
  "high_ratings": 0,
  "low_ratings": 0
}