{
  "identifier": "gd1987-03-24.senn441fob.scarletdog.126241.flac16",
  "title": "Grateful Dead Live at Hampton Coliseum on 1987-03-24",
  "date": "1987-03-24",
  "venue": "Hampton Coliseum",
  "location": "Hampton, VA",
  "source_type": "AUD",
  "lineage": "Playback Maxell XL-IIS cassette masters on Sony TC-D5m to Marantz PMD-670",
  "taper": "",
  "source": "2 Sennhesier 441s and Sony TC-D5m Cassette Master; FOB;",
  "runtime": "135:42.56",
  "rating": 1.68,
  "review_count": 1,
  "confidence": 0.2,
  "raw_rating": 4.0,
  "high_ratings": 1,
  "low_ratings": 0
}