{
  "identifier": "gd1980-10-06.151267.sbd.betty.anon.noel.flac1644",
  "title": "Grateful Dead Live at Warfield Theater on 1980-10-06",
  "date": "1980-10-06",
  "venue": "Warfield Theater",
  "location": "San Francisco, CA",
  "source_type": "SBD",
  "lineage": "DAT > Sony PCMR500 (SPDIF out) > VX Pocket > Nuendo (SPDIF in) > Soundforge 5 > WAV 16/44",
  "taper": "Recording by Betty Cantor-Jackson",
  "source": "Master SBD Reel > PCM > DAT",
  "runtime": "1:12:06.972",
  "rating": 0.0,
  "review_count": 1,
  "confidence": 0.0,
  "raw_rating": 0.0,
  "high_ratings": 0,
  "low_ratings": 0
}