{
  "identifier": "gd1987-04-10.140894.UltraMatrix.sbd.cm.miller.flac1644",
  "title": "Grateful Dead Live at UIC Pavilion on 1987-04-10",
  "date": "1987-04-10",
  "venue": "UIC Pavilion",
  "location": "Chicago, IL",
  "source_type": "MATRIX",
  "lineage": "Cassette Master (Nakamichi CR-7A) > Tascam DA-3000 (DSF 1-bit/5.8 MHz) >KORG AudioGate 4 > Samplitude Pro X3 Suite > FLAC/24",
  "taper": "",
  "source": "Ultra Matrix SBD > Cassette Master (TDK MA-R90)",
  "runtime": "138:01.29",
  "rating": 2.8349999999999995,
  "review_count": 2,
  "confidence": 0.4,
  "raw_rating": 4.5,
  "high_ratings": 2,
  "low_ratings": 0
}