{
  "identifier": "gd1973-05-26.sbd.cantor.diebert.83438.sbeok.flac16",
  "title": "Grateful Dead Live at Kezar Stadium on 1973-05-26",
  "date": "1973-05-26",
  "venue": "Kezar Stadium",
  "location": "San Francisco, CA",
  "source_type": "SBD",
  "lineage": "",
  "taper": "",
  "source": "7\" Betty Board Reel @ 7 1/2 ips > PCM501ES (Beta HiFi) ( @ 44.055 kHz) > PCM501ES analog out > analog in Fostex D5 ( @ 48kHz) > Fostex D5 optical S/PDIF out (Jace's tape) > Sound Forge 5.0 > wav/shn",
  "runtime": "245",
  "rating": 4.05,
  "review_count": 5,
  "confidence": 0.8,
  "raw_rating": 4.5,
  "high_ratings": 4,
  "low_ratings": 0
}