{
  "identifier": "gd1988-02-13.168627.SuperscopeEC-7.ont.flac1644",
  "title": "Grateful Dead Live at Henry J. Kaiser Convention Center on 1988-02-13",
  "date": "1988-02-13",
  "venue": "Henry J. Kaiser Convention Center",
  "location": "Oakland, CA",
  "source_type": "AUD",
  "lineage": "Cassette Masters Transferred Via Denon DR-M12HR >Tascam DR100mkII (24bit/48kHz) WAV >Audacity (Amplify By 11db, Track Splits, Down Sample To 16bit/44.1kHz, Minor Edits [Tape Flips] & Fades) Fix SBEs >FLAC (Level 8) + Tags Via xACT 2.53",
  "taper": "OldNeumanntapr",
  "source": "OTS; Superscope EC-7 Cardioids (Near Coincident) >Sony TC-153SD  [XLIIS]",
  "runtime": "",
  "rating": 0.0,
  "review_count": 0,
  "confidence": 0.0,
  "raw_rating": 0.0,
  "high_ratings": 0,
  "low_ratings": 0
}