{
  "identifier": "gd1987-07-12.142137.fob.schoeps.dalton.miller.clugston.flac1644",
  "title": "Grateful Dead Live at Giants Stadium on 1987-07-12",
  "date": "1987-07-12",
  "venue": "Giants Stadium",
  "location": "East Rutherford, NJ",
  "source_type": "AUD",
  "lineage": "",
  "taper": "Tim Dalton",
  "source": "Source Info: 1st & 2nd Set: (FOB) Schoeps > PCM > PCM; 3rd Set: (FOB) Schoeps > PCM > Dat > CD (shnid 84266); Transfer Info: PCM (Sony SL-10)> Sony PCM-601ESD > Behringer Ultramatch Pro > Tascam DA-3000 (wav 16-bit/44.1k)> Adobe Audition 3.0 > TLH flac16",
  "runtime": "215:34.31",
  "rating": 0.0,
  "review_count": 0,
  "confidence": 0.0,
  "raw_rating": 0.0,
  "high_ratings": 0,
  "low_ratings": 0
}