{
  "identifier": "gd1993-06-13.Nak300CP4.Floater.Keo.116901.Flac1644",
  "title": "Grateful Dead Live at Rich Stadium on 1993-06-13",
  "date": "1993-06-13",
  "venue": "Rich Stadium",
  "location": "Orchard Park, NY",
  "source_type": "AUD",
  "lineage": "",
  "taper": "Floater",
  "source": "Master Audience Nakamichi CM300/CP4 Shotguns>Sony D5; Taper Floater,Transfer By Keo; Tapes Sony Metal SR-100,Maxell Metal Capsule 100; Transfer With Nakamichi MR-1>Korg MR-1000 @ 1 Bit/5.6 MHz; Tracking/Sample Rate Conversion With AudioGate Software To 32 Bit Float/96 kHz; Dithered/Flacked With Korg Aqua To 16/44; SBE's Checked/Fixed With Trader's Little Helper; Metadata Tagging With AudioGate Software",
  "runtime": "",
  "rating": 0.0,
  "review_count": 0,
  "confidence": 0.0,
  "raw_rating": 0.0,
  "high_ratings": 0,
  "low_ratings": 0
}