{
  "identifier": "gd1986-12-31.135513.chasingwilma.flac24",
  "title": "Grateful Dead Live at Henry J. Kaiser Convention Center on 1986-12-31",
  "date": "1986-12-31",
  "venue": "Henry J. Kaiser Convention Center",
  "location": "Oakland, CA",
  "source_type": "AUD",
  "lineage": "",
  "taper": "chasingwilma",
  "source": "source: beyers 160 fob>  tcd-d5> tcd-d5> mc; conversion: sony tc we435>sony pcm m-10 24bit/96khz> soundforge> cdwave> traders little helper encoding option 8; conversion rate: 96000/24 bit",
  "runtime": "152:10.547",
  "rating": 0.0,
  "review_count": 0,
  "confidence": 0.0,
  "raw_rating": 0.0,
  "high_ratings": 0,
  "low_ratings": 0
}