{
  "identifier": "gd1989-10-15.Senn441sNak300.AlabamaBob.Currier.Keo.120535.Flac1644",
  "title": "Grateful Dead Live at Meadowlands Arena on 1989-10-15",
  "date": "1989-10-15",
  "venue": "Meadowlands Arena",
  "location": "East Rutherford, NJ",
  "source_type": "AUD",
  "lineage": "",
  "taper": "Alabama Bob,Mr. Currier",
  "source": "Master Audience Recorded By Alabama Bob And Mr. Currier; Tapes Transferred From Mr. Currier's Tapes; (2)Sennheiser441s+(1)Nakamichi CM300/CP1>Nakamichi 550> Marantz PDM-430>Dolby B>Tapes Maxell MX-90's; Transfer By Keo:Nakamichi MR-1>No Dolby>Korg MR-1000 @ 1 Bit/5.6 MHz; Tracking/Sample Rate Conversion With AudioGate Software To 32/96kHz; Dithered/Flacked With Korg Aqua To 16/44; SBE's Checked/Fixed With Trader's Little Helper; Metadata Tagging With Tag&Rename",
  "runtime": "",
  "rating": 0.0,
  "review_count": 0,
  "confidence": 0.0,
  "raw_rating": 0.0,
  "high_ratings": 0,
  "low_ratings": 0
}