{
  "identifier": "gd1983-08-31.141489.fob.senn.421.rice.smith.miller.clugston.flac2496",
  "title": "Grateful Dead Live at Silva Hall, Hult Center on 1983-08-31",
  "date": "1983-08-31",
  "venue": "Silva Hall, Hult Center",
  "location": "Eugene, OR",
  "source_type": "AUD",
  "lineage": "",
  "taper": "Otto Rice",
  "source": "Source Info: Otto Rice's Master (FOB) Audience Cassettes; Sennheiser 421 mics > Sony D5; Transfer Info: Master Cassettes (Nakamichi BX-300)> Apogee Mini Me 24/96 > Apogee Mini DAC > Adobe Audition 3.0 (24/96)> TLH flac2496",
  "runtime": "147:01.617",
  "rating": 0.0,
  "review_count": 0,
  "confidence": 0.0,
  "raw_rating": 0.0,
  "high_ratings": 0,
  "low_ratings": 0
}