{
  "identifier": "gd1993-08-27.140283.fob.Schoeps-MK41.miller.sirmick.flac.1648",
  "title": "Grateful Dead Live at Shoreline Amphitheatre on 1993-08-27",
  "date": "1993-08-27",
  "venue": "Shoreline Amphitheatre",
  "location": "Mountain View, CA",
  "source_type": "AUD",
  "lineage": "",
  "taper": "",
  "source": "<b>flac16/48kHz</b>; Source: (FOB) Schoeps MK41 > Panasonic SV-255 > dat(48k); Transfer: dat > Sony PCM-R500 > Tascam DA-3000> wav 16/48; Lineage: wav > iZotope RX6 Advanced > iZotope Ozone 5 Advanced > CD Wave > TLH > Flac 1648; edited and mastered SIRMick",
  "runtime": "173:28.707",
  "rating": 0.0,
  "review_count": 0,
  "confidence": 0.0,
  "raw_rating": 0.0,
  "high_ratings": 0,
  "low_ratings": 0
}