{
  "identifier": "gd1990-12-13.149746.UltraMatrix.sbd.cm.miller.flac16",
  "title": "Grateful Dead Live at McNichols Sports Arena on 1990-12-13",
  "date": "1990-12-13",
  "venue": "McNichols Sports Arena",
  "location": "Denver, CO",
  "source_type": "MATRIX",
  "lineage": "Cassette Master (Nakamichi CR-7A) > Tascam DA-3000 (DSF 1-bit/5.6MHz) > KORG AudioGate 4 > Adobe Audition CC 2015 > Samplitude Pro X4 Suite > FLAC/24",
  "taper": "Don Pearson and Dan Healy",
  "source": "UltraMatrix SBD > Cassette Master (TDK SA-X100)",
  "runtime": "158:08.18",
  "rating": 2.16,
  "review_count": 1,
  "confidence": 0.2,
  "raw_rating": 4.0,
  "high_ratings": 1,
  "low_ratings": 0
}