{
  "identifier": "gd1992-05-20.151064.aud.lohr.vernon.flac2496",
  "title": "Grateful Dead Live at Cal Expo on 1992-05-20",
  "date": "1992-05-20",
  "venue": "Cal Expo",
  "location": "Sacramento, CA",
  "source_type": "AUD",
  "lineage": "MAC > Nak CR-7A (azimuth adjusted) > Tascam DA-3000 (DSF 1-bit/5.6 MHz) > Tascam Hi Res Editor (DSF concatenate & 2496 PCM) > Audacity (Trim, tracking, amplification)",
  "taper": "Gesine Lohr",
  "source": "Unspecified mics > D6 > MAC",
  "runtime": "146:17.485",
  "rating": 2.1,
  "review_count": 1,
  "confidence": 0.2,
  "raw_rating": 5.0,
  "high_ratings": 1,
  "low_ratings": 0
}