{
  "identifier": "gd1990-05-05.141939.FOB.Schoeps.BK.Mattes.Miler.Noel.t-flac1648",
  "title": "Grateful Dead Live at Cal State Dominguez Hills on 1990-05-05",
  "date": "1990-05-05",
  "venue": "Cal State Dominguez Hills",
  "location": "Carson, CA",
  "source_type": "FM",
  "lineage": "Dat > Sony PCM r500 > Tascam DA-3000 > Flac 16/48",
  "taper": "Ted Mattes",
  "source": "<b>flac16/48kHz</b>; Ted Mattes Recording (FOB): Set I: Schoeps CMC4 MK4 > Grace preamp > DAT 48k; Set II: B+K 4011 > DAT 48k; Charlie Miller",
  "runtime": "160:30.825",
  "rating": 1.96,
  "review_count": 2,
  "confidence": 0.4,
  "raw_rating": 3.5,
  "high_ratings": 1,
  "low_ratings": 0
}