{
  "identifier": "gd1977-11-06.171136.s1-s2p.aud.AndrewF.flac2448",
  "title": "Grateful Dead Live at Broome County Arena on 1977-11-06",
  "date": "1977-11-06",
  "venue": "Broome County Arena",
  "location": "Binghamton, NY",
  "source_type": "AUD",
  "lineage": "Transfer: TDK D-120 > Nakamichi CR-5A > Edirol FA-66 > Wavelab 2448 > CD-Wave (24bit) > TLH > FLAC 2448 tagged.",
  "taper": "from the tape collection of Rich Petrunis & with thanks to John Petrunis",
  "source": "Unknown AUD from the tape collection of Rich Petrunis & with thanks to John Petrunis.",
  "runtime": "",
  "rating": 0.0,
  "review_count": 0,
  "confidence": 0.0,
  "raw_rating": 0.0,
  "high_ratings": 0,
  "low_ratings": 0
}