{
  "identifier": "gd1982-04-12.144613.aud.lamarre.berger.flac1644",
  "title": "Grateful Dead Live at Nassau Coliseum on 1982-04-12",
  "date": "1982-04-12",
  "venue": "Nassau Coliseum",
  "location": "Uniondale, NY",
  "source_type": "AUD",
  "lineage": "nakamichi dragon > benchmark adc1 @ 24/96 > adobe audition cc > fission > xACT flac",
  "taper": "Doug Lamarre",
  "source": "source: aud cassette master taped by Doug Lamarre  sennheiser 441's > sony d5, maxell xl-II90's",
  "runtime": "",
  "rating": 0.0,
  "review_count": 0,
  "confidence": 0.0,
  "raw_rating": 0.0,
  "high_ratings": 0,
  "low_ratings": 0
}