{
  "identifier": "gd1980-05-11.nak700.rolfe.minches.98929.flac16",
  "title": "Grateful Dead Live at Cumberland County Civic Center on 1980-05-11",
  "date": "1980-05-11",
  "venue": "Cumberland County Civic Center",
  "location": "Portland, ME",
  "source_type": "AUD",
  "lineage": "Master played back on Nak Dragon> Grace Lunatec V3 (24/96)> Digital Audio Labs Card Deluxe> Adobe Audition 2.0> (dither/downsample)> FLAC encoding",
  "taper": "Steve Rolfe",
  "source": "2 Nak 700s> Sony TC-D5",
  "runtime": "162:30.13",
  "rating": 0.0,
  "review_count": 0,
  "confidence": 0.0,
  "raw_rating": 0.0,
  "high_ratings": 0,
  "low_ratings": 0
}