{
  "identifier": "gd1989-07-12.140351.sbd.miller.flac2496",
  "title": "Grateful Dead Live at Robert F. Kennedy Stadium on 1989-07-12",
  "date": "1989-07-12",
  "venue": "Robert F. Kennedy Stadium",
  "location": "Washington, DC",
  "source_type": "MATRIX",
  "lineage": "Cassette Master (Nakamichi CR-7A) > Tascam DA-3000 (DSF 1-bit/5.8 MHz) >KORG AudioGate 4 > Adobe Audition CC 2015 > Samplitude Pro X3 Suite > FLAC/24",
  "taper": "",
  "source": "Ultra Matrix SBD > Cassette Master (TDK MA-XG90)",
  "runtime": "162:31.888",
  "rating": 0.0,
  "review_count": 0,
  "confidence": 0.0,
  "raw_rating": 0.0,
  "high_ratings": 0,
  "low_ratings": 0
}