{
  "identifier": "gd1977-05-17.aud.maizner.minches.88771.flac16",
  "title": "Grateful Dead Live at Coliseum - University of Alabama on 1977-05-17",
  "date": "1977-05-17",
  "venue": "Coliseum - University of Alabama",
  "location": "Tuscaloosa, AL",
  "source_type": "AUD",
  "lineage": "1st Generation Cassette played back on Nakamichi Dragon > Lunatec V3 (24/96)> Digital Audio Labs Card Deluxe soundcard> HD",
  "taper": "Steve Maizner",
  "source": "Sony ECM-990s>Sony TC153",
  "runtime": "",
  "rating": 2.4266666666666663,
  "review_count": 3,
  "confidence": 0.6,
  "raw_rating": 4.333333333333333,
  "high_ratings": 3,
  "low_ratings": 0
}