{
  "identifier": "gd1990-06-23.124301.mk2s.hillwig-stubbe.flac16",
  "title": "Grateful Dead Live at Autzen Stadium, U. of Oregon on 1990-06-23",
  "date": "1990-06-23",
  "venue": "Autzen Stadium, U. of Oregon",
  "location": "Eugene, OR",
  "source_type": "UNKNOWN",
  "lineage": "Sony PCM-2600(Apogee AES/EBU)>Sound Devices 722 (16/48)>Firewire>Macbook>Sound Studio 3.6(fades, normalize peak, +gain, track)>Wave Editor 1.5.7 (iZotope Resampler)>xACT 2.21(align on sector boundaries, encode, tag, fingerprint)>flac16 (level 8 ); DAT clone (2) provided by: Craig Hillwig; Transferred and seeded by: Lenny Stubbe",
  "taper": "Craig Hillwig",
  "source": "Source: Schoeps CMC3/MK2S > P/S > Panasonic SV255 (48 khz); Config/Location: spaced 8'/FOB/6' stand;",
  "runtime": "174:23.44",
  "rating": 1.2,
  "review_count": 1,
  "confidence": 0.2,
  "raw_rating": 4.0,
  "high_ratings": 1,
  "low_ratings": 0
}