{
  "identifier": "gd1990-06-16.143425.FOB.s2.Schoeps.Brotman.Miler.Noel.t-flac1648",
  "title": "Grateful Dead Live at Shoreline Amphitheatre on 1990-06-16",
  "date": "1990-06-16",
  "venue": "Shoreline Amphitheatre",
  "location": "Mountain View, CA",
  "source_type": "UNKNOWN",
  "lineage": "DAT Master > Sony PCM r500 > Tascam DA-3000 > Flac 16/48",
  "taper": "Dave Brotman",
  "source": "Dave Brotman (FOB) Recording: Schoeps CMC5/MK4 (ortf) > M1000 Cables > Oade Pre-Amp > Dat (Panasonic SV-250/48k)",
  "runtime": "",
  "rating": 0.0,
  "review_count": 0,
  "confidence": 0.0,
  "raw_rating": 0.0,
  "high_ratings": 0,
  "low_ratings": 0
}