{
  "identifier": "gd1980-05-01.aud.morris.106612.flac24",
  "title": "Grateful Dead Live at Greensboro Coliseum on 1980-05-01",
  "date": "1980-05-01",
  "venue": "Greensboro Coliseum",
  "location": "Greensboro, NC",
  "source_type": "AUD",
  "lineage": "",
  "taper": "Bob Morris",
  "source": "1st Set: Shure mics; 2nd Set: Beyer mics (unknown models) > Cassette Master (Marantz Superscope CD320/Maxell UDXLII) Cassette Master (Nakamichi DR-1) > Korg MR-1000 (1-bit/5.6MHz) > Audiogate (1-bit/5.6MHz > 24-bit/96KHz) > Soundforge 9.0 (edits) Recorded from the floor by Bob Morris.",
  "runtime": "146:51.231",
  "rating": 0.0,
  "review_count": 0,
  "confidence": 0.0,
  "raw_rating": 0.0,
  "high_ratings": 0,
  "low_ratings": 0
}