{
  "identifier": "gd1991-09-04.sennME80.wklitz.96192.flac16",
  "title": "Grateful Dead Live at Richfield Coliseum on 1991-09-04",
  "date": "1991-09-04",
  "venue": "Richfield Coliseum",
  "location": "Richfield, OH",
  "source_type": "AUD",
  "lineage": "DAT Master>Tascam DA-30MKII>Sound Devices 702>Wavelab 5(Fades, Sample Rate Conversion)>CDWAV>FLAC",
  "taper": "Keith Litzenberger",
  "source": "Sennheiser ME-80's>Technics SV-MD1 from front of OTS",
  "runtime": "176:43.72",
  "rating": 2.8000000000000003,
  "review_count": 3,
  "confidence": 0.6,
  "raw_rating": 5.0,
  "high_ratings": 3,
  "low_ratings": 0
}