{
  "identifier": "gd1987-04-02.140289.sbd.miller.flac2496",
  "title": "Grateful Dead Live at The Centrum on 1987-04-02",
  "date": "1987-04-02",
  "venue": "The Centrum",
  "location": "Worcester, MA",
  "source_type": "MATRIX",
  "lineage": "Cassette Master (Nakamichi CR-7A) > Tascam DA-3000 (DSF 1-bit/5.8 MHz) >KORG AudioGate 4 > Samplitude Pro X3 Suite > FLAC/24",
  "taper": "",
  "source": "UltraMatrix SBD > Cassette Master (TDK MA-R90)",
  "runtime": "150:16.687",
  "rating": 0.0,
  "review_count": 0,
  "confidence": 0.0,
  "raw_rating": 0.0,
  "high_ratings": 0,
  "low_ratings": 0
}