{
  "identifier": "gd1988-12-28.141658.fob.schoeps.cmc4.mk4.pcm.mattes.miller.clugston.flac1644",
  "title": "Grateful Dead Live at Oakland-Alameda County Coliseum on 1988-12-28",
  "date": "1988-12-28",
  "venue": "Oakland-Alameda County Coliseum",
  "location": "Oakland, CA",
  "source_type": "AUD",
  "lineage": "",
  "taper": "Ted Mattes",
  "source": "Source Info: Ted Mattes' (with an assist to Jeff Travitz) Master (FOB) Audience PCM; Schoeps CMC4/MK4 > Sony PCM-F1 with Apogee filters; Transfer Info: PCM (Sony SL-10)> Sony PCM-601ESD > Behringer Ultramatch Pro > Tascam SS-CDR2000 (wav 16-bit/44.1k)> Adobe Audition 3.0 > TLH flac16",
  "runtime": "153:11.18",
  "rating": 0.0,
  "review_count": 0,
  "confidence": 0.0,
  "raw_rating": 0.0,
  "high_ratings": 0,
  "low_ratings": 0
}