{
  "identifier": "gd1981-05-11.136746.aud.lamarre.berger.flac24",
  "title": "Grateful Dead Live at Veterans' Memorial Coliseum on 1981-05-11",
  "date": "1981-05-11",
  "venue": "Veterans' Memorial Coliseum",
  "location": "New Haven, CT",
  "source_type": "AUD",
  "lineage": "",
  "taper": "Doug Lamarre",
  "source": "source: aud cassette master; taped by Doug Lamarre; arista mics > sony d5; maxell xl-II90\u2019s, dolby b; behind the stage speakers; nakamichi dragon/b > benchmark adc1 24/96; transferred & seeded by Rob Berger",
  "runtime": "159:39.048",
  "rating": 0.0,
  "review_count": 0,
  "confidence": 0.0,
  "raw_rating": 0.0,
  "high_ratings": 0,
  "low_ratings": 0
}