{
  "identifier": "gd1985-10-31.168185.senn.me80.hessberg.miller.clugston.flac2496",
  "title": "Grateful Dead Live at Carolina Coliseum, University Of South Carolina on 1985-10-31",
  "date": "1985-10-31",
  "venue": "Carolina Coliseum, University Of South Carolina",
  "location": "Columbia, SC",
  "source_type": "AUD",
  "lineage": "Cassette Master (Nakamichi DR-1) > Tascam DA-3000 (DSF 1-bit/5.6 MHz)> dBpoweramp (24/96) > Adobe Audition CC 2024 > TLH flac2496",
  "taper": "Michael Hessberg",
  "source": "Michael Hessberg's Master Audience Cassettes; Sennheiser ME-80 mics > Sony D5M",
  "runtime": "",
  "rating": 0.0,
  "review_count": 0,
  "confidence": 0.0,
  "raw_rating": 0.0,
  "high_ratings": 0,
  "low_ratings": 0
}