{
  "identifier": "gd1990-04-03.158672.UltraMatrix.sbd.cm.miller.t.flac1644",
  "title": "Grateful Dead Live at The Omni on 1990-04-03",
  "date": "1990-04-03",
  "venue": "The Omni",
  "location": "Atlanta, GA",
  "source_type": "MATRIX",
  "lineage": "Cassette Master (Nakamichi CR-7A) > Tascam DA-3000 (DSF 1-bit/5.6MHz) > Tascam Hi-Res Editor (WAV 24-bit/96k) > Adobe Audition 2022 > Samplitude Pro X6 Suite > FLAC/24",
  "taper": "Recorded by Don Pearson and Dan Healy",
  "source": "UltraMatrix SBD > Cassette Master (TDK SA-X)",
  "runtime": "165:31.53",
  "rating": 0.0,
  "review_count": 0,
  "confidence": 0.0,
  "raw_rating": 0.0,
  "high_ratings": 0,
  "low_ratings": 0
}