{
  "identifier": "gd1993-03-17.aud-schk.unknown.86711.flac16",
  "title": "Grateful Dead Live at Capital Centre on 1993-03-17",
  "date": "1993-03-17",
  "venue": "Capital Centre",
  "location": "Landover , MD",
  "source_type": "AUD",
  "lineage": "Cassette > Sony TC-D5M (no Dolby) > Audiophile 2496 > Soundforge > CD-Wave > TLH > FLAC",
  "taper": "Tape supplied by Joey Browning",
  "source": "Unknown AUD > ? > Cassette.",
  "runtime": "29",
  "rating": 0.0,
  "review_count": 0,
  "confidence": 0.0,
  "raw_rating": 0.0,
  "high_ratings": 0,
  "low_ratings": 0
}