{
  "identifier": "gd1986-04-22.Senn421sNak300CP4s.Darby.119493.Flac1644",
  "title": "Grateful Dead Live at Berkeley Community Theater on 1986-04-22",
  "date": "1986-04-22",
  "venue": "Berkeley Community Theater",
  "location": "Berkeley, CA",
  "source_type": "AUD",
  "lineage": "",
  "taper": "Mike Darby",
  "source": "Master Audience Recorded By Mr. Darby; Sennheiser MD421's + Nakamichi CM300/CP4 Shotguns; (PAS/Section CTR, Row MM, Seat 15/6 Feet High)> Sony MX 10>Sony TC-D5M, Tapes Maxell MX; Transfer Information:Tascam 112 MKII (XLR Out)>Tascam HD-P2 @ 24/48> HDD>Amadeus Pro (Tracking/Fades/FLAC8); Tracks Renamed/Dithered/Flacked With Korg Aqua To 16/44 By Keo; SBE's Checked/Fixed With Trader's Little Helper; Metadata Tagging With Tag&Rename",
  "runtime": "",
  "rating": 0.0,
  "review_count": 0,
  "confidence": 0.0,
  "raw_rating": 0.0,
  "high_ratings": 0,
  "low_ratings": 0
}