{
  "identifier": "gd1990-03-21.156422.UltraMatrix.sbd.cm.miller.t.flac1644",
  "title": "Grateful Dead Live at Copps Coliseum on 1990-03-21",
  "date": "1990-03-21",
  "venue": "Copps Coliseum",
  "location": "Hamilton, ON",
  "source_type": "MATRIX",
  "lineage": "Cassette Master (Nakamichi CR-7A) > Tascam DA-3000 (DSF 1-bit/5.6MHz) > Tascam Hi-Res Editor (WAV 24-bit/96k) > Adobe Audition 2020 > Samplitude Pro X6 Suite > FLAC/24",
  "taper": "Recorded by Don Pearson and Dan Healy",
  "source": "Ultramatrix SBD > Cassette Master (Sony TC-D5M/TDK MA-X90)",
  "runtime": "162:26.70",
  "rating": 0.0,
  "review_count": 1,
  "confidence": 0.0,
  "raw_rating": 0.0,
  "high_ratings": 0,
  "low_ratings": 0
}