{
  "identifier": "gd1990-03-30.fm.greider-nawrocki.3390.sbefail.shnf",
  "title": "Grateful Dead Live at Nassau Veterans Memorial Coliseum on 1990-03-30",
  "date": "1990-03-30",
  "venue": "Nassau Veterans Memorial Coliseum",
  "location": "Uniondale, NY",
  "source_type": "FM",
  "lineage": "",
  "taper": "",
  "source": "FM>DAT>CDR",
  "runtime": "160:28",
  "rating": 3.4200000000000004,
  "review_count": 4,
  "confidence": 0.8,
  "raw_rating": 4.75,
  "high_ratings": 4,
  "low_ratings": 0
}