{
  "identifier": "gd1994-10-11.147756.nak300.Boedicker.flac1644",
  "title": "Grateful Dead Live at US Air Arena on 1994-10-11",
  "date": "1994-10-11",
  "venue": "US Air Arena",
  "location": "Landover, MD",
  "source_type": "AUD",
  "lineage": "Tape,2nd Set TDK SA-X 100 Minute Tape)>Sony TC-D5M Cassette Deck(Playback)>Edirol R-09 HR(24.44.1 KHZ)>CD Wav Editor>  Traders Little Helper>Flac Level 8.Sector Boundaries Aligned Using Traders Little Helper.",
  "taper": "Dave Boedicker",
  "source": "Nakamichi 300 Mics W/CP4 Shotguns>Marantz PMD 430 Cassette Deck>Master Cassette Tapes(1st Set Sony UX 90 Minute",
  "runtime": "",
  "rating": 0.0,
  "review_count": 0,
  "confidence": 0.0,
  "raw_rating": 0.0,
  "high_ratings": 0,
  "low_ratings": 0
}