{
  "identifier": "gd1978-05-16.128380.naks.mason.flac16",
  "title": "Grateful Dead Live at Uptown Theater on 1978-05-16",
  "date": "1978-05-16",
  "venue": "Uptown Theater",
  "location": "Chicago, IL",
  "source_type": "AUD",
  "lineage": "",
  "taper": "Mason B. Taylor",
  "source": "Recorded By Mason Taylor on a Nakamichi 550 Cassette Deck, on chrome tapes, with Nakamichi microphones",
  "runtime": "134:09.04",
  "rating": 1.68,
  "review_count": 1,
  "confidence": 0.2,
  "raw_rating": 4.0,
  "high_ratings": 1,
  "low_ratings": 0
}