{
  "identifier": "gd1990-09-16.144815.UltraMatrix.sbd.cm.miller.flac1644",
  "title": "Grateful Dead Live at Madison Square Garden on 1990-09-16",
  "date": "1990-09-16",
  "venue": "Madison Square Garden",
  "location": "New York, NY",
  "source_type": "MATRIX",
  "lineage": "Cassette Master (Nakamichi CR-7A) > Tascam DA-3000 (DSF 1-bit/5.6 MHz) > KORG AudioGate 4 > Samplitude Pro X3 Suite > FLAC/24",
  "taper": "",
  "source": "UltraMatrix SBD > Cassette Master (TDK SA-X100)",
  "runtime": "185:08.06",
  "rating": 1.62,
  "review_count": 1,
  "confidence": 0.2,
  "raw_rating": 3.0,
  "high_ratings": 0,
  "low_ratings": 0
}