{
  "identifier": "gd1984-12-28.151176.beyerm88.holbrook.flac2448",
  "title": "Grateful Dead Live at San Francisco Civic Auditorium on 1984-12-28",
  "date": "1984-12-28",
  "venue": "San Francisco Civic Auditorium",
  "location": "San Francisco, CA",
  "source_type": "AUD",
  "lineage": "Transfer: Nakamichi LX5 > Marantz PMD661|24/48 SD Processing: SD| Audacity | cdwav editor | TLH | FLAC",
  "taper": "Executive Crew; Chris Kidwell; Tom Pinney; Kyle Holbrook; JJ Hance; Mike Davis; Johnny B Goode",
  "source": "Master AUDCA: Beyer M88's XY > 3rd Sony TCD5M in line >         Maxell MX 90s No Dolby -lead deck run by TP. Location: 140 feet from stage 5 ft LOC (front corner of OTS, left of SBD)",
  "runtime": " 139:43.35",
  "rating": 0.0,
  "review_count": 0,
  "confidence": 0.0,
  "raw_rating": 0.0,
  "high_ratings": 0,
  "low_ratings": 0
}