{
  "identifier": "gd1994-07-23.147691.schoepsCMC5MK4.ebel.flac1648",
  "title": "Grateful Dead Live at Soldier Field on 1994-07-23",
  "date": "1994-07-23",
  "venue": "Soldier Field",
  "location": "Chicago, IL",
  "source_type": "UNKNOWN",
  "lineage": "DAT Tape (Panasonic SV-3700) -> Coaxial SPDIF-> Marantz PMD 661 MKII (Solid State Recorder)-> SD Card-> Wav-> Flac Level 8-> Tagged (16/48)",
  "taper": "",
  "source": "FOB Schoeps CMC5 Mk 4-> Aerco P/S-> Panasonic SV255-> DAT Location Sec B, Row 22, seat 30",
  "runtime": "164:50.932",
  "rating": 0.0,
  "review_count": 0,
  "confidence": 0.0,
  "raw_rating": 0.0,
  "high_ratings": 0,
  "low_ratings": 0
}