{
  "identifier": "gd1980-06-08.SonyECM250.walker-scotton.miller.88452.sbeok.flac16",
  "title": "Grateful Dead Live at Folsom Field, University of Colorado on 1980-06-08",
  "date": "1980-06-08",
  "venue": "Folsom Field, University of Colorado",
  "location": "Boulder, CO",
  "source_type": "AUD",
  "lineage": "Cassette Master (Nakamichi DR-1) -> Sound Devices 744T (24bit/96k) -> Samplitude Professional v9.11 -> FLAC/16",
  "taper": "Joani Walker",
  "source": "Sony ECM-250 -> Cassette Master (Sony TC-158/Maxell UDXLII-C90)",
  "runtime": "196:50.22",
  "rating": 3.0333333333333328,
  "review_count": 7,
  "confidence": 1.0,
  "raw_rating": 4.333333333333333,
  "high_ratings": 6,
  "low_ratings": 0
}