{
  "identifier": "gd1985-04-07.senn421.cohen.103429.flac16",
  "title": "Grateful Dead Live at The Spectrum on 1985-04-07",
  "date": "1985-04-07",
  "venue": "The Spectrum",
  "location": "Philadelphia, PA",
  "source_type": "AUD",
  "lineage": "The Master Cassettes were played back with Azimuth adjustment and Dolby B decoding on a Nakamichi CD1 into a Korg MR1000 at DSF 1 bit 5.6MHz. Subsequent conversion to 24/96 AIFF done via Korg Audiogate software. Redbook CDR standard 16/44.1 files were created using Bias Peak, Izotope Ozone's MBIT+ (for all dithering), and Weiss Saracon SRC (all sample rate conversions).",
  "taper": "Dave Cohen",
  "source": "Just to the right of the Board Sennheisser 421s>Sony TCD5M>Sony WMD6 Maxell XLII cassette masters. Dolby B was used on the Master Cassettes.",
  "runtime": "131:44.71",
  "rating": 2.1,
  "review_count": 1,
  "confidence": 0.2,
  "raw_rating": 5.0,
  "high_ratings": 1,
  "low_ratings": 0
}