{
  "identifier": "gd1987-07-26.aud.seaweed.124098.flac1644",
  "title": "Grateful Dead Live at Anaheim Stadium on 1987-07-26",
  "date": "1987-07-26",
  "venue": "Anaheim Stadium",
  "location": "Anaheim, CA",
  "source_type": "AUD",
  "lineage": "XLII-S > Nakamichi CR-5A > Edirol FA-66 > Wavelab 2448 > R8Brain > CD-Wave > TLH > FLAC 1644 tagged, Andrew F. March 2013",
  "taper": "",
  "source": "Source: 1x Sennheiser MD-421 (mono) > unknown deck > MAC, recorded \"off second stack behind Healy\". 1st Gen cassettes kindly provided by Seaweed1010.",
  "runtime": "220:53.30",
  "rating": 0.9799999999999999,
  "review_count": 3,
  "confidence": 0.4,
  "raw_rating": 2.0,
  "high_ratings": 0,
  "low_ratings": 1
}