{
  "identifier": "gd1993-06-23.AKG451.Darby.118191.Flac1648",
  "title": "Grateful Dead Live at Deer Creek Music Center on 1993-06-23",
  "date": "1993-06-23",
  "venue": "Deer Creek Music Center",
  "location": "Noblesville, IN",
  "source_type": "AUD",
  "lineage": "",
  "taper": "Mike Darby",
  "source": "<b>flac16/48kHz</b>; Master Audience Recorded By Mr. Darby; AKG451EB/CK1's (DIN/DFC/First 1/4 Of OTS/9 Feet High)> Whirlwind Phantoms>Teac DA-P20 @ 16/48; Transfer Information:Sony R500>Tascam HD-P2 @ 16/48> HDD>Amadeus Pro (Tracking/Fades/FLAC8); Tracks Renamed/Metadata Tagging With AudioGate Software By Keo",
  "runtime": "",
  "rating": 2.4499999999999997,
  "review_count": 2,
  "confidence": 0.4,
  "raw_rating": 5.0,
  "high_ratings": 2,
  "low_ratings": 0
}