{
  "identifier": "gd1984-06-30.150278.beyerm88.holbrook.flac2448",
  "title": "Grateful Dead Live at Indianapolis Sports and Music Center on 1984-06-30",
  "date": "1984-06-30",
  "venue": "Indianapolis Sports and Music Center",
  "location": "Indianapolis, IN",
  "source_type": "AUD",
  "lineage": "Transfer: Nakamichi LX5 > Marantz PMD661|SD >WIN10 Audacity|cdwav|TLH Flac level8",
  "taper": "Executive Crew Eddie Wahba, Sean Murtha, Tom Pinney",
  "source": "MAUD CA: Beyer M88's XY > Sony TCD5M|Maxell MX90 x2 no NR Location: 75 feet from stage DFC",
  "runtime": "164:52.387",
  "rating": 0.0,
  "review_count": 0,
  "confidence": 0.0,
  "raw_rating": 0.0,
  "high_ratings": 0,
  "low_ratings": 0
}