{
  "identifier": "gd1980-04-01.sbd.willy.9670.sbeok.shnf",
  "title": "Grateful Dead Live at Capitol Theatre on 1980-04-01",
  "date": "1980-04-01",
  "venue": "Capitol Theatre",
  "location": "Passaic, NJ",
  "source_type": "SBD",
  "lineage": "CD Wave and Shntool used to retrack and verify sb's, and CE2K for all editing",
  "taper": "",
  "source": "SBD>MC>??>CDR",
  "runtime": "155:24.57",
  "rating": 3.0,
  "review_count": 1,
  "confidence": 0.2,
  "raw_rating": 5.0,
  "high_ratings": 1,
  "low_ratings": 0
}