{
  "identifier": "gd1989-07-19.138818.UltraMatrix.sbd.miller.flac16",
  "title": "Grateful Dead Live at Alpine Valley Music Theatre on 1989-07-19",
  "date": "1989-07-19",
  "venue": "Alpine Valley Music Theatre",
  "location": "East Troy, WI",
  "source_type": "MATRIX",
  "lineage": "Cassette Master (Nakamichi CR-7A) > Tascam DA-3000 (DSF 1-bit/5.8 MHz) >KORG AudioGate 4 > Adobe Audition CC 2015 > Samplitude Pro X3 Suite > FLAC/24",
  "taper": "",
  "source": "Ultra Matrix SBD > Cassette Master (TDK MA-XG90)",
  "runtime": "178:15.25",
  "rating": 2.6999999999999997,
  "review_count": 1,
  "confidence": 0.2,
  "raw_rating": 5.0,
  "high_ratings": 1,
  "low_ratings": 0
}