{
  "identifier": "gd1991-09-18.150636.sbd.pearson-healy.miller.flac2496",
  "title": "Grateful Dead Live at Madison Square Garden on 1991-09-18",
  "date": "1991-09-18",
  "venue": "Madison Square Garden",
  "location": "New York, NY",
  "source_type": "SBD",
  "lineage": "Cassette Master (Nakamichi CR-7A) > Tascam DA-3000 (DSF 1-bit/5.6MHz) > dBpoweramp (WAV 24-bit/96k) > Samplitude Pro X5 Suite > FLAC/24",
  "taper": "Recorded by Don Pearson and Dan Healy",
  "source": "SBD > Cassette Master (TDK SA-X100)",
  "runtime": "159:13.693",
  "rating": 0.0,
  "review_count": 0,
  "confidence": 0.0,
  "raw_rating": 0.0,
  "high_ratings": 0,
  "low_ratings": 0
}