{
  "identifier": "gd1990-07-19.sbd.walker-scotton.miller.95783.sbeok.flac16",
  "title": "Grateful Dead Live at Deer Creek Music Center on 1990-07-19",
  "date": "1990-07-19",
  "venue": "Deer Creek Music Center",
  "location": "Noblesville, IN",
  "source_type": "SBD",
  "lineage": "Dat Master (Sony R500) -> Sound Devices 744T -> Samplitude Professional v10.1 -> FLAC",
  "taper": "Joani Walkerand Paul Scotton",
  "source": "SBD -> Dat Master (48k)",
  "runtime": "169:38.53",
  "rating": 4.05,
  "review_count": 5,
  "confidence": 0.8,
  "raw_rating": 4.5,
  "high_ratings": 3,
  "low_ratings": 0
}