{
  "identifier": "gd1988-04-03.153797.cmc4-mk41.oade-bryant-gastwirt.miller.flac1644",
  "title": "Grateful Dead Live at Hartford Civic Center on 1988-04-03",
  "date": "1988-04-03",
  "venue": "Hartford Civic Center",
  "location": "Hartford, CT",
  "source_type": "UNKNOWN",
  "lineage": "DAT (Sony PCM-R500) > Tascam DA-3000 > Samplitude Pro X6 Suite > FLAC/16",
  "taper": "From the DAT collection of Rich Gastwirt",
  "source": "(FOB) Schoeps CMC4/MK41 (Oade Brothers) > PCM Master (Robert Bryant) > DAT (44.1k)",
  "runtime": "138:33.08",
  "rating": 0.0,
  "review_count": 0,
  "confidence": 0.0,
  "raw_rating": 0.0,
  "high_ratings": 0,
  "low_ratings": 0
}