{
  "identifier": "gd1974-09-10.135699.sbd.new.patched.miller.flac16",
  "title": "Grateful Dead Live at Alexandra Palace on 1974-09-10",
  "date": "1974-09-10",
  "venue": "Alexandra Palace",
  "location": "London, England",
  "source_type": "SBD",
  "lineage": "Dat -> Tascam SS-R05 -> Samplitude Professional v11.2.1 -> FLAC",
  "taper": "",
  "source": "SBD -> Master Reel -> Dat",
  "runtime": "202:14.17",
  "rating": 3.466666666666667,
  "review_count": 4,
  "confidence": 0.6,
  "raw_rating": 4.333333333333333,
  "high_ratings": 3,
  "low_ratings": 0
}