{
  "identifier": "gd67-01-14.sbd.vernon.9108.sbeok.shnf",
  "title": "Grateful Dead Live at Polo Field, Golden Gate Park on 1967-01-14",
  "date": "1967-01-14",
  "venue": "Polo Field, Golden Gate Park",
  "location": "San Francisco, CA",
  "source_type": "SBD",
  "lineage": "SBD > MR > ? > CDR > CDR > EAC(secure) > Cool Edit(remove isolated pops) > mkwACT > SHN (seekable)",
  "taper": "",
  "source": "Soundboard",
  "runtime": "",
  "rating": 4.048780487804878,
  "review_count": 43,
  "confidence": 1.0,
  "raw_rating": 4.048780487804878,
  "high_ratings": 30,
  "low_ratings": 2
}