{
  "identifier": "gd67-10-22.sbd.miller.18101.sbeok.shnf",
  "title": "Grateful Dead Live at Winterland Arena on 1967-10-22",
  "date": "1967-10-22",
  "venue": "Winterland Arena",
  "location": "San Francisco, CA",
  "source_type": "SBD",
  "lineage": "SBD > Rm > Cass > DAT (Sony TCD-D8) > CDR (Tascam CDRW700) > EAC (Plextor 48/24/48 - Secure Mode) > Samplitude v7.0 > SHN",
  "taper": "",
  "source": "Soundboard",
  "runtime": "",
  "rating": 4.648648648648648,
  "review_count": 40,
  "confidence": 1.0,
  "raw_rating": 4.648648648648648,
  "high_ratings": 36,
  "low_ratings": 0
}