{
  "identifier": "gd67-04-xx.prefm.vernon.9261.sbeok.shnf",
  "title": "Grateful Dead Live at KMPX Radio Show on 1967-04-01",
  "date": "1967-04-01",
  "venue": "KMPX Radio Show",
  "location": "San Francisco, CA",
  "source_type": "SBD",
  "lineage": "Pre-FM-MR > R > DAT > CDR > EAC (secure) > Cool Edit (remove gaps) > CD Wave (retrack) > mkwACT > SHN (seekable)",
  "taper": "",
  "source": "Soundboard",
  "runtime": "",
  "rating": 4.7368421052631575,
  "review_count": 20,
  "confidence": 1.0,
  "raw_rating": 4.7368421052631575,
  "high_ratings": 18,
  "low_ratings": 0
}