{
  "identifier": "gd68-03-30.aud.cotsman.14912.sbeok.shnf",
  "title": "Grateful Dead Live at Carousel Ballroom on 1968-03-30",
  "date": "1968-03-30",
  "venue": "Carousel Ballroom",
  "location": "San Francisco, CA",
  "source_type": "AUD",
  "lineage": "AUD > MR > D > PCM > D > CD > EAC > SHN",
  "taper": "",
  "source": "Audience",
  "runtime": "",
  "rating": 2.9105263157894736,
  "review_count": 19,
  "confidence": 1.0,
  "raw_rating": 4.157894736842105,
  "high_ratings": 17,
  "low_ratings": 2
}