{
  "identifier": "gd69-06-08.sbd.cotsman.19285.sbeok.shnf",
  "title": "Grateful Dead Live at Fillmore West on 1969-06-08",
  "date": "1969-06-08",
  "venue": "Fillmore West",
  "location": "San Francisco, CA",
  "source_type": "SBD",
  "lineage": "SBD > (MR - Set 1, MC - Set 2) > C >D > CD > EAC > SHN",
  "taper": "",
  "source": "Soundboard",
  "runtime": "",
  "rating": 4.611111111111111,
  "review_count": 18,
  "confidence": 1.0,
  "raw_rating": 4.611111111111111,
  "high_ratings": 16,
  "low_ratings": 0
}