{
  "identifier": "gd69-12-05.sbd.cotsman.11256.sbeok.shnf",
  "title": "Grateful Dead Live at Fillmore West on 1969-12-05",
  "date": "1969-12-05",
  "venue": "Fillmore West",
  "location": "San Francisco, CA",
  "source_type": "AUD",
  "lineage": "Sony F995 > Sony TC-124 > Master Cassette > PCM > DAT > CD > EAC > mkwACT > SHN",
  "taper": "Harry Ely",
  "source": "Audience",
  "runtime": "",
  "rating": 2.59,
  "review_count": 10,
  "confidence": 1.0,
  "raw_rating": 3.7,
  "high_ratings": 6,
  "low_ratings": 1
}