{
  "identifier": "gd70-05-03.aud.cotsman.9378.sbeok.shnf",
  "title": "Grateful Dead Live at Field House, Wesleyan University on 1970-05-03",
  "date": "1970-05-03",
  "venue": "Field House, Wesleyan University",
  "location": "Middletown, CT",
  "source_type": "AUD",
  "lineage": "AUD > MC > ? > Cass > DAT > CD",
  "taper": "",
  "source": "Audience",
  "runtime": "",
  "rating": 2.0,
  "review_count": 7,
  "confidence": 1.0,
  "raw_rating": 2.857142857142857,
  "high_ratings": 2,
  "low_ratings": 3
}