{
  "identifier": "gd72-09-26.sbd.wier.19198.sbeok.shnf",
  "title": "Grateful Dead Live at Stanley Theatre on 1972-09-26",
  "date": "1972-09-26",
  "venue": "Stanley Theatre",
  "location": "Jersey City, NJ",
  "source_type": "SBD",
  "lineage": "SBD Reel> unknown dat gens> digital noise reduction> 3dat gens> za/248-41",
  "taper": "",
  "source": "Soundboard",
  "runtime": "",
  "rating": 4.666666666666667,
  "review_count": 9,
  "confidence": 1.0,
  "raw_rating": 4.666666666666667,
  "high_ratings": 8,
  "low_ratings": 0
}