{
  "identifier": "gd72-10-27.sbd-aud.cousinit.19630.sbeok.shnf",
  "title": "Grateful Dead Live at Veterans' Memorial Hall on 1972-10-27",
  "date": "1972-10-27",
  "venue": "Veterans' Memorial Hall",
  "location": "Columbus, OH",
  "source_type": "SBD",
  "lineage": "MSR>R>C>DAT>WAV>SHN",
  "taper": "",
  "source": "Soundboard",
  "runtime": "",
  "rating": 3.7142857142857144,
  "review_count": 11,
  "confidence": 1.0,
  "raw_rating": 3.7142857142857144,
  "high_ratings": 4,
  "low_ratings": 1
}