{
  "identifier": "gd73-03-30.sbd-aud.cotsman.11616.sbeok.shnf",
  "title": "Grateful Dead Live at Rochester Community War Memorial on 1973-03-30",
  "date": "1973-03-30",
  "venue": "Rochester Community War Memorial",
  "location": "Rochester, NY",
  "source_type": "SBD",
  "lineage": "AUD>MR>?>CD (disc 1); SBD>MR>C>D>CD (remainder)",
  "taper": "",
  "source": "Soundboard and Audience composite",
  "runtime": "",
  "rating": 4.0,
  "review_count": 11,
  "confidence": 1.0,
  "raw_rating": 4.0,
  "high_ratings": 7,
  "low_ratings": 0
}