{
  "identifier": "gd73-11-01.sbd.cribbs.22795.sbeok.shnf",
  "title": "Grateful Dead Live at McGaw Memorial Hall, Northwestern U. on 1973-11-01",
  "date": "1973-11-01",
  "venue": "McGaw Memorial Hall, Northwestern U.",
  "location": "Evanston, IL",
  "source_type": "SBD",
  "lineage": "MSR > C> DAT > PCM > DAT > CD",
  "taper": "",
  "source": "Soundboard",
  "runtime": "",
  "rating": 0.0,
  "review_count": 0,
  "confidence": 0.0,
  "raw_rating": 0.0,
  "high_ratings": 0,
  "low_ratings": 0
}