{
  "identifier": "gd76-10-10.sbd.clugston.3381.sbeok.shnf",
  "title": "Grateful Dead Live at Oakland-Alameda County Coliseum on 1976-10-10",
  "date": "1976-10-10",
  "venue": "Oakland-Alameda County Coliseum",
  "location": "Oakland, CA",
  "source_type": "SBD",
  "lineage": "Master Soundboard Reel > DAT > CDR",
  "taper": "",
  "source": "Soundboard",
  "runtime": "",
  "rating": 4.545454545454546,
  "review_count": 12,
  "confidence": 1.0,
  "raw_rating": 4.545454545454546,
  "high_ratings": 9,
  "low_ratings": 0
}