{
  "identifier": "gd77-06-09.akg-bertrando.winters.26450.sbeok.shnf",
  "title": "Grateful Dead Live at Winterland Arena on 1977-06-09",
  "date": "1977-06-09",
  "venue": "Winterland Arena",
  "location": "San Francisco, CA",
  "source_type": "AUD",
  "lineage": "AUD> MR> Reel> DAT> CD(s)> EAC> SHN",
  "taper": "Rob Bertrando",
  "source": "Audience Recording: AKG D220s",
  "runtime": "",
  "rating": 3.388,
  "review_count": 25,
  "confidence": 1.0,
  "raw_rating": 4.84,
  "high_ratings": 24,
  "low_ratings": 0
}