{
  "identifier": "gd77-05-11.sbd.barbella.8374.sbeok.shnf",
  "title": "Grateful Dead Live at St. Paul Civic Center on 1977-05-11",
  "date": "1977-05-11",
  "venue": "St. Paul Civic Center",
  "location": "St. Paul, MN",
  "source_type": "SBD",
  "lineage": "SBD> Rm> Dat> Sonic Solutions> CD, Patched w/SBD> Rm> Dat> Cass> Dat> CD",
  "taper": "",
  "source": "Soundboard",
  "runtime": "",
  "rating": 4.794871794871795,
  "review_count": 39,
  "confidence": 1.0,
  "raw_rating": 4.794871794871795,
  "high_ratings": 38,
  "low_ratings": 0
}