{
  "identifier": "gd77-05-28.moore.minches.18439.sbeok.shnf",
  "title": "Grateful Dead Live at Hartford Civic Center on 1977-05-28",
  "date": "1977-05-28",
  "venue": "Hartford Civic Center",
  "location": "Hartford, CT",
  "source_type": "AUD",
  "lineage": "Sony ECM-33P's > Sony TC-153 > Nak Dragon > ART DI/O > Egosys Waveterminal 2496 > Cool Edit 2000 > Feurio > mkwACT > SHN",
  "taper": "Jerry Moore",
  "source": "Audience: Sony ECM-33P's",
  "runtime": "",
  "rating": 3.15,
  "review_count": 6,
  "confidence": 1.0,
  "raw_rating": 4.5,
  "high_ratings": 6,
  "low_ratings": 0
}