{
  "identifier": "gd77-09-28.sbd.connor.10482.sbeok.shnf",
  "title": "Grateful Dead Live at Paramount Northwest Theater on 1977-09-28",
  "date": "1977-09-28",
  "venue": "Paramount Northwest Theater",
  "location": "Seattle, WA",
  "source_type": "SBD",
  "lineage": "Betty Cantor 7in two track reel w/DBX-1 @ 7 1/2 ips> PCM501ES @ 44.055 kHz PCM501ES analog out> DBX-1 decoder> analog in PCM501ES analog out> Dat @ 48 kHz> Tascam DA-20MKII (playback only)> RME Digi96/8> Steinberg's Wavelab 3.0 (resampling & editing)> CDW",
  "taper": "",
  "source": "Soundboard",
  "runtime": "",
  "rating": 4.230769230769231,
  "review_count": 14,
  "confidence": 1.0,
  "raw_rating": 4.230769230769231,
  "high_ratings": 12,
  "low_ratings": 0
}