{
  "identifier": "gd78-09-16.sbd.orf.2319.sbeok.shnf",
  "title": "Grateful Dead Live at Gizah Sound and Light Theater on 1978-09-16",
  "date": "1978-09-16",
  "venue": "Gizah Sound and Light Theater",
  "location": "Cairo, Egypt",
  "source_type": "SBD",
  "lineage": "SBD Reel > DAT > Montego II Plus > CDRWAV > CD-R > SHN",
  "taper": "",
  "source": "Soundboard",
  "runtime": "",
  "rating": 4.296296296296297,
  "review_count": 28,
  "confidence": 1.0,
  "raw_rating": 4.296296296296297,
  "high_ratings": 24,
  "low_ratings": 0
}