{
  "identifier": "gd78-09-14.aud.dauria.6032.sbeok.shnf",
  "title": "Grateful Dead Live at Gizah Sound and Light Theater on 1978-09-14",
  "date": "1978-09-14",
  "venue": "Gizah Sound and Light Theater",
  "location": "Cairo, Egypt",
  "source_type": "AUD",
  "lineage": "Aud FOB, front row LFC, Sony ECM280 > Sony TC-153 cassette recorder; Transfer:  Master FOB Cassettes > Yamaha KXW9527 > Apogee AD1000 > Delta DiO 2496 > Samplitude 2496 > CDWAV > SHNv3",
  "taper": "",
  "source": "Audience Recording: Sony ECM280",
  "runtime": "",
  "rating": 2.8,
  "review_count": 14,
  "confidence": 1.0,
  "raw_rating": 4.0,
  "high_ratings": 11,
  "low_ratings": 2
}