{
  "identifier": "gd78-05-07.sony.vernon.8763.sbeok.shnf",
  "title": "Grateful Dead Live at Field House, Rensselaer Polytechnic Institute on 1978-05-07",
  "date": "1978-05-07",
  "venue": "Field House, Rensselaer Polytechnic Institute",
  "location": "Troy, NY",
  "source_type": "AUD",
  "lineage": "MAC(1 Sony ECM-33P + 1 AKG D1000e>Teac PC-10)>DAT",
  "taper": "Unkown",
  "source": "Audience Recording",
  "runtime": "",
  "rating": 3.08,
  "review_count": 5,
  "confidence": 1.0,
  "raw_rating": 4.4,
  "high_ratings": 5,
  "low_ratings": 0
}