{
  "identifier": "gd79-12-01.sbd.barbella.6022.sbeok.shnf",
  "title": "Grateful Dead Live at Stanley Theater on 1979-12-01",
  "date": "1979-12-01",
  "venue": "Stanley Theater",
  "location": "Pittsburgh, PA",
  "source_type": "SBD",
  "lineage": "set 1: SBD> Rm> Cass> Dat> CD> EAC> SHN, Set 2: SBD> Rm> Dat> CD> EAC> SHN",
  "taper": "",
  "source": "Soundboard",
  "runtime": "",
  "rating": 4.5,
  "review_count": 15,
  "confidence": 1.0,
  "raw_rating": 4.5,
  "high_ratings": 12,
  "low_ratings": 1
}