{
  "identifier": "gd79-05-04.glassberg.vernon.18878.sbeok.shnf",
  "title": "Grateful Dead Live at Hampton Coliseum on 1979-05-04",
  "date": "1979-05-04",
  "venue": "Hampton Coliseum",
  "location": "Hampton, VA",
  "source_type": "AUD",
  "lineage": "Nak CM700 > Sony 158SD > DAT > CDR > SHN",
  "taper": "Barry Glassberg",
  "source": "Audience Recording",
  "runtime": "",
  "rating": 2.8,
  "review_count": 9,
  "confidence": 1.0,
  "raw_rating": 4.0,
  "high_ratings": 6,
  "low_ratings": 0
}