{
  "identifier": "gd79-01-12.claridge.kempka.309.sbeok.shnf",
  "title": "Grateful Dead Live at The Spectrum on 1979-01-12",
  "date": "1979-01-12",
  "venue": "The Spectrum",
  "location": "Philadelphia, PA",
  "source_type": "AUD",
  "lineage": "Split 30' on the balcony with Sony ECM-280 mics > Sony tc158; FOB Cass. Master > DAT > Soundforge > CDR > Cdparanoia > SHN",
  "taper": "Eddie Claridge",
  "source": "Audience Recording: Sony ECM-280's",
  "runtime": "",
  "rating": 2.9346153846153844,
  "review_count": 28,
  "confidence": 1.0,
  "raw_rating": 4.1923076923076925,
  "high_ratings": 21,
  "low_ratings": 1
}