{
  "identifier": "gd80-09-06.set1-sbd.samaritano.23371.sbeok.shnf",
  "title": "Grateful Dead Live at State Fairgrounds on 1980-09-06",
  "date": "1980-09-06",
  "venue": "State Fairgrounds",
  "location": "Lewiston, ME",
  "source_type": "SBD",
  "lineage": "Set 1 Only; Soundboard-> Unknown-> Cassette.Cassette-> Fostex D5 (pass-through only)-> ZA2-> Samplitude v7.02 Professional-> .wav-> mkw-> SHN",
  "taper": "",
  "source": "Soundboard",
  "runtime": "",
  "rating": 4.625,
  "review_count": 8,
  "confidence": 1.0,
  "raw_rating": 4.625,
  "high_ratings": 8,
  "low_ratings": 0
}