{
  "identifier": "gd80-12-26.walker.vernon.15880.sbeok.shnf",
  "title": "Grateful Dead Live at Oakland Auditorium Arena on 1980-12-26",
  "date": "1980-12-26",
  "venue": "Oakland Auditorium Arena",
  "location": "Oakland, CA",
  "source_type": "AUD",
  "lineage": "Nak 300's > D5 > ACM > CDR",
  "taper": "Joani Walker",
  "source": "Audience Recording: Nak 300's",
  "runtime": "",
  "rating": 0.0,
  "review_count": 0,
  "confidence": 0.0,
  "raw_rating": 0.0,
  "high_ratings": 0,
  "low_ratings": 0
}