{
  "identifier": "gd80-06-05.senn421.jeffm.4663.sbeok.shnf",
  "title": "Grateful Dead Live at Compton Terrace Amphitheatre on 1980-06-05",
  "date": "1980-06-05",
  "venue": "Compton Terrace Amphitheatre",
  "location": "Tempe, AZ",
  "source_type": "AUD",
  "lineage": "FOB (Sennheiser 421's)> Master Cassette> DAT> CDR> EAC> SHN",
  "taper": "",
  "source": "Audience Recording: Sennheiser 421's",
  "runtime": "",
  "rating": 2.609090909090909,
  "review_count": 11,
  "confidence": 1.0,
  "raw_rating": 3.727272727272727,
  "high_ratings": 7,
  "low_ratings": 1
}