{
  "identifier": "gd81-09-13.wise.munder.7092.sbeok.shnf",
  "title": "Grateful Dead Live at Greek Theatre, U. Of California on 1981-09-13",
  "date": "1981-09-13",
  "venue": "Greek Theatre, U. Of California",
  "location": "Berkeley, CA",
  "source_type": "AUD",
  "lineage": "Sennheiser 421 mics > Sony TC D-5",
  "taper": "Jim Wise",
  "source": "Audience Recording: Sennheiser 421's",
  "runtime": "",
  "rating": 2.6999999999999997,
  "review_count": 7,
  "confidence": 1.0,
  "raw_rating": 3.857142857142857,
  "high_ratings": 5,
  "low_ratings": 0
}