{
  "identifier": "gd81-05-11.nak300-mow.ford.28355.sbeof.flac",
  "title": "Grateful Dead Live at Veterans' Memorial Coliseum on 1981-05-11",
  "date": "1981-05-11",
  "venue": "Veterans' Memorial Coliseum",
  "location": "New Haven, CT",
  "source_type": "AUD",
  "lineage": "Sony D5 > UA5 > IBM R40/Win XP Pro/Sound Forge 5.0/CDR > EAC > WinXP Pro > FLAC Frontend > FLAC16",
  "taper": "Doug Mow",
  "source": "Audience Recording: 2 Nak 300 shotguns > Sony TC-D5M > Maxell XLIIS tape (Jeff Silberman's guns on Howard Shame's bodies)",
  "runtime": "",
  "rating": 3.08,
  "review_count": 5,
  "confidence": 1.0,
  "raw_rating": 4.4,
  "high_ratings": 5,
  "low_ratings": 0
}