{
  "identifier": "gd82-08-03.matrix.chappell.30705.sbeok.flacf",
  "title": "Grateful Dead Live at Starlight Theater on 1982-08-03",
  "date": "1982-08-03",
  "venue": "Starlight Theater",
  "location": "Kansas City, MO",
  "source_type": "MATRIX",
  "lineage": "[SBD > MC > PCM > DAT > CDR] + [Senn 441's (FOB) > Sony TC-D5 > DAT > CD] > WAV > Vegas 5 (matrix) > WAV > CD Wave > FLAC 16",
  "taper": "Paul Hogan",
  "source": "Matrix",
  "runtime": "",
  "rating": 4.275,
  "review_count": 24,
  "confidence": 1.0,
  "raw_rating": 4.75,
  "high_ratings": 22,
  "low_ratings": 0
}