{
  "identifier": "gd83-02-06.sbd.miller.21270.sbeok.shnf",
  "title": "Grateful Dead Live at Stone House Studio - Rehearsals on 1983-02-06",
  "date": "1983-02-06",
  "venue": "Stone House Studio - Rehearsals",
  "location": "Novato, CA",
  "source_type": "SBD",
  "lineage": "",
  "taper": "",
  "source": "Studio RehearsalsRecording Info:SBD -> Reel Master -> Cass -> Dat -> CD -> EAC -> SHNConverted By Charlie Millercharliemiller87@earthlink.net12/5/03",
  "runtime": "",
  "rating": 3.2,
  "review_count": 3,
  "confidence": 0.6,
  "raw_rating": 4.0,
  "high_ratings": 2,
  "low_ratings": 0
}