{
  "identifier": "gd83-09-08.set2.sbd.lemieux-kaplan.20536.sbeok.shnf",
  "title": "Grateful Dead Live at Red Rocks on 1983-09-08",
  "date": "1983-09-08",
  "venue": "Red Rocks",
  "location": "Morrison, CO",
  "source_type": "SBD",
  "lineage": "MSC>Reel>DAT>CDR (Scarlet>Fire from Eaton's MAC)",
  "taper": "",
  "source": "Soundboard",
  "runtime": "",
  "rating": 3.733333333333334,
  "review_count": 3,
  "confidence": 0.6,
  "raw_rating": 4.666666666666667,
  "high_ratings": 3,
  "low_ratings": 0
}