{
  "identifier": "gd83-06-27.aud.dodd.9994.sbeok.shnf",
  "title": "Grateful Dead Live at Poplar Creek Music Theater on 1983-06-27",
  "date": "1983-06-27",
  "venue": "Poplar Creek Music Theater",
  "location": "Hofman Estates, IL",
  "source_type": "AUD",
  "lineage": "",
  "taper": "",
  "source": "Aud>Cass Master>C>DAT>CDR",
  "runtime": "",
  "rating": 2.8933333333333335,
  "review_count": 16,
  "confidence": 1.0,
  "raw_rating": 4.133333333333334,
  "high_ratings": 12,
  "low_ratings": 0
}