{
  "identifier": "gd83-04-20.sbd.miller.27860.sbeok.flacf",
  "title": "Grateful Dead Live at Providence Civic Center on 1983-04-20",
  "date": "1983-04-20",
  "venue": "Providence Civic Center",
  "location": "Providence, RI",
  "source_type": "SBD",
  "lineage": "Dat (Sony R500)> SEK'D Prodif Plus> Samplitude v7.02 Professional> FLAC; Transferred and Edited By Charlie Miller",
  "taper": "",
  "source": "SBD> Master Cassette> Reel> Dat (SV3800/48k), plus patch from FOB Sennheiser 421> Master Cassette;",
  "runtime": "",
  "rating": 4.1875,
  "review_count": 17,
  "confidence": 1.0,
  "raw_rating": 4.1875,
  "high_ratings": 13,
  "low_ratings": 1
}