{
  "identifier": "gd84-04-26.sbd.pj.4770.sbeok.shnf",
  "title": "Grateful Dead Live at Providence Civic Center on 1984-04-26",
  "date": "1984-04-26",
  "venue": "Providence Civic Center",
  "location": "Providence, RI",
  "source_type": "SBD",
  "lineage": "",
  "taper": "",
  "source": "Master Soundboard Cassette > Cassette > DAT > CDR (Missing Encore)",
  "runtime": "",
  "rating": 4.45,
  "review_count": 20,
  "confidence": 1.0,
  "raw_rating": 4.45,
  "high_ratings": 17,
  "low_ratings": 0
}