{
  "identifier": "gd84-10-31.senn.14947.sbeok.shnf",
  "title": "Grateful Dead Live at Berkeley Community Theater on 1984-10-31",
  "date": "1984-10-31",
  "venue": "Berkeley Community Theater",
  "location": "Berkeley, CA",
  "source_type": "AUD",
  "lineage": "",
  "taper": "",
  "source": "AUD (Sennheiser 441) > CM > CDR > WAV > SHN.  Thanks to Dr. B.Fried for the cassette masters.",
  "runtime": "",
  "rating": 2.6999999999999997,
  "review_count": 11,
  "confidence": 1.0,
  "raw_rating": 3.857142857142857,
  "high_ratings": 5,
  "low_ratings": 1
}