{
  "identifier": "gd84-04-23-s1.sbd.unknown.31147.sbeok.flacf",
  "title": "Grateful Dead Live at Veterans' Memorial Coliseum on 1984-04-23",
  "date": "1984-04-23",
  "venue": "Veterans' Memorial Coliseum",
  "location": "New Haven, CT",
  "source_type": "SBD",
  "lineage": "SBD > Cassette > Sony TC-D5M (no Dolby) > Soundblaster > Soundforge > TLH > CD-Wave > FLAC16",
  "taper": "",
  "source": "Soundboard (set 1 only)",
  "runtime": "",
  "rating": 0.0,
  "review_count": 0,
  "confidence": 0.0,
  "raw_rating": 0.0,
  "high_ratings": 0,
  "low_ratings": 0
}