{
  "identifier": "gd84-10-18.nak.miller.17273.sbeok.shnf",
  "title": "Grateful Dead Live at Meadowlands Arena on 1984-10-18",
  "date": "1984-10-18",
  "venue": "Meadowlands Arena",
  "location": "East Rutherford, NJ",
  "source_type": "AUD",
  "lineage": "",
  "taper": "",
  "source": "(FOB) Nakamichi CM300/CP1 -> Cm (Sony D5) -> Dat (48k) > Dat (Sony R500) -> Prodif Plus -> Samplitude v6.0 -> SHN. All transfers and remastering done by Charlie Miller",
  "runtime": "",
  "rating": 3.1,
  "review_count": 14,
  "confidence": 1.0,
  "raw_rating": 4.428571428571429,
  "high_ratings": 13,
  "low_ratings": 0
}