{
  "identifier": "gd85-09-15.sbd.set2.walker.378.sbeok.shnf",
  "title": "Grateful Dead Live at Devore Field, Southwestern U on 1985-09-15",
  "date": "1985-09-15",
  "venue": "Devore Field, Southwestern U",
  "location": "Chula Vista, CA",
  "source_type": "SBD",
  "lineage": "",
  "taper": "",
  "source": "reportedly SBD>CM>DAT>CDR",
  "runtime": "",
  "rating": 4.3076923076923075,
  "review_count": 13,
  "confidence": 1.0,
  "raw_rating": 4.3076923076923075,
  "high_ratings": 12,
  "low_ratings": 0
}