{
  "identifier": "gd85-06-30.aud.set1.mckeown.7893.sbefail.shnf",
  "title": "Grateful Dead Live at Merriweather Post Pavilion on 1985-06-30",
  "date": "1985-06-30",
  "venue": "Merriweather Post Pavilion",
  "location": "Columbia, MD",
  "source_type": "AUD",
  "lineage": "",
  "taper": "",
  "source": "Master AUD  Sony D5 Sennheiser ME 80 & 441's > Wav > SHN",
  "runtime": "",
  "rating": 2.1,
  "review_count": 1,
  "confidence": 0.2,
  "raw_rating": 5.0,
  "high_ratings": 1,
  "low_ratings": 0
}