{
  "identifier": "gd85-10-31.oade.connor.8793.sbeok.shnf",
  "title": "Grateful Dead Live at Carolina Coliseum, U of South Carolina on 1985-10-31",
  "date": "1985-10-31",
  "venue": "Carolina Coliseum, U of South Carolina",
  "location": "Columbia, SC",
  "source_type": "AUD",
  "lineage": "",
  "taper": "",
  "source": "Oade DFOB -- Schoeps CMC441 (spaced 17cm@90deg) + CMC42 (Spread 8')> Oade M118 > Sony PCM-F1 > DAT (@44.1k)DAT>SHN -- Sony PCM-M1>Coax 7 pin>Zoltrix Nightingale (coax mod)> Soundforge 5.0 (No Processing)>CDWAV (track splitting)>SHN(Seekable) Seeded by Dar",
  "runtime": "",
  "rating": 3.0545454545454542,
  "review_count": 11,
  "confidence": 1.0,
  "raw_rating": 4.363636363636363,
  "high_ratings": 10,
  "low_ratings": 0
}