{
  "identifier": "gd85-10-31.aud-oade.remaster.20282.sbeok.shnf",
  "title": "Grateful Dead Live at Carolina Coliseum, U of South Carolina on 1985-10-31",
  "date": "1985-10-31",
  "venue": "Carolina Coliseum, U of South Carolina",
  "location": "Columbia, SC",
  "source_type": "AUD",
  "lineage": "master PCM > DAW (via SEKD card) > DSP* > CD (mkw) > HD > mkwACT0.97b (SHN)",
  "taper": "",
  "source": "Field: Schoeps CMC441 (from TS, 17cm @ 90deg) > Oade M118 > Oade modSony PCM-F1 Transfer: master PCM > DAW (via SEKD card) > DSP* > CD (mkw) > HD > mkwACT0.97b (SHN)",
  "runtime": "",
  "rating": 2.3333333333333335,
  "review_count": 9,
  "confidence": 1.0,
  "raw_rating": 3.3333333333333335,
  "high_ratings": 5,
  "low_ratings": 3
}