{
  "identifier": "gd87-03-03.sbd.ladner.9175.sbeok.shnf",
  "title": "Grateful Dead Live at Henry J Kaiser Convention Center on 1987-03-03",
  "date": "1987-03-03",
  "venue": "Henry J Kaiser Convention Center",
  "location": "Oakland, CA",
  "source_type": "SBD",
  "lineage": "",
  "taper": "",
  "source": "SBD > MC > DAT > CDR",
  "runtime": "",
  "rating": 3.6363636363636362,
  "review_count": 11,
  "confidence": 1.0,
  "raw_rating": 3.6363636363636362,
  "high_ratings": 7,
  "low_ratings": 2
}