{
  "identifier": "gd87-11-15.sennheiser.french.17185.sbeok.shnf",
  "title": "Grateful Dead Live at Long Beach Arena on 1987-11-15",
  "date": "1987-11-15",
  "venue": "Long Beach Arena",
  "location": "Long Beach, CA",
  "source_type": "AUD",
  "lineage": "",
  "taper": "",
  "source": "Digital Ambient recording by M. French 20th row near center (Phil's side) Sennheiser MKE 2002 (HRTF, worn in/on hat) > WM-D6C (dolby C)analog>CD via hardware transfer, CD master (EAC)",
  "runtime": "",
  "rating": 2.275,
  "review_count": 8,
  "confidence": 1.0,
  "raw_rating": 3.25,
  "high_ratings": 3,
  "low_ratings": 4
}