{
  "identifier": "gd89-10-14.sbd.koehler.5926.sbeok.shnf",
  "title": "Grateful Dead Live at Meadowlands Arena on 1989-10-14",
  "date": "1989-10-14",
  "venue": "Meadowlands Arena",
  "location": "East Rutherford, NJ",
  "source_type": "SBD",
  "lineage": "",
  "taper": "",
  "source": "Sbd> Cas(m)> Dat> ZA2/PC> SF> CD Architect> CDR\u00c2\u0092s",
  "runtime": "",
  "rating": 4.190476190476191,
  "review_count": 23,
  "confidence": 1.0,
  "raw_rating": 4.190476190476191,
  "high_ratings": 17,
  "low_ratings": 0
}