{
  "identifier": "gd90-03-25.fob-schoeps-mattes.miller.28389.sbeok.shnf",
  "title": "Grateful Dead Live at Knickerbocker Arena on 1990-03-25",
  "date": "1990-03-25",
  "venue": "Knickerbocker Arena",
  "location": "Albany, NY",
  "source_type": "UNKNOWN",
  "lineage": "Dat (Sony R500)> Behringer UltraMatch SRC2000> SEK'D Prodif Plus> Samplitude v7.02 Professional> SHN",
  "taper": "Ted Mattes",
  "source": "FOB Schoeps CMC4/MK21> Oade Cap Coupled Supply> Dat (Panasonic SV250/48k)> Dat (Cloned From Master)",
  "runtime": "",
  "rating": 2.1666666666666665,
  "review_count": 13,
  "confidence": 1.0,
  "raw_rating": 4.333333333333333,
  "high_ratings": 11,
  "low_ratings": 0
}