{
  "identifier": "gd91-06-14.sbd.braverman.16816.sbeok.shnf",
  "title": "Grateful Dead Live at Robert F. Kennedy Stadium on 1991-06-14",
  "date": "1991-06-14",
  "venue": "Robert F. Kennedy Stadium",
  "location": "Washington, DC",
  "source_type": "SBD",
  "lineage": "",
  "taper": "",
  "source": "SBD > DAT> CD> SHN> Peak (track recutting and level adjustments)> SHN via Peter Braverman (possible cassette gen but NOT VFTV)",
  "runtime": "",
  "rating": 4.439024390243903,
  "review_count": 43,
  "confidence": 1.0,
  "raw_rating": 4.439024390243903,
  "high_ratings": 36,
  "low_ratings": 2
}