{
  "identifier": "gd91-12-27.schoeps.oconnor.12094.sbeok.shnf",
  "title": "Grateful Dead Live at Oakland-Alameda County Coliseum on 1991-12-27",
  "date": "1991-12-27",
  "venue": "Oakland-Alameda County Coliseum",
  "location": "Oakland, CA",
  "source_type": "AUD",
  "lineage": "",
  "taper": "",
  "source": "AUD(Schoeps)> DAT> CDR",
  "runtime": "",
  "rating": 2.0533333333333332,
  "review_count": 3,
  "confidence": 0.6,
  "raw_rating": 3.6666666666666665,
  "high_ratings": 2,
  "low_ratings": 0
}