{
  "identifier": "gd91-10-31.set2.matrix.loy.30699.sbeok.flacf",
  "title": "Grateful Dead Live at Oakland-Alameda County Coliseum on 1991-10-31",
  "date": "1991-10-31",
  "venue": "Oakland-Alameda County Coliseum",
  "location": "Oakland, CA",
  "source_type": "MATRIX",
  "lineage": "Soundboard + Schoeps MK4/CMC3",
  "taper": "Marcus Buick",
  "source": "Matrix",
  "runtime": "",
  "rating": 4.3,
  "review_count": 11,
  "confidence": 1.0,
  "raw_rating": 4.777777777777778,
  "high_ratings": 8,
  "low_ratings": 0
}