{
  "identifier": "gd92-06-18.schoeps.wier.4674.sbeok.shnf",
  "title": "Grateful Dead Live at Charlotte Coliseum on 1992-06-18",
  "date": "1992-06-18",
  "venue": "Charlotte Coliseum",
  "location": "Charlotte, NC",
  "source_type": "AUD",
  "lineage": "AUD (CMC-31)> DAT> CDR> EAC> SHN (MKW)",
  "taper": "",
  "source": "Audience Recording",
  "runtime": "",
  "rating": 2.6599999999999997,
  "review_count": 10,
  "confidence": 1.0,
  "raw_rating": 3.8,
  "high_ratings": 8,
  "low_ratings": 0
}