{
  "identifier": "gd93-03-22.set1.sbd.miller.28430.sbeok.flacf",
  "title": "Grateful Dead Live at The Omni on 1993-03-22",
  "date": "1993-03-22",
  "venue": "The Omni",
  "location": "Atlanta, GA",
  "source_type": "SBD",
  "lineage": "SBD > Dat > Cassette Master > Dat > CD > EAC > SHN > WAV > Samplitude Professional v8.0 > FLAC16",
  "taper": "",
  "source": "Soundboard",
  "runtime": "",
  "rating": 3.8333333333333335,
  "review_count": 7,
  "confidence": 1.0,
  "raw_rating": 3.8333333333333335,
  "high_ratings": 3,
  "low_ratings": 0
}