{
  "identifier": "gd93-03-14.akg.brown.4703.sbeok.shnf",
  "title": "Grateful Dead Live at Richfield Coliseum on 1993-03-14",
  "date": "1993-03-14",
  "venue": "Richfield Coliseum",
  "location": "Richfield, OH",
  "source_type": "AUD",
  "lineage": "AKG 468 (shotguns) > DAT > Panasonic SV-3800 > HHb CDR-850 > CDR > EAC (secure) > SHN",
  "taper": "",
  "source": "Audience: AKG 460/CK8's",
  "runtime": "",
  "rating": 2.683333333333333,
  "review_count": 6,
  "confidence": 1.0,
  "raw_rating": 3.8333333333333335,
  "high_ratings": 5,
  "low_ratings": 0
}