{
  "identifier": "gd93-09-26.naks.neo_levo.11501.sbeok.shnf",
  "title": "Grateful Dead Live at Boston Garden on 1993-09-26",
  "date": "1993-09-26",
  "venue": "Boston Garden",
  "location": "Boston, MA",
  "source_type": "AUD",
  "lineage": "Nakamichi 300/CP4's > DAT > CDR > EAC > Soundforge 5.0 > shntool > mkwACT > SHNv3",
  "taper": "",
  "source": "Audience: Nakamichi 300/CP4's",
  "runtime": "",
  "rating": 0.0,
  "review_count": 0,
  "confidence": 0.0,
  "raw_rating": 0.0,
  "high_ratings": 0,
  "low_ratings": 0
}