{
  "identifier": "gd94-07-21.aud.ladner.12099.sbeok.shnf",
  "title": "Grateful Dead Live at Deer Creek Music Center on 1994-07-21",
  "date": "1994-07-21",
  "venue": "Deer Creek Music Center",
  "location": "Noblesville, IN",
  "source_type": "AUD",
  "lineage": "Unknown Mics > DAT > CDR > EAC 0.9 > CD Wave > SHN",
  "taper": "",
  "source": "Audience: Unknown Mics",
  "runtime": "",
  "rating": 2.9166666666666665,
  "review_count": 6,
  "confidence": 1.0,
  "raw_rating": 4.166666666666667,
  "high_ratings": 5,
  "low_ratings": 0
}