{
  "identifier": "gd94-06-19.nak100.pujol.8240.sbeok.shnf",
  "title": "Grateful Dead Live at Autzen Stadium, U. of Oregon on 1994-06-19",
  "date": "1994-06-19",
  "venue": "Autzen Stadium, U. of Oregon",
  "location": "Eugene, OR",
  "source_type": "AUD",
  "lineage": "Nak 100/CP1 cardioids > DAT > Sony PCM R300 > RME digi96/8pro > Soundforge 4.5a > CD Wave > mkwACT > SHNv3",
  "taper": "",
  "source": "Audience: Nakamichi 100/CP1's",
  "runtime": "",
  "rating": 2.8777777777777773,
  "review_count": 9,
  "confidence": 1.0,
  "raw_rating": 4.111111111111111,
  "high_ratings": 7,
  "low_ratings": 0
}