{
  "identifier": "gd95-06-25.nak300.stine.10935.sbeok.shnf",
  "title": "Grateful Dead Live at Robert F. Kennedy Stadium on 1995-06-25",
  "date": "1995-06-25",
  "venue": "Robert F. Kennedy Stadium",
  "location": "Washington, DC",
  "source_type": "AUD",
  "lineage": "Nakamichi 300's > Sony D7 > Soundblaster Live > CD Wave > mkwACT > SHN",
  "taper": "Wally Stine",
  "source": "Audience: Nakamichi 300's",
  "runtime": "",
  "rating": 2.7588235294117647,
  "review_count": 17,
  "confidence": 1.0,
  "raw_rating": 3.9411764705882355,
  "high_ratings": 12,
  "low_ratings": 2
}