{
  "identifier": "gd95-05-21.nak.12102.wankleswurth.sbeok.shnf",
  "title": "Grateful Dead Live at Sam Boyd Silver Bowl, U.N.L.V. on 1995-05-21",
  "date": "1995-05-21",
  "venue": "Sam Boyd Silver Bowl, U.N.L.V.",
  "location": "Las Vegas, NV",
  "source_type": "AUD",
  "lineage": "AT-835A's & Nak 300's > DAT > CDR > EAC 0.9 beta 4 (secure) > WAV > Soundforge 5.0 > CD Wave > SHNv3",
  "taper": "",
  "source": "Audience: AT-835A's & Nak 300's",
  "runtime": "",
  "rating": 1.4699999999999998,
  "review_count": 2,
  "confidence": 0.4,
  "raw_rating": 3.0,
  "high_ratings": 1,
  "low_ratings": 1
}