{
  "collections": [
    {
      "id": "acid-tests",
      "name": "The Acid Tests",
      "description": "The early days of the Grateful Dead performing at Ken Kesey's Acid Tests — a series of countercultural events that helped define the band's origins and improvisational style.",
      "tags": [
        "era",
        "early-dead",
        "psychedelic",
        "acid-test",
        "kesey"
      ],
      "show_selector": {
        "dates": [
          "1965-11-27",
          "1965-12-04",
          "1965-12-11",
          "1965-12-18",
          "1965-12-24",
          "1965-12-31",
          "1966-01-08",
          "1966-01-21",
          "1966-01-22",
          "1966-01-28",
          "1966-02-05",
          "1966-02-12",
          "1966-02-19",
          "1966-03-12",
          "1966-03-19",
          "1966-03-24"
        ]
      },
      "show_ids": [
        "1965-12-04-big-nigs-house-san-jose-ca-usa",
        "1965-12-11-the-big-beat-palo-alto-ca-usa",
        "1965-12-18-muir-beach-lodge-muir-beach-ca-usa",
        "1966-01-08-fillmore-auditorium-san-francisco-ca-usa-early-show",
        "1966-01-22-longshoremans-hall-san-francisco-ca-usa",
        "1966-01-28-the-matrix-san-francisco-ca-usa",
        "1966-02-12-youth-opportunities-center-compton-ca-usa",
        "1966-03-12-danish-center-los-angeles-ca-usa",
        "1966-03-19-carthay-studios-los-angeles-ca-usa"
      ],
      "total_shows": 9
    },
    {
      "id": "reckoning-acoustic-era",
      "name": "Reckoning Acoustic Era",
      "description": "Grateful Dead shows with acoustic sets, primarily from Sept 25, 1980 to Sept 20, 1981, mostly at the Warfield Theatre in San Francisco.",
      "tags": [
        "era",
        "acoustic",
        "reckoning",
        "1980s"
      ],
      "show_selector": {
        "dates": [
          "1980-09-25",
          "1980-10-01",
          "1980-10-02",
          "1980-10-03",
          "1980-10-04",
          "1980-10-05",
          "1981-02-05",
          "1981-02-06",
          "1981-02-07",
          "1981-02-08",
          "1981-02-09",
          "1981-09-18",
          "1981-09-19",
          "1981-09-20"
        ]
      },
      "show_ids": [
        "1980-09-25-warfield-theater-san-francisco-ca-usa",
        "1980-10-02-warfield-theater-san-francisco-ca-usa",
        "1980-10-03-warfield-theater-san-francisco-ca-usa",
        "1980-10-04-warfield-theater-san-francisco-ca-usa"
      ],
      "total_shows": 4
    },
    {
      "id": "all-acoustic-shows",
      "name": "All Acoustic Shows",
      "description": "All known Grateful Dead shows featuring acoustic sets or significant acoustic segments, including the Reckoning era and other special acoustic performances throughout the band's career.",
      "tags": [
        "acoustic",
        "special sets",
        "career spanning"
      ],
      "show_selector": {
        "dates": [
          "1980-09-25",
          "1980-10-01",
          "1980-10-02",
          "1980-10-03",
          "1980-10-04",
          "1980-10-05",
          "1981-02-05",
          "1981-02-06",
          "1981-02-07",
          "1981-02-08",
          "1981-02-09",
          "1981-09-18",
          "1981-09-19",
          "1981-09-20",
          "1970-03-01",
          "1970-07-05",
          "1973-06-10",
          "1974-11-12",
          "1986-08-04",
          "1989-06-16",
          "1990-07-23",
          "1993-05-26",
          "1994-07-01",
          "1995-07-08"
        ]
      },
      "show_ids": [
        "1970-03-01-family-dog-at-the-great-highway-san-francisco-ca-usa",
        "1973-06-10-robert-f-kennedy-stadium-washington-dc-usa",
        "1980-09-25-warfield-theater-san-francisco-ca-usa",
        "1980-10-02-warfield-theater-san-francisco-ca-usa",
        "1980-10-03-warfield-theater-san-francisco-ca-usa",
        "1980-10-04-warfield-theater-san-francisco-ca-usa",
        "1990-07-23-world-music-theater-tinley-park-il-il-usa",
        "1993-05-26-cal-expo-sacramento-ca-usa",
        "1994-07-01-shoreline-amphitheatre-mountain-view-ca-usa",
        "1995-07-08-soldier-field-chicago-il-usa"
      ],
      "total_shows": 10
    },
    {
      "id": "fillmore-runs",
      "name": "Fillmore Runs",
      "description": "Iconic multi-night runs by the Grateful Dead at Fillmore East (New York City) and Fillmore West (San Francisco) venues, spanning 1968–1971.",
      "tags": [
        "fillmore",
        "runs",
        "classic shows",
        "1968",
        "1969",
        "1970",
        "1971"
      ],
      "show_selector": {
        "dates": [
          "1968-04-25",
          "1968-04-26",
          "1968-05-02",
          "1968-05-03",
          "1968-05-04",
          "1968-05-10",
          "1968-05-11",
          "1968-05-24",
          "1968-05-25",
          "1968-06-07",
          "1968-06-08",
          "1968-06-21",
          "1968-06-22",
          "1968-06-27",
          "1968-06-28",
          "1969-01-30",
          "1969-01-31",
          "1969-02-01",
          "1969-02-06",
          "1969-02-07",
          "1969-02-08",
          "1969-02-27",
          "1969-02-28",
          "1969-03-01",
          "1969-03-06",
          "1969-03-07",
          "1969-03-08",
          "1969-06-07",
          "1969-06-08",
          "1969-06-27",
          "1969-06-28",
          "1969-07-02",
          "1969-07-03",
          "1969-10-03",
          "1969-10-04",
          "1970-02-27",
          "1970-02-28",
          "1970-03-01",
          "1970-03-02",
          "1970-03-03",
          "1970-03-04",
          "1970-03-05",
          "1970-03-06",
          "1970-03-07",
          "1970-04-25",
          "1970-04-26",
          "1970-04-27",
          "1970-04-28",
          "1971-02-11",
          "1971-02-12",
          "1971-02-13",
          "1971-02-14",
          "1971-02-15",
          "1971-02-16"
        ]
      },
      "show_ids": [
        "1968-04-26-electric-factory-philadelphia-pa-usa",
        "1968-05-03-low-library-plaza-columbia-university-new-york-ny",
        "1968-05-04-pritchard-gym-s-u-n-y-stony-brook-ny-usa",
        "1968-05-24-national-guard-armory-st-louis-mo-usa",
        "1968-05-25-national-guard-armory-st-louis-mo-usa",
        "1968-06-07-carousel-ballroom-san-francisco-ca-usa",
        "1968-06-08-carousel-ballroom-san-francisco-ca-usa",
        "1968-06-22-phoenix-travelodge-theater-phoenix-me-usa",
        "1969-01-31-the-kinetic-playground-chicago-il-usa",
        "1969-02-01-the-kinetic-playground-chicago-il-usa",
        "1969-02-06-kiel-auditorium-st-louis-mo-usa",
        "1969-02-07-stanley-theater-pittsburgh-pa-usa",
        "1969-02-07-stanley-theater-pittsburgh-pa-usa-early-show",
        "1969-02-27-fillmore-west-san-francisco-ca-usa",
        "1969-02-28-fillmore-west-san-francisco-ca-usa",
        "1969-03-01-fillmore-west-san-francisco-ca-usa",
        "1969-06-07-fillmore-west-san-francisco-ca-usa",
        "1969-06-08-fillmore-west-san-francisco-ca-usa",
        "1969-06-27-veterans-auditorium-santa-rosa-ca-usa",
        "1969-06-28-veterans-auditorium-santa-rosa-ca-usa",
        "1969-07-03-reeds-ranch-colorado-springs-co-usa",
        "1969-10-03-boston-tea-party-boston-ma-usa",
        "1969-10-04-boston-tea-party-boston-ma-usa",
        "1970-02-27-family-dog-at-the-great-highway-san-francisco-ca-usa",
        "1970-02-28-family-dog-at-the-great-highway-san-francisco-ca-usa",
        "1970-03-01-family-dog-at-the-great-highway-san-francisco-ca-usa",
        "1970-03-07-santa-monica-civic-auditorium-santa-monica-ca-usa",
        "1970-04-25-mammoth-gardens-denver-co-usa",
        "1970-04-26-york-farm-poynette-wi-usa"
      ],
      "total_shows": 29
    },
    {
      "id": "dylan-and-the-dead",
      "name": "Dylan & The Dead",
      "description": "Shows from the 1987 tour where Bob Dylan performed with the Grateful Dead.",
      "tags": [
        "era",
        "guest",
        "bob-dylan",
        "official"
      ],
      "show_selector": {
        "dates": [
          "1987-07-04",
          "1987-07-05",
          "1987-07-07",
          "1987-07-08",
          "1987-07-10",
          "1987-07-11",
          "1987-07-12",
          "1987-07-14",
          "1987-07-15",
          "1987-07-17",
          "1987-07-18",
          "1987-07-19",
          "1987-07-21",
          "1987-07-22",
          "1987-07-23",
          "1987-07-25",
          "1987-07-26"
        ]
      },
      "show_ids": [
        "1987-07-04-sullivan-stadium-foxboro-ma-usa",
        "1987-07-07-roanoke-civic-center-roanoke-va-usa",
        "1987-07-08-roanoke-civic-center-roanoke-va-usa",
        "1987-07-10-john-f-kennedy-stadium-philadelphia-pa-usa",
        "1987-07-12-giants-stadium-east-rutherford-nj-usa",
        "1987-07-19-autzen-stadium-u-of-oregon-eugene-or-usa",
        "1987-07-26-anaheim-stadium-anaheim-ca-usa"
      ],
      "total_shows": 7
    },
    {
      "id": "download-series-vol-1",
      "name": "Download Series Vol. 1: Palladium, New York, NY 4/30/77 (Live)",
      "description": "Live performance at the Palladium in New York City on April 30, 1977.",
      "tags": [
        "official",
        "live",
        "digital",
        "spotify"
      ],
      "show_selector": {
        "dates": [
          "1977-04-30"
        ]
      },
      "show_ids": [
        "1977-04-30-the-palladium-new-york-ny-usa"
      ],
      "total_shows": 1
    },
    {
      "id": "download-series-vol-2",
      "name": "Download Series Vol. 2: Springer's Inn, Portlan, OR 1/18/70 (Live)",
      "description": "Live performance at Springer's Inn in Portland, OR on January 18, 1970.",
      "tags": [
        "official",
        "live",
        "digital",
        "spotify"
      ],
      "show_selector": {
        "dates": [
          "1970-01-18"
        ]
      },
      "show_ids": [
        "1970-01-18-springers-inn-portland-or-usa"
      ],
      "total_shows": 1
    },
    {
      "id": "download-series-vol-3",
      "name": "Download Series Vol. 3: The Palestra, Rochester, NY 10/26/71 (Live)",
      "description": "Live performance at The Palestra in Rochester, NY on October 26, 1971.",
      "tags": [
        "official",
        "live",
        "digital",
        "spotify"
      ],
      "show_selector": {
        "dates": [
          "1971-10-26"
        ]
      },
      "show_ids": [
        "1971-10-26-the-palestra-u-of-rochester-rochester-ny-usa"
      ],
      "total_shows": 1
    },
    {
      "id": "download-series-vol-4",
      "name": "Download Series Vol. 4: Capitol Theatre, Passaic, NJ 6/18/76 / Tower Theatre, Philadelphia, PA 6/21/76 (Live)",
      "description": "Live performances at Capitol Theatre in Passaic, NJ on June 18, 1976, and Tower Theatre in Philadelphia, PA on June 21, 1976.",
      "tags": [
        "official",
        "live",
        "digital",
        "spotify"
      ],
      "show_selector": {
        "dates": [
          "1976-06-18",
          "1976-06-21"
        ]
      },
      "show_ids": [
        "1976-06-18-capitol-theater-passaic-nj-usa",
        "1976-06-21-tower-theatre-upper-darby-pa-usa"
      ],
      "total_shows": 2
    },
    {
      "id": "download-series-vol-5",
      "name": "Download Series Vol. 5: Hampton Coliseum, Hampton, VA 3/27/88 (Live)",
      "description": "Live performance at Hampton Coliseum in Hampton, VA on March 27, 1988.",
      "tags": [
        "official",
        "live",
        "digital",
        "spotify"
      ],
      "show_selector": {
        "dates": [
          "1988-03-27"
        ]
      },
      "show_ids": [
        "1988-03-27-hampton-coliseum-hampton-va-usa"
      ],
      "total_shows": 1
    },
    {
      "id": "download-series-vol-6",
      "name": "Download Series Vol. 6: Carousel Ballroom, San Francisco, CA 3/17/68 (Live)",
      "description": "Live performance at Carousel Ballroom in San Francisco, CA on March 17, 1968.",
      "tags": [
        "official",
        "live",
        "digital",
        "spotify"
      ],
      "show_selector": {
        "dates": [
          "1968-03-17"
        ]
      },
      "show_ids": [
        "1968-03-17-carousel-ballroom-san-francisco-ca-usa"
      ],
      "total_shows": 1
    },
    {
      "id": "download-series-vol-7",
      "name": "Download Series Vol. 7: Springfield Civic Center, Springfield, MA 9/30/80 / Providence Civic Center, Providence, RI 9/4/80 (Live)",
      "description": "Live performances at Springfield Civic Center in Springfield, MA on September 30, 1980, and Providence Civic Center in Providence, RI on September 4, 1980.",
      "tags": [
        "official",
        "live",
        "digital",
        "spotify"
      ],
      "show_selector": {
        "dates": [
          "1980-09-30",
          "1980-09-04"
        ]
      },
      "show_ids": [
        "1980-09-04-providence-civic-center-providence-ri-usa",
        "1980-09-30-warfield-theater-san-francisco-ca-usa"
      ],
      "total_shows": 2
    },
    {
      "id": "download-series-vol-8",
      "name": "Download Series Vol. 8: Charlotte Coliseum, Charlotte, NC 12/10/73 (Live)",
      "description": "Live performance at Charlotte Coliseum in Charlotte, NC on December 10, 1973.",
      "tags": [
        "official",
        "live",
        "digital",
        "spotify"
      ],
      "show_selector": {
        "dates": [
          "1973-12-10"
        ]
      },
      "show_ids": [
        "1973-12-10-charlotte-coliseum-charlotte-nc-usa"
      ],
      "total_shows": 1
    },
    {
      "id": "download-series-vol-9",
      "name": "Download Series Vol. 9: Madison Square Garden, New York, NY 4/2/89 / Madison Square Garden, New York, NY 4/3/90 (Live)",
      "description": "Live performances at Madison Square Garden in New York, NY on April 2, 1989, and April 3, 1990.",
      "tags": [
        "official",
        "live",
        "digital",
        "spotify"
      ],
      "show_selector": {
        "dates": [
          "1989-04-02",
          "1990-04-03"
        ]
      },
      "show_ids": [
        "1989-04-02-civic-arena-pittsburgh-pa-usa",
        "1990-04-03-the-omni-atlanta-ga-usa"
      ],
      "total_shows": 2
    },
    {
      "id": "download-series-vol-10",
      "name": "Download Series Vol. 10: Hollywood Palladium, Hollywood, CA 7/21/72 (Live)",
      "description": "Live performance at Hollywood Palladium in Hollywood, CA on July 21, 1972.",
      "tags": [
        "official",
        "live",
        "digital",
        "spotify"
      ],
      "show_selector": {
        "dates": [
          "1972-07-21"
        ]
      },
      "show_ids": [
        "1972-07-21-paramount-northwest-theater-seattle-wa-usa"
      ],
      "total_shows": 1
    },
    {
      "id": "download-series-vol-11",
      "name": "Download Series Vol. 11: Madison Square Garden, New York, NY 6/20/91 (Live)",
      "description": "Live performance at Madison Square Garden in New York, NY on June 20, 1991.",
      "tags": [
        "official",
        "live",
        "digital",
        "spotify"
      ],
      "show_selector": {
        "dates": [
          "1991-06-20"
        ]
      },
      "show_ids": [
        "1991-06-20-pine-knob-music-theater-clarkston-mi-usa"
      ],
      "total_shows": 1
    },
    {
      "id": "download-series-vol-12",
      "name": "Download Series Vol. 12: Fillmore East, New York, NY 4/17/69 (Live)",
      "description": "Live performance at Fillmore East in New York, NY on April 17, 1969.",
      "tags": [
        "official",
        "live",
        "digital",
        "spotify"
      ],
      "show_selector": {
        "dates": [
          "1969-04-17"
        ]
      },
      "show_ids": [
        "1969-04-17-washington-u-st-louis-mo-usa"
      ],
      "total_shows": 1
    },
    {
      "id": "30-trips-around-the-sun",
      "name": "30 Trips Around the Sun",
      "description": "Official career‑spanning box set of 30 previously unreleased complete Grateful Dead concerts—one show from each year 1966 through 1995.",
      "tags": [
        "box-set",
        "official",
        "live",
        "career-spanning",
        "30-trips"
      ],
      "show_selector": {
        "dates": [
          "1966-07-03",
          "1967-11-10",
          "1968-10-20",
          "1969-02-22",
          "1970-04-15",
          "1971-03-18",
          "1972-09-24",
          "1973-11-14",
          "1974-09-18",
          "1975-09-28",
          "1976-10-03",
          "1977-04-25",
          "1978-05-14",
          "1979-10-27",
          "1980-11-28",
          "1981-05-16",
          "1982-07-31",
          "1983-10-21",
          "1984-10-12",
          "1985-06-24",
          "1986-05-03",
          "1987-09-18",
          "1988-07-03",
          "1989-10-26",
          "1990-10-27",
          "1991-09-10",
          "1992-03-20",
          "1993-03-27",
          "1994-10-01",
          "1995-02-21"
        ]
      },
      "show_ids": [
        "1966-07-03-fillmore-auditorium-san-francisco-ca-usa",
        "1967-11-10-shrine-auditorium-los-angeles-ca-usa",
        "1968-10-20-greek-theatre-berkeley-ca",
        "1969-02-22-dream-bowl-vallejo-ca-usa",
        "1970-04-15-winterland-arena-san-francisco-ca-usa",
        "1971-03-18-fox-theatre-st-louis-mo-usa",
        "1972-09-24-the-palace-theater-waterbury-ct-usa",
        "1973-11-14-san-diego-sports-arena-san-diego-ca-usa",
        "1974-09-18-parc-des-exposition-dijon-france",
        "1975-09-28-lindley-meadows-golden-gate-park-san-francisco-ca-usa",
        "1976-10-03-cobo-arena-detriot-mi-usa",
        "1977-04-25-capitol-theater-passaic-nj-usa",
        "1978-05-14-providence-civic-center-providence-ri-usa",
        "1979-10-27-cape-cod-coliseum-south-yarmouth-ma-usa",
        "1980-11-28-lakeland-civic-center-lakeland-fl-usa",
        "1981-05-16-barton-hall-cornell-u-ithaca-ny-usa",
        "1982-07-31-manor-downs-austin-tx-usa",
        "1983-10-21-the-centrum-worcester-ma-usa",
        "1984-10-12-augusta-civic-center-augusta-me-usa",
        "1985-06-24-river-bend-music-center-cincinnati-oh-usa",
        "1986-05-03-cal-expo-sacramento-ca-usa",
        "1987-09-18-madison-square-garden-new-york-ny-usa",
        "1988-07-03-oxford-plains-speedway-oxford-me-usa",
        "1989-10-26-miami-arena-miami-fl-usa",
        "1990-10-27-the-zenith-paris-france",
        "1991-09-10-madison-square-garden-new-york-ny-usa",
        "1992-03-20-copps-coliseum-hamilton-ontario-canada",
        "1993-03-27-knickerbocker-arena-albany-ny-usa",
        "1994-10-01-boston-garden-boston-ma-usa",
        "1995-02-21-delta-center-salt-lake-city-ut-usa"
      ],
      "total_shows": 30
    },
    {
      "id": "road-trips-full-show-1979-11-05",
      "name": "Road Trips Full Show: Spectrum 11/5/79",
      "description": "Complete concert recorded November 5, 1979 at the Spectrum, Philadelphia – officially released as download only.",
      "tags": [
        "road-trips",
        "full-show",
        "official",
        "live",
        "digital"
      ],
      "show_selector": {
        "dates": [
          "1979-11-05"
        ]
      },
      "show_ids": [
        "1979-11-05-the-spectrum-philadelphia-pa-usa"
      ],
      "total_shows": 1
    },
    {
      "id": "road-trips-full-show-1979-11-06",
      "name": "Road Trips Full Show: Spectrum 11/6/79",
      "description": "Complete concert recorded November 6, 1979 at the Spectrum, Philadelphia – officially released as download only.",
      "tags": [
        "road-trips",
        "full-show",
        "official",
        "live",
        "digital"
      ],
      "show_selector": {
        "dates": [
          "1979-11-06"
        ]
      },
      "show_ids": [
        "1979-11-06-the-spectrum-philadelphia-pa-usa"
      ],
      "total_shows": 1
    },
    {
      "id": "guest-branford-marsalis",
      "name": "Branford Marsalis Guest Shows",
      "description": "Shows featuring saxophonist Branford Marsalis sitting in live with the Grateful Dead (1990–1994).",
      "tags": [
        "guest",
        "branford-marsalis",
        "official",
        "live"
      ],
      "show_selector": {
        "dates": [
          "1990-03-29",
          "1990-12-31",
          "1991-09-25",
          "1993-12-10",
          "1994-12-16"
        ]
      },
      "show_ids": [
        "1990-03-29-nassau-coliseum-uniondale-ny-usa",
        "1990-12-31-oakland-alameda-county-coliseum-oakland-ca-usa",
        "1991-09-25-boston-garden-boston-ma-usa",
        "1993-12-10-sports-arena-los-angeles-ca-usa",
        "1994-12-16-sports-arena-los-angeles-ca-usa"
      ],
      "total_shows": 5
    },
    {
      "id": "guest-ornette-coleman",
      "name": "Ornette Coleman Guest Shows",
      "description": "Shows featuring jazz legend Ornette Coleman sitting in with the Grateful Dead (1993).",
      "tags": [
        "guest",
        "ornette-coleman",
        "official",
        "live"
      ],
      "show_selector": {
        "dates": [
          "1993-02-23"
        ]
      },
      "show_ids": [
        "1993-02-23-oakland-alameda-county-coliseum-oakland-ca-usa"
      ],
      "total_shows": 1
    },
    {
      "id": "guest-allman-brothers",
      "name": "Duane Allman Guest Shows",
      "description": "Shows featuring Duane Allman sitting in with the Grateful Dead (1970).",
      "tags": [
        "guest",
        "duane-allman",
        "official",
        "live"
      ],
      "show_selector": {
        "dates": [
          "1970-02-11"
        ]
      },
      "show_ids": [
        "1970-02-11-fillmore-east-new-york-ny-usa",
        "1970-02-11-fillmore-east-new-york-ny-usa-early-show"
      ],
      "total_shows": 2
    },
    {
      "id": "guest-beach-boys",
      "name": "The Beach Boys Guest Show",
      "description": "The Beach Boys performing live onstage with the Grateful Dead (April 1971).",
      "tags": [
        "guest",
        "beach-boys",
        "official",
        "live"
      ],
      "show_selector": {
        "dates": [
          "1971-04-27"
        ]
      },
      "show_ids": [
        "1971-04-27-fillmore-east-new-york-ny-usa"
      ],
      "total_shows": 1
    },
    {
      "id": "guest-spencer-davis-dylan-kitaro",
      "name": "Spencer Davis, Bob Dylan & Kitaro Guest Show",
      "description": "Show at The Forum in Inglewood, CA (Feb 12, 1989) featuring Spencer Davis, Bob Dylan, and Kitaro on stage with the Grateful Dead.",
      "tags": [
        "guest",
        "bob-dylan",
        "spencer-davis",
        "kitaro",
        "official",
        "live"
      ],
      "show_selector": {
        "dates": [
          "1989-02-12"
        ]
      },
      "show_ids": [
        "1989-02-12-great-western-la-forum-inglewood-ca-usa"
      ],
      "total_shows": 1
    },
    {
      "id": "guest-joan-baez",
      "name": "Joan Baez Guest Shows",
      "description": "Grateful Dead shows featuring Joan Baez joining the band onstage, particularly during the early 1980s.",
      "tags": [
        "guest",
        "joan-baez",
        "official",
        "live"
      ],
      "show_selector": {
        "dates": [
          "1981-12-12"
        ]
      },
      "show_ids": [
        "1981-12-12-fiesta-hall-san-mateo-county-fairgrounds-san-mateo-ca-usa"
      ],
      "total_shows": 1
    },
    {
      "id": "guest-etta-james",
      "name": "Etta James & Tower of Power Guest Shows",
      "description": "Special New Year’s Eve show featuring Etta James and Tower of Power with the Grateful Dead.",
      "tags": [
        "guest",
        "etta-james",
        "tower-of-power",
        "official",
        "live"
      ],
      "show_selector": {
        "dates": [
          "1982-12-31"
        ]
      },
      "show_ids": [
        "1982-12-31-oakland-auditorium-arena-oakland-ca-usa"
      ],
      "total_shows": 1
    },
    {
      "id": "guest-janis-joplin",
      "name": "Janis Joplin Guest Shows",
      "description": "Historic sit-ins by Janis Joplin with the Grateful Dead in the late 1960s.",
      "tags": [
        "guest",
        "janis-joplin",
        "official",
        "live"
      ],
      "show_selector": {
        "dates": [
          "1969-06-07"
        ]
      },
      "show_ids": [
        "1969-06-07-fillmore-west-san-francisco-ca-usa"
      ],
      "total_shows": 1
    },
    {
      "id": "guest-carlos-santana",
      "name": "Carlos Santana Guest Shows",
      "description": "Carlos Santana joined the Grateful Dead for some scorching jams, blending Latin rock and psychedelia.",
      "tags": [
        "guest",
        "carlos-santana",
        "official",
        "live"
      ],
      "show_selector": {
        "dates": [
          "1988-07-16"
        ]
      },
      "show_ids": [
        "1988-07-16-greek-theatre-berkeley-ca"
      ],
      "total_shows": 1
    },
    {
      "id": "europe-72-complete-recordings",
      "name": "Europe ’72: The Complete Recordings",
      "description": "Complete recordings of the Grateful Dead’s entire Europe ’72 spring tour, officially collected in the box set covering 22 concerts from April 7 through May 26, 1972.",
      "tags": [
        "box-set",
        "official",
        "live",
        "europe-72",
        "1972",
        "tour"
      ],
      "show_selector": {
        "dates": [
          "1972-04-07",
          "1972-04-08",
          "1972-04-11",
          "1972-04-14",
          "1972-04-16",
          "1972-04-17",
          "1972-04-21",
          "1972-04-24",
          "1972-04-26",
          "1972-04-29",
          "1972-05-03",
          "1972-05-04",
          "1972-05-07",
          "1972-05-10",
          "1972-05-11",
          "1972-05-13",
          "1972-05-16",
          "1972-05-18",
          "1972-05-23",
          "1972-05-24",
          "1972-05-25",
          "1972-05-26"
        ]
      },
      "show_ids": [
        "1972-04-07-wembley-empire-pool-london-england",
        "1972-04-08-wembley-empire-pool-london-england",
        "1972-04-11-newcastle-city-hall-newcastle-england",
        "1972-04-14-tivoli-theater-copenhagen-denmark",
        "1972-04-16-aarhus-u-aarhus-denmark",
        "1972-04-17-tivoli-gardens-copenhagen-denmark",
        "1972-04-21-beat-club-bremen-germany",
        "1972-04-24-rheinhalle-duesseldorf-germany",
        "1972-04-26-jahrhundert-halle-frankfurt-germany",
        "1972-04-29-musikhalle-hamburg-hamburg",
        "1972-05-03-olympia-theater-paris-france",
        "1972-05-04-olympia-theater-paris-france",
        "1972-05-07-bickershaw-festival-wigan-england",
        "1972-05-10-concertgebouw-amsterdam-netherlands",
        "1972-05-11-rotterdam-civic-hall-rotterdam-netherlands",
        "1972-05-13-lille-fairgrounds-lille-france",
        "1972-05-16-studio-du-grand-theatre-luxembourg-luxembourg",
        "1972-05-18-kongressaal-deutsches-museum-muenchen-germany",
        "1972-05-23-the-strand-lyceum-london-england",
        "1972-05-24-the-strand-lyceum-london-england",
        "1972-05-25-the-strand-lyceum-london-england",
        "1972-05-26-the-strand-lyceum-london-england"
      ],
      "total_shows": 22
    },
    {
      "id": "fillmore-west-1969-complete-recordings",
      "name": "Fillmore West 1969: The Complete Recordings",
      "description": "Complete recordings of the Grateful Dead’s legendary four-night run at Fillmore West, from February 27 to March 2, 1969.",
      "tags": [
        "box-set",
        "official",
        "live",
        "fillmore-west",
        "1969"
      ],
      "show_selector": {
        "dates": [
          "1969-02-27",
          "1969-02-28",
          "1969-03-01",
          "1969-03-02"
        ]
      },
      "show_ids": [
        "1969-02-27-fillmore-west-san-francisco-ca-usa",
        "1969-02-28-fillmore-west-san-francisco-ca-usa",
        "1969-03-01-fillmore-west-san-francisco-ca-usa",
        "1969-03-02-fillmore-west-san-francisco-ca-usa"
      ],
      "total_shows": 4
    },
    {
      "id": "pacific-northwest-73-74-complete-recordings",
      "name": "Pacific Northwest ’73–’74: The Complete Recordings",
      "description": "Six complete concerts from the Pacific Northwest (Vancouver, Seattle, Portland) from 1973 and 1974, officially released as a live box set.",
      "tags": [
        "box-set",
        "official",
        "live",
        "pacific-northwest",
        "1973",
        "1974"
      ],
      "show_selector": {
        "dates": [
          "1973-06-22",
          "1973-06-24",
          "1973-06-26",
          "1974-05-17",
          "1974-05-19",
          "1974-05-21"
        ]
      },
      "show_ids": [
        "1973-06-22-p-n-e-coliseum-vancouver-british-columbia-canada",
        "1973-06-24-portland-memorial-coliseum-portland-or-usa",
        "1973-06-26-seattle-center-arena-seattle-wa-usa",
        "1974-05-17-p-n-e-coliseum-vancouver-british-columbia-canada",
        "1974-05-19-portland-memorial-coliseum-portland-or-usa",
        "1974-05-21-edmundson-pavilion-u-of-washington-seattle-wa-usa"
      ],
      "total_shows": 6
    },
    {
      "id": "may-1977-get-shown-the-light",
      "name": "May 1977: Get Shown the Light",
      "description": "Official box set containing four consecutive complete shows from May 1977 (New Haven, Boston, Ithaca, Buffalo).",
      "tags": [
        "box-set",
        "official",
        "live",
        "1977",
        "may-1977"
      ],
      "show_selector": {
        "dates": [
          "1977-05-05",
          "1977-05-07",
          "1977-05-08",
          "1977-05-09"
        ]
      },
      "show_ids": [
        "1977-05-05-veterans-memorial-coliseum-new-haven-ct-usa",
        "1977-05-07-boston-garden-boston-ma-usa",
        "1977-05-08-barton-hall-cornell-u-ithaca-ny-usa",
        "1977-05-09-community-war-memorial-auditorium-buffalo-ny-usa"
      ],
      "total_shows": 4
    },
    {
      "id": "winterland-1973-complete-recordings",
      "name": "Winterland 1973: The Complete Recordings",
      "description": "Official box set featuring the full three-night Winterland run on November 9–11, 1973, plus the bonus Cincinnati Gardens show recorded December 4, 1973.",
      "tags": [
        "box-set",
        "official",
        "live",
        "winterland",
        "1973"
      ],
      "show_selector": {
        "dates": [
          "1973-11-09",
          "1973-11-10",
          "1973-11-11",
          "1973-12-04"
        ]
      },
      "show_ids": [
        "1973-11-09-winterland-arena-san-francisco-ca-usa",
        "1973-11-10-winterland-arena-san-francisco-ca-usa",
        "1973-11-11-winterland-arena-san-francisco-ca-usa",
        "1973-12-04-cincinnati-gardens-cincinnati-oh-usa"
      ],
      "total_shows": 4
    },
    {
      "id": "enjoying-the-ride",
      "name": "Enjoying the Ride (60‑Disc Live Box Set)",
      "description": "Live‑only release featuring 20 shows recorded between 1969 and 1994, officially curated for the band's 60th anniversary; 17 shows are complete concerts, the remaining 3 compiled from multiple nights at key venues.",
      "tags": [
        "box-set",
        "official",
        "live",
        "anniversary",
        "1969‑1994"
      ],
      "show_selector": {
        "dates": [
          "1969-04-05",
          "1969-06-05",
          "1969-06-07",
          "1969-06-08",
          "1971-02-24",
          "1971-02-20",
          "1971-04-25",
          "1971-04-27",
          "1972-09-15",
          "1972-09-16",
          "1973-03-16",
          "1977-03-20",
          "1978-05-13",
          "1979-08-12",
          "1980-08-23",
          "1981-07-11",
          "1981-03-14",
          "1981-05-01",
          "1983-08-20",
          "1984-07-13",
          "1985-11-21",
          "1985-11-22",
          "1987-09-16",
          "1989-07-15",
          "1989-12-27",
          "1991-05-12",
          "1993-03-17",
          "1982-09-15",
          "1994-10-03"
        ]
      },
      "show_ids": [
        "1969-04-05-avalon-ballroom-san-francisco-ca-usa",
        "1969-06-05-fillmore-west-san-francisco-ca-usa",
        "1969-06-07-fillmore-west-san-francisco-ca-usa",
        "1969-06-08-fillmore-west-san-francisco-ca-usa",
        "1971-02-20-capitol-theater-port-chester-ny-usa",
        "1971-02-24-capitol-theater-port-chester-ny-usa",
        "1971-04-25-fillmore-east-new-york-ny-usa",
        "1971-04-27-fillmore-east-new-york-ny-usa",
        "1972-09-15-boston-music-hall-boston-ma-usa",
        "1972-09-16-boston-music-hall-boston-ma-usa",
        "1973-03-16-nassau-coliseum-uniondale-ny-usa",
        "1977-03-20-winterland-arena-san-francisco-ca-usa",
        "1978-05-13-the-spectrum-philadelphia-pa-usa",
        "1979-08-12-red-rocks-amphitheatre-morrison-co-usa",
        "1980-08-23-alpine-valley-music-theatre-east-troy-wi-usa",
        "1981-03-14-veterans-memorial-coliseum-hartford-ct-usa",
        "1981-05-01-hampton-coliseum-hampton-va-usa",
        "1981-07-11-alpine-valley-music-theatre-east-troy-wi-usa",
        "1982-09-15-capitol-centre-landover-md-usa",
        "1983-08-20-frost-amphitheatre-palo-alto-ca-usa",
        "1984-07-13-greek-theatre-berkeley-ca",
        "1985-11-21-henry-j-kaiser-convention-center-oakland-ca-usa",
        "1985-11-22-henry-j-kaiser-convention-center-oakland-ca-usa",
        "1987-09-16-madison-square-garden-new-york-ny-usa",
        "1989-07-15-deer-creek-music-center-noblesville-in-usa",
        "1989-12-27-oakland-alameda-county-coliseum-oakland-ca-usa",
        "1991-05-12-shoreline-amphitheatre-mountain-view-ca-usa",
        "1993-03-17-capitol-centre-landover-md-usa",
        "1994-10-03-boston-garden-boston-ma-usa"
      ],
      "total_shows": 29
    },
    {
      "id": "here-comes-sunshine-1973",
      "name": "Here Comes Sunshine 1973",
      "description": "Live‑only box set featuring five complete concerts recorded May 13 – June 10, 1973.",
      "tags": [
        "box-set",
        "official",
        "live",
        "1973"
      ],
      "show_selector": {
        "dates": [
          "1973-05-13",
          "1973-05-20",
          "1973-05-26",
          "1973-06-09",
          "1973-06-10"
        ]
      },
      "show_ids": [
        "1973-05-13-des-moines-state-fairgrounds-des-moines-ia-usa",
        "1973-05-20-stadium-uc-santa-barbara-santa-barbara-ca-usa",
        "1973-05-26-kezar-stadium-san-francisco-ca-usa",
        "1973-06-09-robert-f-kennedy-stadium-washington-dc-usa",
        "1973-06-10-robert-f-kennedy-stadium-washington-dc-usa"
      ],
      "total_shows": 5
    },
    {
      "id": "in-out-of-the-garden-msg-81-83",
      "name": "In and Out of the Garden: Madison Square Garden ’81, ’82, ’83",
      "description": "Live‑only box set containing six complete concerts from Madison Square Garden: 1981, 1982 & 1983 runs.",
      "tags": [
        "box-set",
        "official",
        "live",
        "MSG",
        "1981",
        "1982",
        "1983"
      ],
      "show_selector": {
        "dates": [
          "1981-03-09",
          "1981-03-10",
          "1982-09-20",
          "1982-09-21",
          "1983-10-11",
          "1983-10-12"
        ]
      },
      "show_ids": [
        "1981-03-09-madison-square-garden-new-york-ny-usa",
        "1981-03-10-madison-square-garden-new-york-ny-usa",
        "1982-09-20-madison-square-garden-new-york-ny-usa",
        "1982-09-21-madison-square-garden-new-york-ny-usa",
        "1983-10-11-madison-square-garden-new-york-ny-usa",
        "1983-10-12-madison-square-garden-new-york-ny-usa"
      ],
      "total_shows": 6
    },
    {
      "id": "july-1978-complete-recordings",
      "name": "July 1978: The Complete Recordings",
      "description": "Official box set featuring five complete concerts from July 1978, including shows at Arrowhead Stadium, Red Rocks, Omaha, and St. Paul.",
      "tags": [
        "box-set",
        "official",
        "live",
        "1978",
        "july-1978"
      ],
      "show_selector": {
        "dates": [
          "1978-07-01",
          "1978-07-03",
          "1978-07-05",
          "1978-07-07",
          "1978-07-08"
        ]
      },
      "show_ids": [
        "1978-07-01-arrowhead-stadium-kansas-city-mo-usa",
        "1978-07-03-st-paul-civic-center-st-paul-mn-usa",
        "1978-07-05-omaha-civic-auditorium-omaha-ne-usa",
        "1978-07-07-red-rocks-amphitheatre-morrison-co-usa",
        "1978-07-08-red-rocks-amphitheatre-morrison-co-usa"
      ],
      "total_shows": 5
    },
    {
      "id": "friend-of-the-devils-april-1978",
      "name": "Friend of the Devils: April 1978",
      "description": "Live-only box set containing eight complete April 1978 concerts from the southeastern U.S. tour.",
      "tags": [
        "box-set",
        "official",
        "live",
        "1978",
        "april-1978"
      ],
      "show_selector": {
        "dates": [
          "1978-04-06",
          "1978-04-07",
          "1978-04-08",
          "1978-04-10",
          "1978-04-11",
          "1978-04-12",
          "1978-04-14",
          "1978-04-16"
        ]
      },
      "show_ids": [
        "1978-04-06-curtis-hixon-convention-hall-tampa-fl-usa",
        "1978-04-07-the-sportatorium-pembroke-pines-fl-usa",
        "1978-04-08-veterans-memorial-coliseum-jacksonville-fl-usa",
        "1978-04-10-fox-theater-atlanta-ga-usa",
        "1978-04-11-fox-theater-atlanta-ga-usa",
        "1978-04-12-cameron-indoor-stadium-duke-u-durham-nc-usa",
        "1978-04-14-cassell-coliseum-virginia-polytechnic-u-blacksburg-va-usa",
        "1978-04-16-huntington-civic-center-huntington-wv-usa"
      ],
      "total_shows": 8
    },
    {
      "id": "winterland-june-1977-complete-recordings",
      "name": "Winterland June 1977: The Complete Recordings",
      "description": "Official box set of six complete concerts at Winterland Ballroom from June 10 to June 19, 1977.",
      "tags": [
        "box-set",
        "official",
        "live",
        "winterland",
        "1977",
        "june-1977"
      ],
      "show_selector": {
        "dates": [
          "1977-06-07",
          "1977-06-08",
          "1977-06-09"
        ]
      },
      "show_ids": [
        "1977-06-07-winterland-arena-san-francisco-ca-usa",
        "1977-06-08-winterland-arena-san-francisco-ca-usa",
        "1977-06-09-winterland-arena-san-francisco-ca-usa"
      ],
      "total_shows": 3
    },
    {
      "id": "rockin-the-rhein-1972-complete-recordings",
      "name": "Rockin’ the Rhein with the Grateful Dead: The Complete Recordings",
      "description": "Official box set featuring five complete concerts from October 1972 in Europe.",
      "tags": [
        "box-set",
        "official",
        "live",
        "1972",
        "europe",
        "rhein"
      ],
      "show_selector": {
        "dates": [
          "1972-10-21",
          "1972-10-22",
          "1972-10-24",
          "1972-10-25",
          "1972-10-26"
        ]
      },
      "show_ids": [
        "1972-10-21-vanderbilt-u-nashville-tn-usa",
        "1972-10-24-milwaukee-performing-arts-center-milwaukee-wi-usa",
        "1972-10-26-cincinnati-music-hall-cincinnati-oh-usa"
      ],
      "total_shows": 3
    },
    {
      "id": "fillmore-east-1970-complete-recordings",
      "name": "Fillmore East 1970: The Complete Recordings",
      "description": "Complete recordings of six shows from the Fillmore East in March 1970.",
      "tags": [
        "box-set",
        "official",
        "live",
        "fillmore-east",
        "1970"
      ],
      "show_selector": {
        "dates": [
          "1970-03-18",
          "1970-03-19",
          "1970-03-20",
          "1970-03-21",
          "1970-03-22",
          "1970-03-23"
        ]
      },
      "show_ids": [
        "1970-03-20-capitol-theater-port-chester-ny-usa",
        "1970-03-20-capitol-theater-port-chester-ny-usa-early-show",
        "1970-03-21-capitol-theater-port-chester-ny-usa",
        "1970-03-21-capitol-theater-port-chester-ny-usa-early-show"
      ],
      "total_shows": 4
    },
    {
      "id": "sunshine-daydream-veneta-1972",
      "name": "Sunshine Daydream (Veneta, Oregon 1972)",
      "description": "Official release of the complete August 27, 1972 show recorded outdoors in Veneta, Oregon.",
      "tags": [
        "box-set",
        "official",
        "live",
        "1972",
        "veneta"
      ],
      "show_selector": {
        "dates": [
          "1972-08-27"
        ]
      },
      "show_ids": [
        "1972-08-27-old-renaissance-faire-grounds-veneta-or-usa"
      ],
      "total_shows": 1
    },
    {
      "id": "boston-music-hall-1972",
      "name": "Boston Music Hall 1972",
      "description": "Complete recording of the Grateful Dead’s May 10, 1972 concert at Boston Music Hall.",
      "tags": [
        "official",
        "live",
        "1972",
        "boston",
        "show"
      ],
      "show_selector": {
        "dates": [
          "1972-05-10"
        ]
      },
      "show_ids": [
        "1972-05-10-concertgebouw-amsterdam-netherlands"
      ],
      "total_shows": 1
    },
    {
      "id": "closing-of-winterland-1978",
      "name": "The Closing of Winterland",
      "description": "Official 4-CD box set capturing the final Grateful Dead performance at Winterland Ballroom on December 31, 1978, featuring special guests and historic moments.",
      "tags": [
        "box-set",
        "official",
        "live",
        "winterland",
        "1978",
        "new-years-eve"
      ],
      "show_selector": {
        "dates": [
          "1978-12-31"
        ]
      },
      "show_ids": [
        "1978-12-31-winterland-arena-san-francisco-ca-usa"
      ],
      "total_shows": 1
    },
    {
      "id": "official-picks-dicks",
      "name": "Dick's Picks Vol. 1–36",
      "type": "release_series",
      "show_selector": {
        "kind": "show_list",
        "dates": [
          "1973-12-19",
          "1971-10-31",
          "1977-05-22",
          "1970-02-13",
          "1970-02-14",
          "1979-12-26",
          "1983-10-14",
          "1974-09-09",
          "1974-09-10",
          "1974-09-11",
          "1970-05-02",
          "1990-09-16",
          "1977-12-29",
          "1972-09-27",
          "1974-06-26",
          "1974-06-28",
          "1981-05-06",
          "1973-11-30",
          "1973-12-02",
          "1977-09-03",
          "1969-11-08",
          "1991-09-25",
          "1978-02-03",
          "1978-02-04",
          "1978-02-05",
          "1973-10-19",
          "1976-09-25",
          "1976-09-28",
          "1985-11-01",
          "1968-02-23",
          "1968-02-24",
          "1972-09-17",
          "1974-03-23",
          "1978-05-10",
          "1978-05-11",
          "1969-04-26",
          "1969-04-27",
          "1992-12-16",
          "1973-02-26",
          "1973-02-28",
          "1977-05-19",
          "1977-05-21",
          "1972-03-25",
          "1972-03-28",
          "1974-08-04",
          "1974-08-05",
          "1974-08-06",
          "1982-08-07",
          "1976-10-09",
          "1976-10-10",
          "1977-11-05",
          "1971-08-07",
          "1971-08-24",
          "1972-09-21"
        ]
      },
      "description": "Complete list of shows released as Dick’s Picks Volumes 1–36.",
      "tags": [
        "official-release",
        "archive",
        "dick's-picks"
      ],
      "show_ids": [
        "1968-02-23-kings-beach-bowl-lake-tahoe-ca-usa",
        "1968-02-24-kings-beach-bowl-lake-tahoe-ca-usa",
        "1969-04-26-electric-theater-chicago-il-usa",
        "1969-04-27-labor-temple-minneapolis-mn-usa",
        "1969-11-08-fillmore-auditorium-san-francisco-ca-usa",
        "1970-02-13-fillmore-east-new-york-ny-usa",
        "1970-02-13-fillmore-east-new-york-ny-usa-early-show",
        "1970-02-14-fillmore-east-new-york-ny-usa",
        "1970-02-14-fillmore-east-new-york-ny-usa-early-show",
        "1970-05-02-harpur-college-binghamton-ny-usa",
        "1971-08-07-san-diego-community-concorse-san-diego-ca-usa",
        "1971-08-24-auditorium-theatre-chicago-il-usa",
        "1971-10-31-ohio-theatre-columbus-oh-usa",
        "1972-03-25-academy-of-music-new-york-ny-usa",
        "1972-03-28-academy-of-music-new-york-ny-usa",
        "1972-09-17-baltimore-civic-center-baltimore-md-usa",
        "1972-09-21-the-spectrum-philadelphia-pa-usa",
        "1972-09-27-stanley-theatre-jersey-city-nj-usa",
        "1973-02-26-pershing-municipal-auditorium-lincoln-ne-usa",
        "1973-02-28-salt-palace-salt-lake-city-ut-usa",
        "1973-10-19-oklahoma-city-fairgrounds-arena-oklahoma-city-ok-usa",
        "1973-11-30-boston-music-hall-boston-ma-usa",
        "1973-12-02-boston-music-hall-boston-ma-usa",
        "1973-12-19-curtis-hixon-convention-hall-tampa-fl-usa",
        "1974-03-23-cow-palace-daly-city-ca-usa",
        "1974-06-26-providence-civic-center-providence-ri-usa",
        "1974-06-28-boston-garden-boston-ma-usa",
        "1974-08-04-philadelphia-civic-arena-philadelphia-pa-usa",
        "1974-08-05-philadelphia-civic-arena-philadelphia-pa-usa",
        "1974-08-06-roosevelt-stadium-jersey-city-nj-usa",
        "1974-09-09-alexandra-palace-london-england",
        "1974-09-10-alexandra-palace-london-england",
        "1974-09-11-alexandra-palace-london-england",
        "1976-09-25-capitol-centre-landover-md-usa",
        "1976-09-28-onondaga-county-war-memorial-syracuse-ny-usa",
        "1976-10-09-oakland-alameda-county-stadium-oakland-ca-usa",
        "1976-10-10-oakland-alameda-county-stadium-oakland-ca-usa",
        "1977-05-19-fox-theater-atlanta-ga-usa",
        "1977-05-21-lakeland-civic-center-lakeland-fl-usa",
        "1977-05-22-the-sportatorium-pembroke-pines-fl-usa",
        "1977-09-03-raceway-park-englishtown-nj-usa",
        "1977-11-05-community-war-memorial-auditorium-rochester-ny-usa",
        "1977-12-29-winterland-arena-san-francisco-ca-usa",
        "1978-02-03-dane-county-coliseum-madison-wi-usa",
        "1978-02-04-milwaukee-auditorium-milwaukee-wi-usa",
        "1978-02-05-uni-dome-u-of-northern-iowa-cedar-falls-ia-usa",
        "1978-05-10-veterans-memorial-coliseum-new-haven-ct-usa",
        "1978-05-11-springfield-civic-center-springfield-ma-usa",
        "1979-12-26-oakland-auditorium-arena-oakland-ca-usa",
        "1981-05-06-nassau-coliseum-uniondale-ny-usa",
        "1982-08-07-alpine-valley-music-theatre-east-troy-wi-usa",
        "1983-10-14-hartford-civic-center-hartford-ct-usa",
        "1985-11-01-richmond-coliseum-richmond-va-usa",
        "1990-09-16-madison-square-garden-new-york-ny-usa",
        "1991-09-25-boston-garden-boston-ma-usa",
        "1992-12-16-oakland-alameda-county-coliseum-oakland-ca-usa"
      ],
      "total_shows": 56
    },
    {
      "id": "dicks-picks-vol-1",
      "name": "Dick's Picks, Volume 1: Tampa, Florida 12/19/73",
      "description": "Official Dick's Picks release — Tampa, Florida 12/19/73",
      "tags": [
        "dicks-picks",
        "official",
        "live"
      ],
      "show_selector": {
        "dates": [
          "1973-12-19"
        ]
      },
      "show_ids": [
        "1973-12-19-curtis-hixon-convention-hall-tampa-fl-usa"
      ],
      "total_shows": 1
    },
    {
      "id": "dicks-picks-vol-2",
      "name": "Dick's Picks, Volume 2: Columbus, Ohio 10/31/71",
      "description": "Official Dick's Picks release — Columbus, Ohio 10/31/71",
      "tags": [
        "dicks-picks",
        "official",
        "live"
      ],
      "show_selector": {
        "dates": [
          "1971-10-31"
        ]
      },
      "show_ids": [
        "1971-10-31-ohio-theatre-columbus-oh-usa"
      ],
      "total_shows": 1
    },
    {
      "id": "dicks-picks-vol-3",
      "name": "Dick's Picks, Volume 3: Pembroke Pines, Florida 5/22/77",
      "description": "Official Dick's Picks release — Pembroke Pines, Florida 5/22/77",
      "tags": [
        "dicks-picks",
        "official",
        "live"
      ],
      "show_selector": {
        "dates": [
          "1977-05-22"
        ]
      },
      "show_ids": [
        "1977-05-22-the-sportatorium-pembroke-pines-fl-usa"
      ],
      "total_shows": 1
    },
    {
      "id": "dicks-picks-vol-4",
      "name": "Dick's Picks, Volume 4: Fillmore East 2/13/70 & 2/14/70",
      "description": "Official Dick's Picks release — Fillmore East 2/13/70 & 2/14/70",
      "tags": [
        "dicks-picks",
        "official",
        "live"
      ],
      "show_selector": {
        "dates": [
          "1970-02-13",
          "1970-02-14"
        ]
      },
      "show_ids": [
        "1970-02-13-fillmore-east-new-york-ny-usa",
        "1970-02-13-fillmore-east-new-york-ny-usa-early-show",
        "1970-02-14-fillmore-east-new-york-ny-usa",
        "1970-02-14-fillmore-east-new-york-ny-usa-early-show"
      ],
      "total_shows": 4
    },
    {
      "id": "dicks-picks-vol-5",
      "name": "Dick's Picks, Volume 5: Oakland Auditorium Arena 12/26/79",
      "description": "Official Dick's Picks release — Oakland Auditorium Arena 12/26/79",
      "tags": [
        "dicks-picks",
        "official",
        "live"
      ],
      "show_selector": {
        "dates": [
          "1979-12-26"
        ]
      },
      "show_ids": [
        "1979-12-26-oakland-auditorium-arena-oakland-ca-usa"
      ],
      "total_shows": 1
    },
    {
      "id": "dicks-picks-vol-6",
      "name": "Dick's Picks, Volume 6: Hartford Civic Center 10/14/83",
      "description": "Official Dick's Picks release — Hartford Civic Center 10/14/83",
      "tags": [
        "dicks-picks",
        "official",
        "live"
      ],
      "show_selector": {
        "dates": [
          "1983-10-14"
        ]
      },
      "show_ids": [
        "1983-10-14-hartford-civic-center-hartford-ct-usa"
      ],
      "total_shows": 1
    },
    {
      "id": "dicks-picks-vol-7",
      "name": "Dick's Picks, Volume 7: Alexandra Palace, London, England September 1974",
      "description": "Official Dick's Picks release — Alexandra Palace, London, England September 1974",
      "tags": [
        "dicks-picks",
        "official",
        "live"
      ],
      "show_selector": {
        "dates": [
          "1974-09-09",
          "1974-09-10",
          "1974-09-11"
        ]
      },
      "show_ids": [
        "1974-09-09-alexandra-palace-london-england",
        "1974-09-10-alexandra-palace-london-england",
        "1974-09-11-alexandra-palace-london-england"
      ],
      "total_shows": 3
    },
    {
      "id": "dicks-picks-vol-8",
      "name": "Dick's Picks, Volume 8: Harpur College, Binghamton, NY 5/2/70",
      "description": "Official Dick's Picks release — Harpur College, Binghamton, NY 5/2/70",
      "tags": [
        "dicks-picks",
        "official",
        "live"
      ],
      "show_selector": {
        "dates": [
          "1970-05-02"
        ]
      },
      "show_ids": [
        "1970-05-02-harpur-college-binghamton-ny-usa"
      ],
      "total_shows": 1
    },
    {
      "id": "dicks-picks-vol-9",
      "name": "Dick's Picks, Volume 9: Madison Square Garden 9/16/90",
      "description": "Official Dick's Picks release — Madison Square Garden 9/16/90",
      "tags": [
        "dicks-picks",
        "official",
        "live"
      ],
      "show_selector": {
        "dates": [
          "1990-09-16"
        ]
      },
      "show_ids": [
        "1990-09-16-madison-square-garden-new-york-ny-usa"
      ],
      "total_shows": 1
    },
    {
      "id": "dicks-picks-vol-10",
      "name": "Dick's Picks, Volume 10: Winterland Arena 12/29/77",
      "description": "Official Dick's Picks release — Winterland Arena 12/29/77",
      "tags": [
        "dicks-picks",
        "official",
        "live"
      ],
      "show_selector": {
        "dates": [
          "1977-12-29"
        ]
      },
      "show_ids": [
        "1977-12-29-winterland-arena-san-francisco-ca-usa"
      ],
      "total_shows": 1
    },
    {
      "id": "dicks-picks-vol-11",
      "name": "Dick's Picks, Volume 11: Stanley Theater 9/27/72",
      "description": "Official Dick's Picks release — Stanley Theater 9/27/72",
      "tags": [
        "dicks-picks",
        "official",
        "live"
      ],
      "show_selector": {
        "dates": [
          "1972-09-27"
        ]
      },
      "show_ids": [
        "1972-09-27-stanley-theatre-jersey-city-nj-usa"
      ],
      "total_shows": 1
    },
    {
      "id": "dicks-picks-vol-12",
      "name": "Dick's Picks, Volume 12: Providence Civic 6/26/74 & Boston Garden 6/28/74",
      "description": "Official Dick's Picks release — Providence Civic 6/26/74 & Boston Garden 6/28/74",
      "tags": [
        "dicks-picks",
        "official",
        "live"
      ],
      "show_selector": {
        "dates": [
          "1974-06-26",
          "1974-06-28"
        ]
      },
      "show_ids": [
        "1974-06-26-providence-civic-center-providence-ri-usa",
        "1974-06-28-boston-garden-boston-ma-usa"
      ],
      "total_shows": 2
    },
    {
      "id": "dicks-picks-vol-13",
      "name": "Dick's Picks, Volume 13: Nassau Coliseum 5/6/81",
      "description": "Official Dick's Picks release — Nassau Coliseum 5/6/81",
      "tags": [
        "dicks-picks",
        "official",
        "live"
      ],
      "show_selector": {
        "dates": [
          "1981-05-06"
        ]
      },
      "show_ids": [
        "1981-05-06-nassau-coliseum-uniondale-ny-usa"
      ],
      "total_shows": 1
    },
    {
      "id": "dicks-picks-vol-14",
      "name": "Dick's Picks, Volume 14: Boston Music Hall 11/30/73 & 12/2/73",
      "description": "Official Dick's Picks release — Boston Music Hall 11/30/73 & 12/2/73",
      "tags": [
        "dicks-picks",
        "official",
        "live"
      ],
      "show_selector": {
        "dates": [
          "1973-11-30",
          "1973-12-02"
        ]
      },
      "show_ids": [
        "1973-11-30-boston-music-hall-boston-ma-usa",
        "1973-12-02-boston-music-hall-boston-ma-usa"
      ],
      "total_shows": 2
    },
    {
      "id": "dicks-picks-vol-15",
      "name": "Dick's Picks, Volume 15: Englishtown, NJ 9/3/77",
      "description": "Official Dick's Picks release — Englishtown, NJ 9/3/77",
      "tags": [
        "dicks-picks",
        "official",
        "live"
      ],
      "show_selector": {
        "dates": [
          "1977-09-03"
        ]
      },
      "show_ids": [
        "1977-09-03-raceway-park-englishtown-nj-usa"
      ],
      "total_shows": 1
    },
    {
      "id": "dicks-picks-vol-16",
      "name": "Dick's Picks, Volume 16: Fillmore Auditorium 11/8/69",
      "description": "Official Dick's Picks release — Fillmore Auditorium 11/8/69",
      "tags": [
        "dicks-picks",
        "official",
        "live"
      ],
      "show_selector": {
        "dates": [
          "1969-11-08"
        ]
      },
      "show_ids": [
        "1969-11-08-fillmore-auditorium-san-francisco-ca-usa"
      ],
      "total_shows": 1
    },
    {
      "id": "dicks-picks-vol-17",
      "name": "Dick's Picks, Volume 17: Boston Garden 9/25/91",
      "description": "Official Dick's Picks release — Boston Garden 9/25/91",
      "tags": [
        "dicks-picks",
        "official",
        "live"
      ],
      "show_selector": {
        "dates": [
          "1991-09-25"
        ]
      },
      "show_ids": [
        "1991-09-25-boston-garden-boston-ma-usa"
      ],
      "total_shows": 1
    },
    {
      "id": "dicks-picks-vol-18",
      "name": "Dick's Picks, Volume 18: Dane County Coliseum 2/3/78 & UNI Dome 2/5/78",
      "description": "Official Dick's Picks release — Dane County Coliseum 2/3/78 & UNI Dome 2/5/78",
      "tags": [
        "dicks-picks",
        "official",
        "live"
      ],
      "show_selector": {
        "dates": [
          "1978-02-03",
          "1978-02-05"
        ]
      },
      "show_ids": [
        "1978-02-03-dane-county-coliseum-madison-wi-usa",
        "1978-02-05-uni-dome-u-of-northern-iowa-cedar-falls-ia-usa"
      ],
      "total_shows": 2
    },
    {
      "id": "dicks-picks-vol-19",
      "name": "Dick's Picks, Volume 19: Fairgrounds Arena, Oklahoma City 10/19/73",
      "description": "Official Dick's Picks release — Fairgrounds Arena, Oklahoma City 10/19/73",
      "tags": [
        "dicks-picks",
        "official",
        "live"
      ],
      "show_selector": {
        "dates": [
          "1973-10-19"
        ]
      },
      "show_ids": [
        "1973-10-19-oklahoma-city-fairgrounds-arena-oklahoma-city-ok-usa"
      ],
      "total_shows": 1
    },
    {
      "id": "dicks-picks-vol-20",
      "name": "Dick's Picks, Volume 20: Capital Centre 9/25/76 & Onondaga County War Memorial 9/28/76",
      "description": "Official Dick's Picks release — Capital Centre 9/25/76 & Onondaga County War Memorial 9/28/76",
      "tags": [
        "dicks-picks",
        "official",
        "live"
      ],
      "show_selector": {
        "dates": [
          "1976-09-25",
          "1976-09-28"
        ]
      },
      "show_ids": [
        "1976-09-25-capitol-centre-landover-md-usa",
        "1976-09-28-onondaga-county-war-memorial-syracuse-ny-usa"
      ],
      "total_shows": 2
    },
    {
      "id": "dicks-picks-vol-21",
      "name": "Dick's Picks, Volume 21: Richmond Coliseum, Richmond, VA 11/1/85",
      "description": "Official Dick's Picks release — Richmond Coliseum, Richmond, VA 11/1/85",
      "tags": [
        "dicks-picks",
        "official",
        "live"
      ],
      "show_selector": {
        "dates": [
          "1985-11-01"
        ]
      },
      "show_ids": [
        "1985-11-01-richmond-coliseum-richmond-va-usa"
      ],
      "total_shows": 1
    },
    {
      "id": "dicks-picks-vol-22",
      "name": "Dick's Picks, Volume 22: Kings Beach Bowl, Lake Tahoe 2/23/68 & 2/24/68",
      "description": "Official Dick's Picks release — Kings Beach Bowl, Lake Tahoe 2/23/68 & 2/24/68",
      "tags": [
        "dicks-picks",
        "official",
        "live"
      ],
      "show_selector": {
        "dates": [
          "1968-02-23",
          "1968-02-24"
        ]
      },
      "show_ids": [
        "1968-02-23-kings-beach-bowl-lake-tahoe-ca-usa",
        "1968-02-24-kings-beach-bowl-lake-tahoe-ca-usa"
      ],
      "total_shows": 2
    },
    {
      "id": "dicks-picks-vol-23",
      "name": "Dick's Picks, Volume 23: Baltimore Civic Center 9/17/72",
      "description": "Official Dick's Picks release — Baltimore Civic Center 9/17/72",
      "tags": [
        "dicks-picks",
        "official",
        "live"
      ],
      "show_selector": {
        "dates": [
          "1972-09-17"
        ]
      },
      "show_ids": [
        "1972-09-17-baltimore-civic-center-baltimore-md-usa"
      ],
      "total_shows": 1
    },
    {
      "id": "dicks-picks-vol-24",
      "name": "Dick's Picks, Volume 24: Cow Palace, Daly City 3/23/74",
      "description": "Official Dick's Picks release — Cow Palace, Daly City 3/23/74",
      "tags": [
        "dicks-picks",
        "official",
        "live"
      ],
      "show_selector": {
        "dates": [
          "1974-03-23"
        ]
      },
      "show_ids": [
        "1974-03-23-cow-palace-daly-city-ca-usa"
      ],
      "total_shows": 1
    },
    {
      "id": "dicks-picks-vol-25",
      "name": "Dick's Picks, Volume 25: New Haven 5/10/78 & Springfield 5/11/78",
      "description": "Official Dick's Picks release — New Haven 5/10/78 & Springfield 5/11/78",
      "tags": [
        "dicks-picks",
        "official",
        "live"
      ],
      "show_selector": {
        "dates": [
          "1978-05-10",
          "1978-05-11"
        ]
      },
      "show_ids": [
        "1978-05-10-veterans-memorial-coliseum-new-haven-ct-usa",
        "1978-05-11-springfield-civic-center-springfield-ma-usa"
      ],
      "total_shows": 2
    },
    {
      "id": "dicks-picks-vol-26",
      "name": "Dick's Picks, Volume 26: Electric Theater Chicago 4/26/69 & Labor Temple Minneapolis 4/27/69",
      "description": "Official Dick's Picks release — Electric Theater Chicago 4/26/69 & Labor Temple Minneapolis 4/27/69",
      "tags": [
        "dicks-picks",
        "official",
        "live"
      ],
      "show_selector": {
        "dates": [
          "1969-04-26",
          "1969-04-27"
        ]
      },
      "show_ids": [
        "1969-04-26-electric-theater-chicago-il-usa",
        "1969-04-27-labor-temple-minneapolis-mn-usa"
      ],
      "total_shows": 2
    },
    {
      "id": "dicks-picks-vol-27",
      "name": "Dick's Picks, Volume 27: Oakland Coliseum Arena 12/16/92",
      "description": "Official Dick's Picks release — Oakland Coliseum Arena 12/16/92",
      "tags": [
        "dicks-picks",
        "official",
        "live"
      ],
      "show_selector": {
        "dates": [
          "1992-12-16"
        ]
      },
      "show_ids": [
        "1992-12-16-oakland-alameda-county-coliseum-oakland-ca-usa"
      ],
      "total_shows": 1
    },
    {
      "id": "dicks-picks-vol-28",
      "name": "Dick's Picks, Volume 28: Salt Palace Salt Lake City 2/28/73 & Pershing Municipal Auditorium Lincoln 2/26/73",
      "description": "Official Dick's Picks release — Salt Palace Salt Lake City 2/28/73 & Pershing Municipal Auditorium Lincoln 2/26/73",
      "tags": [
        "dicks-picks",
        "official",
        "live"
      ],
      "show_selector": {
        "dates": [
          "1973-02-26",
          "1973-02-28"
        ]
      },
      "show_ids": [
        "1973-02-26-pershing-municipal-auditorium-lincoln-ne-usa",
        "1973-02-28-salt-palace-salt-lake-city-ut-usa"
      ],
      "total_shows": 2
    },
    {
      "id": "dicks-picks-vol-29",
      "name": "Dick's Picks, Volume 29: Fox Theatre Atlanta 5/19/77 & Lakeland 5/21/77",
      "description": "Official Dick's Picks release — Fox Theatre Atlanta 5/19/77 & Lakeland 5/21/77",
      "tags": [
        "dicks-picks",
        "official",
        "live"
      ],
      "show_selector": {
        "dates": [
          "1977-05-19",
          "1977-05-21"
        ]
      },
      "show_ids": [
        "1977-05-19-fox-theater-atlanta-ga-usa",
        "1977-05-21-lakeland-civic-center-lakeland-fl-usa"
      ],
      "total_shows": 2
    },
    {
      "id": "dicks-picks-vol-30",
      "name": "Dick's Picks, Volume 30: Academy of Music NYC 3/25/72 & 3/28/72",
      "description": "Official Dick's Picks release — Academy of Music NYC 3/25/72 & 3/28/72",
      "tags": [
        "dicks-picks",
        "official",
        "live"
      ],
      "show_selector": {
        "dates": [
          "1972-03-25",
          "1972-03-28"
        ]
      },
      "show_ids": [
        "1972-03-25-academy-of-music-new-york-ny-usa",
        "1972-03-28-academy-of-music-new-york-ny-usa"
      ],
      "total_shows": 2
    },
    {
      "id": "dicks-picks-vol-31",
      "name": "Dick's Picks, Volume 31: Philadelphia Civic Center 8/4/74 & 8/5/74; Roosevelt Stadium 8/6/74",
      "description": "Official Dick's Picks release — Philadelphia Civic Center 8/4/74 & 8/5/74; Roosevelt Stadium 8/6/74",
      "tags": [
        "dicks-picks",
        "official",
        "live"
      ],
      "show_selector": {
        "dates": [
          "1974-08-04",
          "1974-08-05",
          "1974-08-06"
        ]
      },
      "show_ids": [
        "1974-08-04-philadelphia-civic-arena-philadelphia-pa-usa",
        "1974-08-05-philadelphia-civic-arena-philadelphia-pa-usa",
        "1974-08-06-roosevelt-stadium-jersey-city-nj-usa"
      ],
      "total_shows": 3
    },
    {
      "id": "dicks-picks-vol-32",
      "name": "Dick's Picks, Volume 32: Alpine Valley 8/7/82",
      "description": "Official Dick's Picks release — Alpine Valley 8/7/82",
      "tags": [
        "dicks-picks",
        "official",
        "live"
      ],
      "show_selector": {
        "dates": [
          "1982-08-07"
        ]
      },
      "show_ids": [
        "1982-08-07-alpine-valley-music-theatre-east-troy-wi-usa"
      ],
      "total_shows": 1
    },
    {
      "id": "dicks-picks-vol-33",
      "name": "Dick's Picks, Volume 33: Oakland Coliseum Stadium 10/9/76 & 10/10/76",
      "description": "Official Dick's Picks release — Oakland Coliseum Stadium 10/9/76 & 10/10/76",
      "tags": [
        "dicks-picks",
        "official",
        "live"
      ],
      "show_selector": {
        "dates": [
          "1976-10-09",
          "1976-10-10"
        ]
      },
      "show_ids": [
        "1976-10-09-oakland-alameda-county-stadium-oakland-ca-usa",
        "1976-10-10-oakland-alameda-county-stadium-oakland-ca-usa"
      ],
      "total_shows": 2
    },
    {
      "id": "dicks-picks-vol-34",
      "name": "Dick's Picks, Volume 34: Community War Memorial Rochester 11/5/77",
      "description": "Official Dick's Picks release — Community War Memorial Rochester 11/5/77",
      "tags": [
        "dicks-picks",
        "official",
        "live"
      ],
      "show_selector": {
        "dates": [
          "1977-11-05"
        ]
      },
      "show_ids": [
        "1977-11-05-community-war-memorial-auditorium-rochester-ny-usa"
      ],
      "total_shows": 1
    },
    {
      "id": "dicks-picks-vol-35",
      "name": "Dick's Picks, Volume 35: San Diego 8/7/71 & Chicago 8/24/71",
      "description": "Official Dick's Picks release — San Diego 8/7/71 & Chicago 8/24/71",
      "tags": [
        "dicks-picks",
        "official",
        "live"
      ],
      "show_selector": {
        "dates": [
          "1971-08-07",
          "1971-08-24"
        ]
      },
      "show_ids": [
        "1971-08-07-san-diego-community-concorse-san-diego-ca-usa",
        "1971-08-24-auditorium-theatre-chicago-il-usa"
      ],
      "total_shows": 2
    },
    {
      "id": "dicks-picks-vol-36",
      "name": "Dick's Picks, Volume 36: The Spectrum Philadelphia 9/21/72",
      "description": "Official Dick's Picks release — The Spectrum Philadelphia 9/21/72",
      "tags": [
        "dicks-picks",
        "official",
        "live"
      ],
      "show_selector": {
        "dates": [
          "1972-09-21"
        ]
      },
      "show_ids": [
        "1972-09-21-the-spectrum-philadelphia-pa-usa"
      ],
      "total_shows": 1
    },
    {
      "id": "daves-picks-vol-1",
      "name": "Dave's Picks, Volume 1: The Mosque, Richmond, VA · 5/25/77",
      "description": "Official Dave's Picks release — The Mosque, Richmond, VA · 5/25/77",
      "tags": [
        "daves-picks",
        "official",
        "live"
      ],
      "show_selector": {
        "dates": [
          "1977-05-25"
        ]
      },
      "show_ids": [
        "1977-05-25-the-mosque-richmond-va-usa"
      ],
      "total_shows": 1
    },
    {
      "id": "daves-picks-vol-2",
      "name": "Dave's Picks, Volume 2: Dillon Stadium, Hartford, CT · 7/31/74",
      "description": "Official Dave's Picks release — Dillon Stadium, Hartford, CT · 7/31/74",
      "tags": [
        "daves-picks",
        "official",
        "live"
      ],
      "show_selector": {
        "dates": [
          "1974-07-31"
        ]
      },
      "show_ids": [
        "1974-07-31-dillon-stadium-hartford-ct-usa"
      ],
      "total_shows": 1
    },
    {
      "id": "daves-picks-vol-3",
      "name": "Dave's Picks, Volume 3: Auditorium Theatre, Chicago, IL · 10/22/71",
      "description": "Official Dave's Picks release — Auditorium Theatre, Chicago, IL · 10/22/71",
      "tags": [
        "daves-picks",
        "official",
        "live"
      ],
      "show_selector": {
        "dates": [
          "1971-10-22"
        ]
      },
      "show_ids": [
        "1971-10-22-auditorium-theatre-chicago-il-usa"
      ],
      "total_shows": 1
    },
    {
      "id": "daves-picks-vol-4",
      "name": "Dave's Picks, Volume 4: College of William & Mary, Williamsburg, VA · 9/24/76",
      "description": "Official Dave's Picks release — College of William & Mary, Williamsburg, VA · 9/24/76",
      "tags": [
        "daves-picks",
        "official",
        "live"
      ],
      "show_selector": {
        "dates": [
          "1976-09-24"
        ]
      },
      "show_ids": [
        "1976-09-24-william-and-mary-college-hall-williamsburg-va-usa"
      ],
      "total_shows": 1
    },
    {
      "id": "daves-picks-vol-5",
      "name": "Dave's Picks, Volume 5: Pauley Pavilion, UCLA, Los Angeles, CA · 11/17/73",
      "description": "Official Dave's Picks release — Pauley Pavilion, UCLA, Los Angeles, CA · 11/17/73",
      "tags": [
        "daves-picks",
        "official",
        "live"
      ],
      "show_selector": {
        "dates": [
          "1973-11-17"
        ]
      },
      "show_ids": [
        "1973-11-17-pauley-pavilion-ucla-los-angeles-ca-usa"
      ],
      "total_shows": 1
    },
    {
      "id": "daves-picks-vol-6",
      "name": "Dave's Picks, Volume 6: San Francisco 12/20/69 · St. Louis 2/2/70",
      "description": "Official Dave's Picks release — San Francisco 12/20/69 · St. Louis 2/2/70",
      "tags": [
        "daves-picks",
        "official",
        "live"
      ],
      "show_selector": {
        "dates": [
          "1969-12-20",
          "1970-02-02"
        ]
      },
      "show_ids": [
        "1969-12-20-fillmore-auditorium-san-francisco-ca-usa",
        "1970-02-02-fox-theatre-st-louis-mo-usa"
      ],
      "total_shows": 2
    },
    {
      "id": "daves-picks-vol-7",
      "name": "Dave's Picks, Volume 7: Horton Field House, Illinois State, Normal, IL · 4/24/78",
      "description": "Official Dave's Picks release — Horton Field House, Illinois State, Normal, IL · 4/24/78",
      "tags": [
        "daves-picks",
        "official",
        "live"
      ],
      "show_selector": {
        "dates": [
          "1978-04-24"
        ]
      },
      "show_ids": [
        "1978-04-24-horton-field-house-illinois-state-u-normal-il-usa"
      ],
      "total_shows": 1
    },
    {
      "id": "daves-picks-vol-8",
      "name": "Dave's Picks, Volume 8: Fox Theatre, Atlanta, GA · 11/30/80",
      "description": "Official Dave's Picks release — Fox Theatre, Atlanta, GA · 11/30/80",
      "tags": [
        "daves-picks",
        "official",
        "live"
      ],
      "show_selector": {
        "dates": [
          "1980-11-30"
        ]
      },
      "show_ids": [
        "1980-11-30-fox-theater-atlanta-ga-usa"
      ],
      "total_shows": 1
    },
    {
      "id": "daves-picks-vol-9",
      "name": "Dave's Picks, Volume 9: Harry Adams Field House, U. of Montana, Missoula, MT · 5/14/74",
      "description": "Official Dave's Picks release — Harry Adams Field House, U. of Montana, Missoula, MT · 5/14/74",
      "tags": [
        "daves-picks",
        "official",
        "live"
      ],
      "show_selector": {
        "dates": [
          "1974-05-14"
        ]
      },
      "show_ids": [
        "1974-05-14-adams-field-house-u-of-montana-missoula-mt-usa"
      ],
      "total_shows": 1
    },
    {
      "id": "daves-picks-vol-10",
      "name": "Dave's Picks, Volume 10: Thelma, Los Angeles, CA · 12/12/69",
      "description": "Official Dave's Picks release — Thelma, Los Angeles, CA · 12/12/69",
      "tags": [
        "daves-picks",
        "official",
        "live"
      ],
      "show_selector": {
        "dates": [
          "1969-12-12"
        ]
      },
      "show_ids": [
        "1969-12-12-thelma-theater-los-angeles-ca-usa"
      ],
      "total_shows": 1
    },
    {
      "id": "daves-picks-vol-11",
      "name": "Dave's Picks, Volume 11: Century II Convention Center, Wichita, KS · 11/17/72",
      "description": "Official Dave's Picks release — Century II Convention Center, Wichita, KS · 11/17/72",
      "tags": [
        "daves-picks",
        "official",
        "live"
      ],
      "show_selector": {
        "dates": [
          "1972-11-17"
        ]
      },
      "show_ids": [
        "1972-11-17-century-ii-convention-hall-wichita-ks-usa"
      ],
      "total_shows": 1
    },
    {
      "id": "daves-picks-vol-12",
      "name": "Dave's Picks, Volume 12: Colgate University, Hamilton, NY · 11/4/77",
      "description": "Official Dave's Picks release — Colgate University, Hamilton, NY · 11/4/77",
      "tags": [
        "daves-picks",
        "official",
        "live"
      ],
      "show_selector": {
        "dates": [
          "1977-11-04"
        ]
      },
      "show_ids": [
        "1977-11-04-cotterrell-gym-colgate-u-hamilton-ny-usa"
      ],
      "total_shows": 1
    },
    {
      "id": "daves-picks-vol-13",
      "name": "Dave's Picks, Volume 13: Winterland, San Francisco, CA · 2/24/74",
      "description": "Official Dave's Picks release — Winterland, San Francisco, CA · 2/24/74",
      "tags": [
        "daves-picks",
        "official",
        "live"
      ],
      "show_selector": {
        "dates": [
          "1974-02-24"
        ]
      },
      "show_ids": [
        "1974-02-24-winterland-arena-san-francisco-ca-usa"
      ],
      "total_shows": 1
    },
    {
      "id": "daves-picks-vol-14",
      "name": "Dave's Picks, Volume 14: Academy of Music, New York, NY · 3/26/72",
      "description": "Official Dave's Picks release — Academy of Music, New York, NY · 3/26/72",
      "tags": [
        "daves-picks",
        "official",
        "live"
      ],
      "show_selector": {
        "dates": [
          "1972-03-26"
        ]
      },
      "show_ids": [
        "1972-03-26-academy-of-music-new-york-ny-usa"
      ],
      "total_shows": 1
    },
    {
      "id": "daves-picks-vol-15",
      "name": "Dave's Picks, Volume 15: Municipal Auditorium, Nashville, TN · 4/22/78",
      "description": "Official Dave's Picks release — Municipal Auditorium, Nashville, TN · 4/22/78",
      "tags": [
        "daves-picks",
        "official",
        "live"
      ],
      "show_selector": {
        "dates": [
          "1978-04-22"
        ]
      },
      "show_ids": [
        "1978-04-22-nashville-municipal-auditorium-nashville-tn-usa"
      ],
      "total_shows": 1
    },
    {
      "id": "daves-picks-vol-16",
      "name": "Dave's Picks, Volume 16: Springfield Civic Center, Springfield, MA · 3/28/73",
      "description": "Official Dave's Picks release — Springfield Civic Center, Springfield, MA · 3/28/73",
      "tags": [
        "daves-picks",
        "official",
        "live"
      ],
      "show_selector": {
        "dates": [
          "1973-03-28"
        ]
      },
      "show_ids": [
        "1973-03-28-springfield-civic-center-springfield-ma-usa"
      ],
      "total_shows": 1
    },
    {
      "id": "daves-picks-vol-17",
      "name": "Dave's Picks, Volume 17: Selland Arena, Fresno, CA · 7/19/74",
      "description": "Official Dave's Picks release — Selland Arena, Fresno, CA · 7/19/74",
      "tags": [
        "daves-picks",
        "official",
        "live"
      ],
      "show_selector": {
        "dates": [
          "1974-07-19"
        ]
      },
      "show_ids": [
        "1974-07-19-selland-arena-fresno-ca-usa"
      ],
      "total_shows": 1
    },
    {
      "id": "daves-picks-vol-18",
      "name": "Dave's Picks, Volume 18: Orpheum Theater, San Francisco, CA · 7/17/76",
      "description": "Official Dave's Picks release — Orpheum Theater, San Francisco, CA · 7/17/76",
      "tags": [
        "daves-picks",
        "official",
        "live"
      ],
      "show_selector": {
        "dates": [
          "1976-07-17"
        ]
      },
      "show_ids": [
        "1976-07-17-orpheum-theatre-san-francisco-ca-usa"
      ],
      "total_shows": 1
    },
    {
      "id": "daves-picks-vol-19",
      "name": "Dave's Picks, Volume 19: Honolulu Civic Auditorium, Honolulu, HI · 1/23/70",
      "description": "Official Dave's Picks release — Honolulu Civic Auditorium, Honolulu, HI · 1/23/70",
      "tags": [
        "daves-picks",
        "official",
        "live"
      ],
      "show_selector": {
        "dates": [
          "1970-01-23"
        ]
      },
      "show_ids": [
        "1970-01-23-honolulu-civic-auditorium-honolulu-hi-usa"
      ],
      "total_shows": 1
    },
    {
      "id": "daves-picks-vol-20",
      "name": "Dave's Picks, Volume 20: CU Events Center, Univ. of Colorado, Boulder, CO · 12/9/81",
      "description": "Official Dave's Picks release — CU Events Center, Univ. of Colorado, Boulder, CO · 12/9/81",
      "tags": [
        "daves-picks",
        "official",
        "live"
      ],
      "show_selector": {
        "dates": [
          "1981-12-09"
        ]
      },
      "show_ids": [
        "1981-12-09-events-center-u-of-colorado-boulder-co-usa"
      ],
      "total_shows": 1
    },
    {
      "id": "daves-picks-vol-21",
      "name": "Dave's Picks, Volume 21: Boston Garden, Boston, MA · 4/2/73",
      "description": "Official Dave's Picks release — Boston Garden, Boston, MA · 4/2/73",
      "tags": [
        "daves-picks",
        "official",
        "live"
      ],
      "show_selector": {
        "dates": [
          "1973-04-02"
        ]
      },
      "show_ids": [
        "1973-04-02-boston-garden-boston-ma-usa"
      ],
      "total_shows": 1
    },
    {
      "id": "daves-picks-vol-22",
      "name": "Dave's Picks, Volume 22: Felt Forum, New York, NY · 12/7/71",
      "description": "Official Dave's Picks release — Felt Forum, New York, NY · 12/7/71",
      "tags": [
        "daves-picks",
        "official",
        "live"
      ],
      "show_selector": {
        "dates": [
          "1971-12-07"
        ]
      },
      "show_ids": [
        "1971-12-07-felt-forum-new-york-ny-usa"
      ],
      "total_shows": 1
    },
    {
      "id": "daves-picks-vol-23",
      "name": "Dave's Picks, Volume 23: McArthur Court, U. Of Oregon, Eugene, OR · 1/22/78",
      "description": "Official Dave's Picks release — McArthur Court, U. Of Oregon, Eugene, OR · 1/22/78",
      "tags": [
        "daves-picks",
        "official",
        "live"
      ],
      "show_selector": {
        "dates": [
          "1978-01-22"
        ]
      },
      "show_ids": [
        "1978-01-22-mcarthur-court-u-of-oregon-eugene-or-usa"
      ],
      "total_shows": 1
    },
    {
      "id": "daves-picks-vol-24",
      "name": "Dave's Picks, Volume 24: Berkeley Community Theatre, Berkeley, CA · 8/25/72",
      "description": "Official Dave's Picks release — Berkeley Community Theatre, Berkeley, CA · 8/25/72",
      "tags": [
        "daves-picks",
        "official",
        "live"
      ],
      "show_selector": {
        "dates": [
          "1972-08-25"
        ]
      },
      "show_ids": [
        "1972-08-25-berkeley-community-theater-berkeley-ca-usa"
      ],
      "total_shows": 1
    },
    {
      "id": "daves-picks-vol-25",
      "name": "Dave's Picks, Volume 25: Broome County Veterans Memorial Arena, Binghamton, NY · 11/6/77",
      "description": "Official Dave's Picks release — Broome County Veterans Memorial Arena, Binghamton, NY · 11/6/77",
      "tags": [
        "daves-picks",
        "official",
        "live"
      ],
      "show_selector": {
        "dates": [
          "1977-11-06"
        ]
      },
      "show_ids": [
        "1977-11-06-broome-county-arena-binghamton-ny-usa"
      ],
      "total_shows": 1
    },
    {
      "id": "daves-picks-vol-26",
      "name": "Dave's Picks, Volume 26: Albuquerque Civic Auditorium, Albuquerque, NM · 11/17/71",
      "description": "Official Dave's Picks release — Albuquerque Civic Auditorium, Albuquerque, NM · 11/17/71",
      "tags": [
        "daves-picks",
        "official",
        "live"
      ],
      "show_selector": {
        "dates": [
          "1971-11-17"
        ]
      },
      "show_ids": [
        "1971-11-17-albuquerque-civic-auditorium-albuquerque-nm-usa"
      ],
      "total_shows": 1
    },
    {
      "id": "daves-picks-vol-27",
      "name": "Dave's Picks, Volume 27: BSU Pavilion, Boise State University, Boise, ID · 9/2/83",
      "description": "Official Dave's Picks release — BSU Pavilion, Boise State University, Boise, ID · 9/2/83",
      "tags": [
        "daves-picks",
        "official",
        "live"
      ],
      "show_selector": {
        "dates": [
          "1983-09-02"
        ]
      },
      "show_ids": [
        "1983-09-02-boise-pavillion-boise-state-u-boise-id-usa"
      ],
      "total_shows": 1
    },
    {
      "id": "daves-picks-vol-28",
      "name": "Dave's Picks, Volume 28: Capitol Theatre, Passaic, NJ · 6/17/76",
      "description": "Official Dave's Picks release — Capitol Theatre, Passaic, NJ · 6/17/76",
      "tags": [
        "daves-picks",
        "official",
        "live"
      ],
      "show_selector": {
        "dates": [
          "1976-06-17"
        ]
      },
      "show_ids": [
        "1976-06-17-capitol-theater-passaic-nj-usa"
      ],
      "total_shows": 1
    },
    {
      "id": "daves-picks-vol-29",
      "name": "Dave's Picks, Volume 29: Swing Auditorium, San Bernardino, CA · 2/26/77",
      "description": "Official Dave's Picks release — Swing Auditorium, San Bernardino, CA · 2/26/77",
      "tags": [
        "daves-picks",
        "official",
        "live"
      ],
      "show_selector": {
        "dates": [
          "1977-02-26"
        ]
      },
      "show_ids": [
        "1977-02-26-swing-auditorium-san-bernardino-ca-usa"
      ],
      "total_shows": 1
    },
    {
      "id": "daves-picks-vol-30",
      "name": "Dave's Picks, Volume 30: Fillmore East, New York, NY · 1/2/70",
      "description": "Official Dave's Picks release — Fillmore East, New York, NY · 1/2/70",
      "tags": [
        "daves-picks",
        "official",
        "live"
      ],
      "show_selector": {
        "dates": [
          "1970-01-02"
        ]
      },
      "show_ids": [
        "1970-01-02-fillmore-east-new-york-ny-usa",
        "1970-01-02-fillmore-east-new-york-ny-usa-early-show"
      ],
      "total_shows": 2
    },
    {
      "id": "daves-picks-vol-31",
      "name": "Dave's Picks, Volume 31: Uptown Theatre, Chicago, IL · 12/3/79",
      "description": "Official Dave's Picks release — Uptown Theatre, Chicago, IL · 12/3/79",
      "tags": [
        "daves-picks",
        "official",
        "live"
      ],
      "show_selector": {
        "dates": [
          "1979-12-03"
        ]
      },
      "show_ids": [
        "1979-12-03-uptown-theater-chicago-il-usa"
      ],
      "total_shows": 1
    },
    {
      "id": "daves-picks-vol-32",
      "name": "Dave's Picks, Volume 32: The Spectrum, Philadelphia, PA · 3/24/73",
      "description": "Official Dave's Picks release — The Spectrum, Philadelphia, PA · 3/24/73",
      "tags": [
        "daves-picks",
        "official",
        "live"
      ],
      "show_selector": {
        "dates": [
          "1973-03-24"
        ]
      },
      "show_ids": [
        "1973-03-24-the-spectrum-philadelphia-pa-usa"
      ],
      "total_shows": 1
    },
    {
      "id": "daves-picks-vol-33",
      "name": "Dave's Picks, Volume 33: Evans Field House, N. Illinois Univ., Dekalb, IL · 10/29/77",
      "description": "Official Dave's Picks release — Evans Field House, N. Illinois Univ., Dekalb, IL · 10/29/77",
      "tags": [
        "daves-picks",
        "official",
        "live"
      ],
      "show_selector": {
        "dates": [
          "1977-10-29"
        ]
      },
      "show_ids": [
        "1977-10-29-field-house-northern-illinois-u-de-kalb-il-usa"
      ],
      "total_shows": 1
    },
    {
      "id": "daves-picks-vol-34",
      "name": "Dave's Picks, Volume 34: Jai‑Alai Fronton, Miami, FL · 6/23/74",
      "description": "Official Dave's Picks release — Jai‑Alai Fronton, Miami, FL · 6/23/74",
      "tags": [
        "daves-picks",
        "official",
        "live"
      ],
      "show_selector": {
        "dates": [
          "1974-06-23"
        ]
      },
      "show_ids": [
        "1974-06-23-jai-alai-fronton-miami-fl-usa"
      ],
      "total_shows": 1
    },
    {
      "id": "daves-picks-vol-35",
      "name": "Dave's Picks, Volume 35: Philadelphia Civic Center, Philadelphia, PA · 4/20/84",
      "description": "Official Dave's Picks release — Philadelphia Civic Center, Philadelphia, PA · 4/20/84",
      "tags": [
        "daves-picks",
        "official",
        "live"
      ],
      "show_selector": {
        "dates": [
          "1984-04-20"
        ]
      },
      "show_ids": [
        "1984-04-20-philadelphia-civic-arena-philadelphia-pa-usa"
      ],
      "total_shows": 1
    },
    {
      "id": "daves-picks-vol-36",
      "name": "Dave's Picks, Volume 36: Hartford Civic Center, Hartford, CT · 3/26/87 & 3/27/87",
      "description": "Official Dave's Picks release — Hartford Civic Center, Hartford, CT · 3/26/87 & 3/27/87",
      "tags": [
        "daves-picks",
        "official",
        "live"
      ],
      "show_selector": {
        "dates": [
          "1987-03-26",
          "1987-03-27"
        ]
      },
      "show_ids": [
        "1987-03-26-hartford-civic-center-hartford-ct-usa",
        "1987-03-27-hartford-civic-center-hartford-ct-usa"
      ],
      "total_shows": 2
    },
    {
      "id": "daves-picks-vol-37",
      "name": "Dave's Picks, Volume 37: College of William & Mary, Williamsburg, VA · 4/15/78",
      "description": "Official Dave's Picks release — College of William & Mary, Williamsburg, VA · 4/15/78",
      "tags": [
        "daves-picks",
        "official",
        "live"
      ],
      "show_selector": {
        "dates": [
          "1978-04-15"
        ]
      },
      "show_ids": [
        "1978-04-15-william-and-mary-college-hall-williamsburg-va-usa"
      ],
      "total_shows": 1
    },
    {
      "id": "daves-picks-vol-38",
      "name": "Dave's Picks, Volume 38: Nassau Veterans Memorial Coliseum, Uniondale, NY · 9/8/73",
      "description": "Official Dave's Picks release — Nassau Veterans Memorial Coliseum, Uniondale, NY · 9/8/73",
      "tags": [
        "daves-picks",
        "official",
        "live"
      ],
      "show_selector": {
        "dates": [
          "1973-09-08"
        ]
      },
      "show_ids": [
        "1973-09-08-nassau-coliseum-uniondale-ny-usa"
      ],
      "total_shows": 1
    },
    {
      "id": "daves-picks-vol-39",
      "name": "Dave's Picks, Volume 39: The Spectrum, Philadelphia, PA · 4/26/83",
      "description": "Official Dave's Picks release — The Spectrum, Philadelphia, PA · 4/26/83",
      "tags": [
        "daves-picks",
        "official",
        "live"
      ],
      "show_selector": {
        "dates": [
          "1983-04-26"
        ]
      },
      "show_ids": [
        "1983-04-26-the-spectrum-philadelphia-pa-usa"
      ],
      "total_shows": 1
    },
    {
      "id": "daves-picks-vol-40",
      "name": "Dave's Picks, Volume 40: Deer Creek Music Center, Noblesville, IN · 7/18/90 & 7/19/90",
      "description": "Official Dave's Picks release — Deer Creek Music Center, Noblesville, IN · 7/18/90 & 7/19/90",
      "tags": [
        "daves-picks",
        "official",
        "live"
      ],
      "show_selector": {
        "dates": [
          "1990-07-18",
          "1990-07-19"
        ]
      },
      "show_ids": [
        "1990-07-18-deer-creek-music-center-noblesville-in-usa",
        "1990-07-19-deer-creek-music-center-noblesville-in-usa"
      ],
      "total_shows": 2
    },
    {
      "id": "daves-picks-vol-41",
      "name": "Dave's Picks, Volume 41: Baltimore Civic Center, Baltimore, MD · 5/26/77",
      "description": "Official Dave's Picks release — Baltimore Civic Center, Baltimore, MD · 5/26/77",
      "tags": [
        "daves-picks",
        "official",
        "live"
      ],
      "show_selector": {
        "dates": [
          "1977-05-26"
        ]
      },
      "show_ids": [
        "1977-05-26-baltimore-civic-center-baltimore-md-usa"
      ],
      "total_shows": 1
    },
    {
      "id": "daves-picks-vol-42",
      "name": "Dave's Picks, Volume 42: Winterland, San Francisco, CA · 2/23/74",
      "description": "Official Dave's Picks release — Winterland, San Francisco, CA · 2/23/74",
      "tags": [
        "daves-picks",
        "official",
        "live"
      ],
      "show_selector": {
        "dates": [
          "1974-02-23"
        ]
      },
      "show_ids": [
        "1974-02-23-winterland-arena-san-francisco-ca-usa"
      ],
      "total_shows": 1
    },
    {
      "id": "daves-picks-vol-43",
      "name": "Dave's Picks, Volume 43: San Francisco 11/2/69 · Dallas 12/26/69",
      "description": "Official Dave's Picks release — San Francisco 11/2/69 · Dallas 12/26/69",
      "tags": [
        "daves-picks",
        "official",
        "live"
      ],
      "show_selector": {
        "dates": [
          "1969-11-02",
          "1969-12-26"
        ]
      },
      "show_ids": [
        "1969-11-02-family-dog-at-the-great-highway-san-francisco-ca-usa",
        "1969-12-26-mcfarlin-auditorium-s-m-u-dallas-tx-usa"
      ],
      "total_shows": 2
    },
    {
      "id": "daves-picks-vol-44",
      "name": "Dave's Picks, Volume 44: Autzen Stadium, Eugene, OR · 6/23/90",
      "description": "Official Dave's Picks release — Autzen Stadium, Eugene, OR · 6/23/90",
      "tags": [
        "daves-picks",
        "official",
        "live"
      ],
      "show_selector": {
        "dates": [
          "1990-06-23"
        ]
      },
      "show_ids": [
        "1990-06-23-autzen-stadium-u-of-oregon-eugene-or-usa"
      ],
      "total_shows": 1
    },
    {
      "id": "daves-picks-vol-45",
      "name": "Dave's Picks, Volume 45: Paramount Theatre, Portland, OR · 10/1/77 & 10/2/77",
      "description": "Official Dave's Picks release — Paramount Theatre, Portland, OR · 10/1/77 & 10/2/77",
      "tags": [
        "daves-picks",
        "official",
        "live"
      ],
      "show_selector": {
        "dates": [
          "1977-10-01",
          "1977-10-02"
        ]
      },
      "show_ids": [
        "1977-10-01-paramount-theater-portland-or-usa",
        "1977-10-02-paramount-theater-portland-or-usa"
      ],
      "total_shows": 2
    },
    {
      "id": "daves-picks-vol-46",
      "name": "Dave's Picks, Volume 46: Hollywood Palladium, LA, CA · 9/9/72",
      "description": "Official Dave's Picks release — Hollywood Palladium, LA, CA · 9/9/72",
      "tags": [
        "daves-picks",
        "official",
        "live"
      ],
      "show_selector": {
        "dates": [
          "1972-09-09"
        ]
      },
      "show_ids": [
        "1972-09-09-hollywood-palladium-hollywood-ca-usa"
      ],
      "total_shows": 1
    },
    {
      "id": "daves-picks-vol-47",
      "name": "Dave's Picks, Volume 47: Kiel Auditorium, St. Louis, MO · 12/9/79",
      "description": "Official Dave's Picks release — Kiel Auditorium, St. Louis, MO · 12/9/79",
      "tags": [
        "daves-picks",
        "official",
        "live"
      ],
      "show_selector": {
        "dates": [
          "1979-12-09"
        ]
      },
      "show_ids": [
        "1979-12-09-kiel-auditorium-st-louis-mo-usa"
      ],
      "total_shows": 1
    },
    {
      "id": "daves-picks-vol-48",
      "name": "Dave's Picks, Volume 48: Pauley Pavilion, UCLA, Los Angeles, CA · 11/20/71",
      "description": "Official Dave's Picks release — Pauley Pavilion, UCLA, Los Angeles, CA · 11/20/71",
      "tags": [
        "daves-picks",
        "official",
        "live"
      ],
      "show_selector": {
        "dates": [
          "1971-11-20"
        ]
      },
      "show_ids": [
        "1971-11-20-pauley-pavilion-ucla-los-angeles-ca-usa"
      ],
      "total_shows": 1
    },
    {
      "id": "daves-picks-vol-49",
      "name": "Dave's Picks, Volume 49: Frost Amphitheatre, Palo Alto, CA · 4/27/85 & 4/28/85",
      "description": "Official Dave's Picks release — Frost Amphitheatre, Palo Alto, CA · 4/27/85 & 4/28/85",
      "tags": [
        "daves-picks",
        "official",
        "live"
      ],
      "show_selector": {
        "dates": [
          "1985-04-27",
          "1985-04-28"
        ]
      },
      "show_ids": [
        "1985-04-27-frost-amphitheatre-palo-alto-ca-usa",
        "1985-04-28-frost-amphitheatre-palo-alto-ca-usa"
      ],
      "total_shows": 2
    },
    {
      "id": "daves-picks-vol-50",
      "name": "Dave's Picks, Volume 50: The Palladium, New York, NY · 5/3/77",
      "description": "Official Dave's Picks release — The Palladium, New York, NY · 5/3/77",
      "tags": [
        "daves-picks",
        "official",
        "live"
      ],
      "show_selector": {
        "dates": [
          "1977-05-03"
        ]
      },
      "show_ids": [
        "1977-05-03-the-palladium-new-york-ny-usa"
      ],
      "total_shows": 1
    },
    {
      "id": "daves-picks-vol-51",
      "name": "Dave's Picks, Volume 51: Scranton Catholic Youth Center, Scranton, PA · 4/13/71",
      "description": "Official Dave's Picks release — Scranton Catholic Youth Center, Scranton, PA · 4/13/71",
      "tags": [
        "daves-picks",
        "official",
        "live"
      ],
      "show_selector": {
        "dates": [
          "1971-04-13"
        ]
      },
      "show_ids": [
        "1971-04-13-catholic-youth-center-scranton-pa-usa"
      ],
      "total_shows": 1
    },
    {
      "id": "daves-picks-vol-52",
      "name": "Dave's Picks, Volume 52: The Downs at Santa Fe, Santa Fe, NM · 9/11/83",
      "description": "Official Dave's Picks release — The Downs at Santa Fe, Santa Fe, NM · 9/11/83",
      "tags": [
        "daves-picks",
        "official",
        "live"
      ],
      "show_selector": {
        "dates": [
          "1983-09-11"
        ]
      },
      "show_ids": [
        "1983-09-11-santa-fe-downs-santa-fe-nm-usa"
      ],
      "total_shows": 1
    },
    {
      "id": "daves-picks-vol-53",
      "name": "Dave's Picks, Volume 53: Riverfront Coliseum, Cincinnati, OH · 10/2/76",
      "description": "Official Dave's Picks release — Riverfront Coliseum, Cincinnati, OH · 10/2/76",
      "tags": [
        "daves-picks",
        "official",
        "live"
      ],
      "show_selector": {
        "dates": [
          "1976-10-02"
        ]
      },
      "show_ids": [
        "1976-10-02-riverfront-arena-cincinnati-oh-usa"
      ],
      "total_shows": 1
    },
    {
      "id": "daves-picks-vol-54",
      "name": "Dave's Picks, Volume 54: Baltimore Civic Center, Baltimore, MD · 3/26/73",
      "description": "Official Dave's Picks release — Baltimore Civic Center, Baltimore, MD · 3/26/73",
      "tags": [
        "daves-picks",
        "official",
        "live"
      ],
      "show_selector": {
        "dates": [
          "1973-03-26"
        ]
      },
      "show_ids": [
        "1973-03-26-baltimore-civic-center-baltimore-md-usa"
      ],
      "total_shows": 1
    },
    {
      "id": "daves-picks-vol-55",
      "name": "Dave's Picks, Volume 55: Le Zénith, Paris, France · 10/28/90",
      "description": "Official Dave's Picks release — Le Zénith, Paris, France · 10/28/90",
      "tags": [
        "daves-picks",
        "official",
        "live"
      ],
      "show_selector": {
        "dates": [
          "1990-10-28"
        ]
      },
      "show_ids": [
        "1990-10-28-the-zenith-paris-france"
      ],
      "total_shows": 1
    }
  ],
  "total_collections": 137,
  "generation_timestamp": "2025-09-04T22:42:57.405269"
}