{
  "metadata": {
    "generated_at": "2025-07-08T09:17:33.015859",
    "total_recordings": 334,
    "total_shows": 64,
    "version": "1.0.0"
  },
  "recording_ratings": {
    "gd1995-01-01.EarthquakeCountrysessions.sbeok.97111.shnf": {
      "confidence": 1.0,
      "rating": 1.85,
      "review_count": 10,
      "source_type": "UNKNOWN"
    },
    "gd1995-02-19.141066.fob.mk4v.ebel.flac1644": {
      "confidence": 0.0,
      "rating": 0.0,
      "review_count": 0,
      "source_type": "UNKNOWN"
    },
    "gd1995-02-19.145490.akg460b.lerond.t-flac1648": {
      "confidence": 0.0,
      "rating": 0.0,
      "review_count": 0,
      "source_type": "UNKNOWN"
    },
    "gd1995-02-19.schoeps.wklitz.95443.flac16": {
      "confidence": 1.0,
      "rating": 2.3333333333333335,
      "review_count": 6,
      "source_type": "UNKNOWN"
    },
    "gd1995-02-20.138045.set2.sbd.shnf": {
      "confidence": 0.0,
      "rating": 0.0,
      "review_count": 0,
      "source_type": "UNKNOWN"
    },
    "gd1995-02-20.144300.sbd.miller.clugston.flac1644": {
      "confidence": 0.8,
      "rating": 1.2375,
      "review_count": 4,
      "source_type": "UNKNOWN"
    },
    "gd1995-02-20.145491.akg460b.lerond.t-flac1648": {
      "confidence": 0.0,
      "rating": 0.0,
      "review_count": 0,
      "source_type": "UNKNOWN"
    },
    "gd1995-02-21.140348.aud.miller.sirmick.flac1648": {
      "confidence": 0.0,
      "rating": 0.0,
      "review_count": 0,
      "source_type": "UNKNOWN"
    },
    "gd1995-02-21.145492.akg460b.lerond.t-flac1648": {
      "confidence": 0.2,
      "rating": 1.5,
      "review_count": 1,
      "source_type": "UNKNOWN"
    },
    "gd1995-02-21.sbd.miller.114144.flac16": {
      "confidence": 1.0,
      "rating": 2.1153846153846154,
      "review_count": 13,
      "source_type": "UNKNOWN"
    },
    "gd1995-02-21.sbd.serafin.walkerb.1524.shnf": {
      "confidence": 0.4,
      "rating": 1.4,
      "review_count": 2,
      "source_type": "UNKNOWN"
    },
    "gd1995-02-24.139126.FOB.Schoeps.Ammons.Zimmer.Noel.t-flac.16": {
      "confidence": 0.0,
      "rating": 0.0,
      "review_count": 0,
      "source_type": "UNKNOWN"
    },
    "gd1995-02-24.141024.cmc4-mk41.ebel.flac1644": {
      "confidence": 0.0,
      "rating": 0.0,
      "review_count": 0,
      "source_type": "UNKNOWN"
    },
    "gd1995-02-24.akg.flaschner.91203.flac16": {
      "confidence": 0.2,
      "rating": 1.2,
      "review_count": 1,
      "source_type": "UNKNOWN"
    },
    "gd1995-02-24.at4071.seff.4776.shnf": {
      "confidence": 0.0,
      "rating": 0.0,
      "review_count": 0,
      "source_type": "UNKNOWN"
    },
    "gd1995-02-25.141030.cmc4-mk41.ebel.flac1644": {
      "confidence": 0.4,
      "rating": 0.875,
      "review_count": 2,
      "source_type": "UNKNOWN"
    },
    "gd1995-02-25.143162.pset2.sbd.miller.flac1644": {
      "confidence": 0.4,
      "rating": 1.575,
      "review_count": 2,
      "source_type": "UNKNOWN"
    },
    "gd1995-02-25.akg.flaschner.91223.flac16": {
      "confidence": 0.6,
      "rating": 1.4666666666666668,
      "review_count": 3,
      "source_type": "UNKNOWN"
    },
    "gd1995-02-25.aud.seff.4777.shnf": {
      "confidence": 0.2,
      "rating": 1.5,
      "review_count": 1,
      "source_type": "UNKNOWN"
    },
    "gd1995-02-26.141063.cmc4-mk41.ebel.flac1644": {
      "confidence": 0.0,
      "rating": 0.0,
      "review_count": 0,
      "source_type": "UNKNOWN"
    },
    "gd1995-02-26.143163.sbd.miller.flac1644": {
      "confidence": 0.2,
      "rating": 0.8999999999999999,
      "review_count": 1,
      "source_type": "UNKNOWN"
    },
    "gd1995-02-26.144290.sbd.miller.clugston.flac1644": {
      "confidence": 0.4,
      "rating": 1.2249999999999999,
      "review_count": 2,
      "source_type": "UNKNOWN"
    },
    "gd1995-02-26.akg.flaschner.91244.flac16": {
      "confidence": 0.0,
      "rating": 0.0,
      "review_count": 0,
      "source_type": "UNKNOWN"
    },
    "gd1995-02-26.aud.seff.4778.shnf": {
      "confidence": 0.4,
      "rating": 1.0499999999999998,
      "review_count": 2,
      "source_type": "UNKNOWN"
    },
    "gd1995-02-26.sbd.monitor.mix.miller.109244.flac16": {
      "confidence": 1.0,
      "rating": 1.1428571428571428,
      "review_count": 7,
      "source_type": "UNKNOWN"
    },
    "gd1995-03-17.141179.FOB-BK4011.ebel.flac1644": {
      "confidence": 0.0,
      "rating": 0.0,
      "review_count": 0,
      "source_type": "UNKNOWN"
    },
    "gd1995-03-17.141505.OTS.AKG.Ackerman.Miller.Noel.t-flac.1648": {
      "confidence": 0.0,
      "rating": 0.0,
      "review_count": 0,
      "source_type": "UNKNOWN"
    },
    "gd1995-03-17.142982.Boedicker.flac1644": {
      "confidence": 0.2,
      "rating": 1.2,
      "review_count": 1,
      "source_type": "UNKNOWN"
    },
    "gd1995-03-17.150765.dsbd.dolphinsmile.flac1648": {
      "confidence": 0.0,
      "rating": 0.0,
      "review_count": 0,
      "source_type": "UNKNOWN"
    },
    "gd1995-03-17.aud.bleich.91840.flac16": {
      "confidence": 0.0,
      "rating": 0.0,
      "review_count": 0,
      "source_type": "UNKNOWN"
    },
    "gd1995-03-17.nak300.holtz.jaz.92087.flac16": {
      "confidence": 0.0,
      "rating": 0.0,
      "review_count": 0,
      "source_type": "UNKNOWN"
    },
    "gd1995-03-17.sbd.miller.97658.flac16": {
      "confidence": 1.0,
      "rating": 1.9166666666666667,
      "review_count": 12,
      "source_type": "UNKNOWN"
    },
    "gd1995-03-17.sndchk.fm.toland.1366.shnf": {
      "confidence": 0.0,
      "rating": 0.0,
      "review_count": 0,
      "source_type": "UNKNOWN"
    },
    "gd1995-03-18.123337.crupi.flac16": {
      "confidence": 0.2,
      "rating": 0.8999999999999999,
      "review_count": 1,
      "source_type": "UNKNOWN"
    },
    "gd1995-03-18.141182.FOB-cmc5-mk4.ebel.flac1644": {
      "confidence": 0.0,
      "rating": 0.0,
      "review_count": 0,
      "source_type": "UNKNOWN"
    },
    "gd1995-03-18.141506.OTS.AKG.Ackerman.Miller.Noel.t-flac.1648": {
      "confidence": 0.0,
      "rating": 0.0,
      "review_count": 0,
      "source_type": "UNKNOWN"
    },
    "gd1995-03-18.142354.s2.sbd.miller.flac1644": {
      "confidence": 0.2,
      "rating": 1.5,
      "review_count": 1,
      "source_type": "UNKNOWN"
    },
    "gd1995-03-18.142981.Boedicker.flac1644": {
      "confidence": 0.0,
      "rating": 0.0,
      "review_count": 0,
      "source_type": "UNKNOWN"
    },
    "gd1995-03-18.nak300.bleich.92018.flac16": {
      "confidence": 0.6,
      "rating": 1.7333333333333334,
      "review_count": 3,
      "source_type": "UNKNOWN"
    },
    "gd1995-03-18.sbd.burke.95677.flac16": {
      "confidence": 0.0,
      "rating": 0.0,
      "review_count": 0,
      "source_type": "UNKNOWN"
    },
    "gd1995-03-18.sbd.ladner.32055.sbeok.flac16": {
      "confidence": 0.0,
      "rating": 0.0,
      "review_count": 0,
      "source_type": "UNKNOWN"
    },
    "gd1995-03-18.sbd.miller.97659.flac16": {
      "confidence": 1.0,
      "rating": 1.5,
      "review_count": 8,
      "source_type": "UNKNOWN"
    },
    "gd1995-03-19.136858.sbd.miller.flac1648": {
      "confidence": 1.0,
      "rating": 1.9,
      "review_count": 5,
      "source_type": "UNKNOWN"
    },
    "gd1995-03-19.141180.FOB-cmc5-mk4.ebel.flac1648": {
      "confidence": 0.2,
      "rating": 1.5,
      "review_count": 1,
      "source_type": "UNKNOWN"
    },
    "gd1995-03-19.141181.FOB-mk4v.ebel.flac1644": {
      "confidence": 0.0,
      "rating": 0.0,
      "review_count": 0,
      "source_type": "UNKNOWN"
    },
    "gd1995-03-19.141507.OTS.AKG.Ackerman.Miller.Noel.t-flac.1648": {
      "confidence": 0.2,
      "rating": 1.2,
      "review_count": 1,
      "source_type": "UNKNOWN"
    },
    "gd1995-03-19.143032.Boedicker.flac1644": {
      "confidence": 0.0,
      "rating": 0.0,
      "review_count": 0,
      "source_type": "UNKNOWN"
    },
    "gd1995-03-19.169647.mtx.davis.flac1648": {
      "confidence": 0.0,
      "rating": 0.0,
      "review_count": 0,
      "source_type": "UNKNOWN"
    },
    "gd1995-03-19.nak300.bleich.92062.flac16": {
      "confidence": 1.0,
      "rating": 1.8571428571428572,
      "review_count": 7,
      "source_type": "UNKNOWN"
    },
    "gd1995-03-22.Nak300CP4.Baker.Keo.112627.Flac1644": {
      "confidence": 0.0,
      "rating": 0.0,
      "review_count": 0,
      "source_type": "UNKNOWN"
    },
    "gd1995-03-22.Nak300CP4.Baker.Keo.112628.Flac2496": {
      "confidence": 0.2,
      "rating": 1.2,
      "review_count": 1,
      "source_type": "UNKNOWN"
    },
    "gd1995-03-23.141183.I-FOB-cmc5-mk4-IIFOB-mk4.ebel.flac1644": {
      "confidence": 0.0,
      "rating": 0.0,
      "review_count": 0,
      "source_type": "UNKNOWN"
    },
    "gd1995-03-23.142397.dsbd.miller.flac1644": {
      "confidence": 1.0,
      "rating": 2.0,
      "review_count": 6,
      "source_type": "UNKNOWN"
    },
    "gd1995-03-23.168012.mk4.jbraveman.flac1648": {
      "confidence": 0.0,
      "rating": 0.0,
      "review_count": 0,
      "source_type": "UNKNOWN"
    },
    "gd1995-03-23.aud.laporte.90975.flac16": {
      "confidence": 0.2,
      "rating": 1.2,
      "review_count": 1,
      "source_type": "UNKNOWN"
    },
    "gd1995-03-24.141194.FOB-cmc5-mk4.ebel.flac1644": {
      "confidence": 0.0,
      "rating": 0.0,
      "review_count": 0,
      "source_type": "UNKNOWN"
    },
    "gd1995-03-24.aud.laporte.98107.flac24": {
      "confidence": 0.0,
      "rating": 0.0,
      "review_count": 0,
      "source_type": "UNKNOWN"
    },
    "gd1995-03-24.sbd.hiroki.35182.sbeok.flac16": {
      "confidence": 1.0,
      "rating": 1.5,
      "review_count": 7,
      "source_type": "UNKNOWN"
    },
    "gd1995-03-24.sbd.tetzeli.fix-35182.83900.flac16": {
      "confidence": 0.0,
      "rating": 0.0,
      "review_count": 0,
      "source_type": "UNKNOWN"
    },
    "gd1995-03-26.124612.akg461.cage.flac16": {
      "confidence": 0.2,
      "rating": 1.5,
      "review_count": 1,
      "source_type": "UNKNOWN"
    },
    "gd1995-03-26.141195.FOB-mk4.ebel.flac1644": {
      "confidence": 0.0,
      "rating": 0.0,
      "review_count": 0,
      "source_type": "UNKNOWN"
    },
    "gd1995-03-26.152479.aud-unknown-onemoreshot.shnf": {
      "confidence": 0.0,
      "rating": 0.0,
      "review_count": 0,
      "source_type": "UNKNOWN"
    },
    "gd1995-03-26.sbd.tetzeli.fix-3909.34935.shnf": {
      "confidence": 0.8,
      "rating": 1.9125,
      "review_count": 4,
      "source_type": "UNKNOWN"
    },
    "gd1995-03-27.124616.akg461.cage.flac16": {
      "confidence": 0.2,
      "rating": 1.5,
      "review_count": 1,
      "source_type": "UNKNOWN"
    },
    "gd1995-03-27.141196.FOB-mk4.ebel.flac1644": {
      "confidence": 0.0,
      "rating": 0.0,
      "review_count": 0,
      "source_type": "UNKNOWN"
    },
    "gd1995-03-27.152190.sbd.psykies.flac16": {
      "confidence": 0.2,
      "rating": 1.2,
      "review_count": 1,
      "source_type": "UNKNOWN"
    },
    "gd1995-03-27.152472.audience.shnf": {
      "confidence": 0.0,
      "rating": 0.0,
      "review_count": 0,
      "source_type": "UNKNOWN"
    },
    "gd1995-03-27.155199.sbd.rem.spacebandit.flac16": {
      "confidence": 0.2,
      "rating": 1.5,
      "review_count": 1,
      "source_type": "UNKNOWN"
    },
    "gd1995-03-28.sndchk.fm.GEMS.80018.sbeok.flac16": {
      "confidence": 0.0,
      "rating": 0.0,
      "review_count": 0,
      "source_type": "UNKNOWN"
    },
    "gd1995-03-29.124627.akg461.cage.flac16": {
      "confidence": 0.2,
      "rating": 1.5,
      "review_count": 1,
      "source_type": "UNKNOWN"
    },
    "gd1995-03-29.136874.sbd.miller.flac1648": {
      "confidence": 0.8,
      "rating": 1.9125,
      "review_count": 4,
      "source_type": "UNKNOWN"
    },
    "gd1995-03-29.141197.FOB-mk4v.ebel.flac1644": {
      "confidence": 0.0,
      "rating": 0.0,
      "review_count": 0,
      "source_type": "UNKNOWN"
    },
    "gd1995-03-29.akg451.jensen.8835.shnf": {
      "confidence": 0.4,
      "rating": 1.0499999999999998,
      "review_count": 2,
      "source_type": "UNKNOWN"
    },
    "gd1995-03-29.nak300-set2.unknown.3917.shnf": {
      "confidence": 0.2,
      "rating": 1.2,
      "review_count": 1,
      "source_type": "UNKNOWN"
    },
    "gd1995-03-30.fob.schoeps.wklitz.95823.flac16": {
      "confidence": 0.0,
      "rating": 0.0,
      "review_count": 0,
      "source_type": "UNKNOWN"
    },
    "gd1995-03-30.sbd.miller.119786.flac16": {
      "confidence": 1.0,
      "rating": 2.3333333333333335,
      "review_count": 6,
      "source_type": "UNKNOWN"
    },
    "gd1995-04-01.110613.aud.4mic.mix.NakCM300.KM-184.holtz.flac16": {
      "confidence": 0.0,
      "rating": 0.0,
      "review_count": 0,
      "source_type": "UNKNOWN"
    },
    "gd1995-04-01.141254.FOB-mk4.ebel.flac1644": {
      "confidence": 0.2,
      "rating": 1.2,
      "review_count": 1,
      "source_type": "UNKNOWN"
    },
    "gd1995-04-01.143053.Boedicker.flac1644": {
      "confidence": 0.2,
      "rating": 1.2,
      "review_count": 1,
      "source_type": "UNKNOWN"
    },
    "gd1995-04-01.nak300.unknown.larson.28852.shnf": {
      "confidence": 0.6,
      "rating": 1.4666666666666668,
      "review_count": 3,
      "source_type": "UNKNOWN"
    },
    "gd1995-04-01.sbd.unknown.581.shnf": {
      "confidence": 0.8,
      "rating": 1.4625000000000001,
      "review_count": 4,
      "source_type": "UNKNOWN"
    },
    "gd1995-04-01.schoeps.evans.GEMS.84289.flac16": {
      "confidence": 0.0,
      "rating": 0.0,
      "review_count": 0,
      "source_type": "UNKNOWN"
    },
    "gd1995-04-01.shureBG4.0.richart.118439.flac16": {
      "confidence": 0.2,
      "rating": 1.2,
      "review_count": 1,
      "source_type": "UNKNOWN"
    },
    "gd1995-04-02.141253.FOB.s1-cmc6mk4-s2-mk4v.ebel.flac1644": {
      "confidence": 0.0,
      "rating": 0.0,
      "review_count": 0,
      "source_type": "UNKNOWN"
    },
    "gd1995-04-02.141431.s2.FOB.Neumann.Vasseur.Ammons.Noel.t-flac1648": {
      "confidence": 0.0,
      "rating": 0.0,
      "review_count": 0,
      "source_type": "UNKNOWN"
    },
    "gd1995-04-02.143095.nak300-cp4.Boedicker.flac1644": {
      "confidence": 0.0,
      "rating": 0.0,
      "review_count": 0,
      "source_type": "UNKNOWN"
    },
    "gd1995-04-02.149956.set2.KM-56s.weber.small.oade.flac1648": {
      "confidence": 0.0,
      "rating": 0.0,
      "review_count": 0,
      "source_type": "UNKNOWN"
    },
    "gd1995-04-02.156418.s2.sbd.mrachek.flac1648": {
      "confidence": 0.2,
      "rating": 1.5,
      "review_count": 1,
      "source_type": "UNKNOWN"
    },
    "gd1995-04-02.nak300.holtz.91056.flac16": {
      "confidence": 0.6,
      "rating": 1.4666666666666668,
      "review_count": 3,
      "source_type": "UNKNOWN"
    },
    "gd1995-04-02.nak300.unknown.larson.28853.shnf": {
      "confidence": 0.2,
      "rating": 1.2,
      "review_count": 1,
      "source_type": "UNKNOWN"
    },
    "gd1995-04-02.sbd-monitor.unknown.93209.shnf": {
      "confidence": 0.4,
      "rating": 1.575,
      "review_count": 2,
      "source_type": "UNKNOWN"
    },
    "gd1995-04-02.sbd.larson.leavy.93736.sbeok.flac16": {
      "confidence": 0.6,
      "rating": 1.0666666666666667,
      "review_count": 3,
      "source_type": "UNKNOWN"
    },
    "gd1995-04-02.sbd.unknown.5226.shnf": {
      "confidence": 0.2,
      "rating": 1.5,
      "review_count": 1,
      "source_type": "UNKNOWN"
    },
    "gd1995-04-02.shureBG4.0.richart.118440.flac16": {
      "confidence": 0.0,
      "rating": 0.0,
      "review_count": 0,
      "source_type": "UNKNOWN"
    },
    "gd1995-04-04.141273.FOB-mk4.ebel.flac1644": {
      "confidence": 0.0,
      "rating": 0.0,
      "review_count": 0,
      "source_type": "UNKNOWN"
    },
    "gd1995-04-04.143099.nak300-cp4.Boedicker.flac1644": {
      "confidence": 0.2,
      "rating": 1.2,
      "review_count": 1,
      "source_type": "UNKNOWN"
    },
    "gd1995-04-04.aud.matera.123593.sbeok.flac16": {
      "confidence": 0.6,
      "rating": 1.4666666666666668,
      "review_count": 3,
      "source_type": "UNKNOWN"
    },
    "gd1995-04-05.141432.s2.FOB.Neumann.Vasseur.Ammons.Noel.t-flac1648": {
      "confidence": 0.0,
      "rating": 0.0,
      "review_count": 0,
      "source_type": "UNKNOWN"
    },
    "gd1995-04-05.143121.nak300-cp4.andy-Boedicker.flac1644": {
      "confidence": 0.0,
      "rating": 0.0,
      "review_count": 0,
      "source_type": "UNKNOWN"
    },
    "gd1995-04-05.sbd.hinko.tetzeli.fix-18097.35258.reflac.flac16": {
      "confidence": 1.0,
      "rating": 2.0,
      "review_count": 6,
      "source_type": "UNKNOWN"
    },
    "gd1995-04-07.132724.AKG460CK8.roberts.flac16": {
      "confidence": 0.0,
      "rating": 0.0,
      "review_count": 0,
      "source_type": "UNKNOWN"
    },
    "gd1995-04-07.137445.nak300.trate.flac16": {
      "confidence": 0.0,
      "rating": 0.0,
      "review_count": 0,
      "source_type": "UNKNOWN"
    },
    "gd1995-04-07.141350.FOB-mk4v.ebel.flac1644": {
      "confidence": 0.0,
      "rating": 0.0,
      "review_count": 0,
      "source_type": "UNKNOWN"
    },
    "gd1995-04-07.fob.schoeps.clete.92108.flac16": {
      "confidence": 1.0,
      "rating": 2.25,
      "review_count": 6,
      "source_type": "UNKNOWN"
    },
    "gd1995-04-07.sbd.larson.35148.sbeok.flac16": {
      "confidence": 0.6,
      "rating": 1.6,
      "review_count": 3,
      "source_type": "UNKNOWN"
    },
    "gd1995-04-07.sbd.larson.tetzeli.fix-35148.35364.reflac.flac16": {
      "confidence": 1.0,
      "rating": 1.875,
      "review_count": 8,
      "source_type": "UNKNOWN"
    },
    "gd1995-05-19.141345.FOB-mk4.ebel.flac1644": {
      "confidence": 0.0,
      "rating": 0.0,
      "review_count": 0,
      "source_type": "UNKNOWN"
    },
    "gd1995-05-19.153189.sony.bregman.miller.vernon.f1648": {
      "confidence": 0.0,
      "rating": 0.0,
      "review_count": 0,
      "source_type": "UNKNOWN"
    },
    "gd1995-05-19.aud.unknown.8600.shnf": {
      "confidence": 0.2,
      "rating": 0.3,
      "review_count": 1,
      "source_type": "UNKNOWN"
    },
    "gd1995-05-19.aud.unknown.8874.shnf": {
      "confidence": 0.6,
      "rating": 1.2000000000000002,
      "review_count": 3,
      "source_type": "UNKNOWN"
    },
    "gd1995-05-20.141346.FOB-mk4v.ebel.flac1644": {
      "confidence": 0.2,
      "rating": 0.8999999999999999,
      "review_count": 1,
      "source_type": "UNKNOWN"
    },
    "gd1995-05-20.153190.sony.bregman.miller.vernon.f1648": {
      "confidence": 0.0,
      "rating": 0.0,
      "review_count": 0,
      "source_type": "UNKNOWN"
    },
    "gd1995-05-20.aud.unknown.8875.shnf": {
      "confidence": 0.2,
      "rating": 0.8999999999999999,
      "review_count": 1,
      "source_type": "UNKNOWN"
    },
    "gd1995-05-21.141347.FOB-mk4v.ebel.flac1644": {
      "confidence": 0.0,
      "rating": 0.0,
      "review_count": 0,
      "source_type": "UNKNOWN"
    },
    "gd1995-05-21.141526.FOB-unknown.ebel.flac1648": {
      "confidence": 0.0,
      "rating": 0.0,
      "review_count": 0,
      "source_type": "UNKNOWN"
    },
    "gd1995-05-21.153191.sony.bregman.miller.vernon.f1648": {
      "confidence": 0.2,
      "rating": 1.5,
      "review_count": 1,
      "source_type": "UNKNOWN"
    },
    "gd1995-05-21.aud.unknown.8876.shnf": {
      "confidence": 0.6,
      "rating": 2.0,
      "review_count": 3,
      "source_type": "UNKNOWN"
    },
    "gd1995-05-21.sbd.miller.114329.flac16": {
      "confidence": 1.0,
      "rating": 1.8,
      "review_count": 5,
      "source_type": "UNKNOWN"
    },
    "gd1995-05-24.141527.FOB.set1-cmc4mk41-set2-mk4v.ebel.flac1644": {
      "confidence": 0.0,
      "rating": 0.0,
      "review_count": 0,
      "source_type": "UNKNOWN"
    },
    "gd1995-05-24.neumann.vernon.8377.shnf": {
      "confidence": 0.4,
      "rating": 1.2249999999999999,
      "review_count": 2,
      "source_type": "UNKNOWN"
    },
    "gd1995-05-24.nuemannKM140.unknown.larson.35153.sbeok.flac16": {
      "confidence": 0.2,
      "rating": 1.5,
      "review_count": 1,
      "source_type": "UNKNOWN"
    },
    "gd1995-05-24.partial.sbd.larson.35181.sbeok.flac16": {
      "confidence": 0.8,
      "rating": 1.4625000000000001,
      "review_count": 4,
      "source_type": "UNKNOWN"
    },
    "gd1995-05-24.pzm.russjcan.97610.sbeok.flac16": {
      "confidence": 0.0,
      "rating": 0.0,
      "review_count": 0,
      "source_type": "UNKNOWN"
    },
    "gd1995-05-24.sndchk.fm.gmb.91237.sbeok.flac16": {
      "confidence": 0.4,
      "rating": 1.575,
      "review_count": 2,
      "source_type": "UNKNOWN"
    },
    "gd1995-05-25.135613.mk41.miller.flac16": {
      "confidence": 0.2,
      "rating": 0.8999999999999999,
      "review_count": 1,
      "source_type": "UNKNOWN"
    },
    "gd1995-05-25.141528.FOB-cmc4-mk41.ebel.flac1644": {
      "confidence": 0.0,
      "rating": 0.0,
      "review_count": 0,
      "source_type": "UNKNOWN"
    },
    "gd1995-05-25.nak300.brockway.kennedy-williams.7600.shnf": {
      "confidence": 0.0,
      "rating": 0.0,
      "review_count": 0,
      "source_type": "UNKNOWN"
    },
    "gd1995-05-25.neumann.vernon.8481.shnf": {
      "confidence": 0.2,
      "rating": 1.5,
      "review_count": 1,
      "source_type": "UNKNOWN"
    },
    "gd1995-05-25.nuemannKM140.unknown.larson.35154.flac16": {
      "confidence": 0.4,
      "rating": 1.4,
      "review_count": 2,
      "source_type": "UNKNOWN"
    },
    "gd1995-05-25.pzm.russjcan.97640.sbeok.flac16": {
      "confidence": 0.0,
      "rating": 0.0,
      "review_count": 0,
      "source_type": "UNKNOWN"
    },
    "gd1995-05-26.141529.FOB-cmc4-mk41.ebel.flac1644": {
      "confidence": 0.0,
      "rating": 0.0,
      "review_count": 0,
      "source_type": "UNKNOWN"
    },
    "gd1995-05-26.microtech-gefell.albright.87601.flac16": {
      "confidence": 0.0,
      "rating": 0.0,
      "review_count": 0,
      "source_type": "UNKNOWN"
    },
    "gd1995-05-26.pzm.russjcan.97643.flac16": {
      "confidence": 0.2,
      "rating": 1.2,
      "review_count": 1,
      "source_type": "UNKNOWN"
    },
    "gd1995-05-26.sbd.larson.35169.flac16": {
      "confidence": 1.0,
      "rating": 1.9375,
      "review_count": 8,
      "source_type": "UNKNOWN"
    },
    "gd1995-05-26.sbd.popi.8371.shnf": {
      "confidence": 0.8,
      "rating": 2.025,
      "review_count": 4,
      "source_type": "UNKNOWN"
    },
    "gd1995-05-26.schoeps.unknown.larson.35199.flac16": {
      "confidence": 0.0,
      "rating": 0.0,
      "review_count": 0,
      "source_type": "UNKNOWN"
    },
    "gd1995-05-28.aud.russjcan.92041.flac16": {
      "confidence": 0.6,
      "rating": 1.7333333333333334,
      "review_count": 3,
      "source_type": "UNKNOWN"
    },
    "gd1995-05-28.sbd.mrod.28467.sbeok.shnf": {
      "confidence": 1.0,
      "rating": 1.4642857142857142,
      "review_count": 28,
      "source_type": "UNKNOWN"
    },
    "gd1995-05-28.schoeps.unknown.larson.33569.flac16": {
      "confidence": 0.2,
      "rating": 1.5,
      "review_count": 1,
      "source_type": "UNKNOWN"
    },
    "gd1995-05-29.140930.fob.schoeps.cmc3.mk41.miller.clugston.flac1648": {
      "confidence": 0.4,
      "rating": 1.2249999999999999,
      "review_count": 2,
      "source_type": "UNKNOWN"
    },
    "gd1995-05-29.fob.schoeps.jones-trigale-cowan.85419.flac16": {
      "confidence": 0.4,
      "rating": 1.2249999999999999,
      "review_count": 2,
      "source_type": "UNKNOWN"
    },
    "gd1995-05-29.fob.schoeps.unknown.larson.34270.flac16": {
      "confidence": 1.0,
      "rating": 1.9090909090909092,
      "review_count": 11,
      "source_type": "UNKNOWN"
    },
    "gd1995-05-29.pzm.russjcan.92059.sbeok.flac16": {
      "confidence": 0.4,
      "rating": 1.4,
      "review_count": 2,
      "source_type": "UNKNOWN"
    },
    "gd1995-06-02.141532.cmc4-mk41.ebel.flac1644": {
      "confidence": 0.0,
      "rating": 0.0,
      "review_count": 0,
      "source_type": "UNKNOWN"
    },
    "gd1995-06-02.153192.sony.bregman.miller.vernon.f1648": {
      "confidence": 0.0,
      "rating": 0.0,
      "review_count": 0,
      "source_type": "UNKNOWN"
    },
    "gd1995-06-02.akgc61.unknown.31105.flac16": {
      "confidence": 0.4,
      "rating": 1.575,
      "review_count": 2,
      "source_type": "UNKNOWN"
    },
    "gd1995-06-02.nak300.bowen.116927.flac16": {
      "confidence": 0.0,
      "rating": 0.0,
      "review_count": 0,
      "source_type": "UNKNOWN"
    },
    "gd1995-06-02.sbd.damico.92520.flac16": {
      "confidence": 1.0,
      "rating": 1.9,
      "review_count": 5,
      "source_type": "UNKNOWN"
    },
    "gd1995-06-02.sbd.miller.114337.flac16": {
      "confidence": 0.6,
      "rating": 1.7333333333333334,
      "review_count": 3,
      "source_type": "UNKNOWN"
    },
    "gd1995-06-02.sennME40.sturtevant-swayne.85513.flac1648": {
      "confidence": 0.0,
      "rating": 0.0,
      "review_count": 0,
      "source_type": "UNKNOWN"
    },
    "gd1995-06-02.sennME40.sturtevant-swayne.85533.flac16": {
      "confidence": 0.0,
      "rating": 0.0,
      "review_count": 0,
      "source_type": "UNKNOWN"
    },
    "gd1995-06-03.138847.fob.km140.evan.flac1644": {
      "confidence": 0.0,
      "rating": 0.0,
      "review_count": 0,
      "source_type": "UNKNOWN"
    },
    "gd1995-06-03.141533.FOB-cmc4-mk41.ebel.flac1644": {
      "confidence": 0.0,
      "rating": 0.0,
      "review_count": 0,
      "source_type": "UNKNOWN"
    },
    "gd1995-06-03.153193.sony.bregman.miller.vernon.f1648": {
      "confidence": 0.0,
      "rating": 0.0,
      "review_count": 0,
      "source_type": "UNKNOWN"
    },
    "gd1995-06-03.fob.schoeps.wklitz.85586.flac1648": {
      "confidence": 0.2,
      "rating": 1.2,
      "review_count": 1,
      "source_type": "UNKNOWN"
    },
    "gd1995-06-03.nak301.bowen.127398.flac16": {
      "confidence": 0.0,
      "rating": 0.0,
      "review_count": 0,
      "source_type": "UNKNOWN"
    },
    "gd1995-06-04.127483.nak300.bowen.flac16": {
      "confidence": 0.0,
      "rating": 0.0,
      "review_count": 0,
      "source_type": "UNKNOWN"
    },
    "gd1995-06-04.141554.cmc4-mk41.ebel.flac1644": {
      "confidence": 0.2,
      "rating": 1.5,
      "review_count": 1,
      "source_type": "UNKNOWN"
    },
    "gd1995-06-04.153194.sony.bregman.miller.vernon.f1648": {
      "confidence": 0.0,
      "rating": 0.0,
      "review_count": 0,
      "source_type": "UNKNOWN"
    },
    "gd1995-06-04.nak300.unknown.larson.28897.shnf": {
      "confidence": 0.0,
      "rating": 0.0,
      "review_count": 0,
      "source_type": "UNKNOWN"
    },
    "gd1995-06-04.sennME40.sturtevant-swayne.85716.flac1648": {
      "confidence": 0.2,
      "rating": 0.8999999999999999,
      "review_count": 1,
      "source_type": "UNKNOWN"
    },
    "gd1995-06-04.sennME40.sturtevant-swayne.85723.flac16": {
      "confidence": 0.6,
      "rating": 1.6,
      "review_count": 3,
      "source_type": "UNKNOWN"
    },
    "gd1995-06-15.135288.aud.fob.lamarre-berger.flac1648": {
      "confidence": 0.0,
      "rating": 0.0,
      "review_count": 0,
      "source_type": "UNKNOWN"
    },
    "gd1995-06-15.143132.SonyECM-909A.sterry.beckwith.sirmick.miller.flac2496": {
      "confidence": 0.0,
      "rating": 0.0,
      "review_count": 0,
      "source_type": "UNKNOWN"
    },
    "gd1995-06-15.145838.sony.ecm909a.sterry.beckwith.miller.sirmick.flac16": {
      "confidence": 0.0,
      "rating": 0.0,
      "review_count": 0,
      "source_type": "UNKNOWN"
    },
    "gd1995-06-15.146064.schoepscmc4-mk4.gastiwirt.miller.sirmick.flac1648": {
      "confidence": 0.0,
      "rating": 0.0,
      "review_count": 0,
      "source_type": "UNKNOWN"
    },
    "gd1995-06-15.147120.walsh.suraci.at835.flac16": {
      "confidence": 0.0,
      "rating": 0.0,
      "review_count": 0,
      "source_type": "UNKNOWN"
    },
    "gd1995-06-15.147121.walsh.suraci.at835.flac24": {
      "confidence": 0.0,
      "rating": 0.0,
      "review_count": 0,
      "source_type": "UNKNOWN"
    },
    "gd1995-06-15.fob.schoeps.carrion-crow.wklitz.85740.flac1648": {
      "confidence": 0.0,
      "rating": 0.0,
      "review_count": 0,
      "source_type": "UNKNOWN"
    },
    "gd1995-06-15.sbd.unknown.shibata.35212.flac16": {
      "confidence": 1.0,
      "rating": 1.5909090909090908,
      "review_count": 11,
      "source_type": "UNKNOWN"
    },
    "gd1995-06-18.120080.nak.Boedicker.flac16": {
      "confidence": 0.4,
      "rating": 1.4,
      "review_count": 2,
      "source_type": "UNKNOWN"
    },
    "gd1995-06-18.143092.SonyECM-909A.sterry.beckwith.miller.sirmick.flac2496": {
      "confidence": 0.0,
      "rating": 0.0,
      "review_count": 0,
      "source_type": "UNKNOWN"
    },
    "gd1995-06-18.145846.sony.ecm909a.sterry.beckwith.miller.sirmick.flac16": {
      "confidence": 0.0,
      "rating": 0.0,
      "review_count": 0,
      "source_type": "UNKNOWN"
    },
    "gd1995-06-18.147123.walsh.suraci.at835.flac16": {
      "confidence": 0.2,
      "rating": 0.6,
      "review_count": 1,
      "source_type": "UNKNOWN"
    },
    "gd1995-06-18.147124.walsh.suraci.at835.flac24": {
      "confidence": 0.0,
      "rating": 0.0,
      "review_count": 0,
      "source_type": "UNKNOWN"
    },
    "gd1995-06-18.fob-nak300-patched-13307.stine.92802.shnf": {
      "confidence": 0.0,
      "rating": 0.0,
      "review_count": 0,
      "source_type": "UNKNOWN"
    },
    "gd1995-06-18.fob.nak300.stine.35213.flac16": {
      "confidence": 1.0,
      "rating": 1.7857142857142858,
      "review_count": 7,
      "source_type": "UNKNOWN"
    },
    "gd1995-06-19.147125.walsh.suraci.at835.flac16": {
      "confidence": 0.0,
      "rating": 0.0,
      "review_count": 0,
      "source_type": "UNKNOWN"
    },
    "gd1995-06-19.147126.walsh.suraci.at835.flac24": {
      "confidence": 0.0,
      "rating": 0.0,
      "review_count": 0,
      "source_type": "UNKNOWN"
    },
    "gd1995-06-19.fob.schoeps.wlitz-steveg.watson.85632.flac16": {
      "confidence": 0.6,
      "rating": 1.4666666666666668,
      "review_count": 3,
      "source_type": "UNKNOWN"
    },
    "gd1995-06-21.141512.OTS.AKG.Ackerman.Miller.Noel.t-flac.1648": {
      "confidence": 0.2,
      "rating": 1.5,
      "review_count": 1,
      "source_type": "UNKNOWN"
    },
    "gd1995-06-21.141999.walsh.suraci.at835.flac1648": {
      "confidence": 0.0,
      "rating": 0.0,
      "review_count": 0,
      "source_type": "UNKNOWN"
    },
    "gd1995-06-21.148797.nak300-cp4.boedicker.flac1644": {
      "confidence": 0.0,
      "rating": 0.0,
      "review_count": 0,
      "source_type": "UNKNOWN"
    },
    "gd1995-06-21.Nak300CP4.Heaton.Keo.115992.Flac2496": {
      "confidence": 0.2,
      "rating": 0.8999999999999999,
      "review_count": 1,
      "source_type": "UNKNOWN"
    },
    "gd1995-06-21.Nak300CP4.Heaton.Keo.115993.Flac1644": {
      "confidence": 0.4,
      "rating": 1.2249999999999999,
      "review_count": 2,
      "source_type": "UNKNOWN"
    },
    "gd1995-06-21.aud.unknown.larson.35122.flac16": {
      "confidence": 0.4,
      "rating": 0.7,
      "review_count": 2,
      "source_type": "UNKNOWN"
    },
    "gd1995-06-21.bk4021.120370.flac1644": {
      "confidence": 0.2,
      "rating": 0.8999999999999999,
      "review_count": 1,
      "source_type": "UNKNOWN"
    },
    "gd1995-06-21.bk4021.120371.flac1648": {
      "confidence": 0.2,
      "rating": 0.8999999999999999,
      "review_count": 1,
      "source_type": "UNKNOWN"
    },
    "gd1995-06-21.fob.schoeps.sisler.stephens.76663.sbeok.flac16": {
      "confidence": 0.4,
      "rating": 1.2249999999999999,
      "review_count": 2,
      "source_type": "UNKNOWN"
    },
    "gd1995-06-21.fob.schoeps.sisler.stephens.76664.sbeok.flac1648": {
      "confidence": 0.6,
      "rating": 1.4666666666666668,
      "review_count": 3,
      "source_type": "UNKNOWN"
    },
    "gd1995-06-21.sndchk.fm.gmb.91352.flac16": {
      "confidence": 0.4,
      "rating": 1.75,
      "review_count": 2,
      "source_type": "UNKNOWN"
    },
    "gd1995-06-22.141513.OTS.AKG.Ackerman.Miller.Noel.t-flac.1648": {
      "confidence": 0.2,
      "rating": 1.5,
      "review_count": 1,
      "source_type": "UNKNOWN"
    },
    "gd1995-06-22.142037.walsh.suraci.at835.flac1648": {
      "confidence": 0.0,
      "rating": 0.0,
      "review_count": 0,
      "source_type": "UNKNOWN"
    },
    "gd1995-06-22.150395.nak300.boedicker.flac1644": {
      "confidence": 0.0,
      "rating": 0.0,
      "review_count": 0,
      "source_type": "UNKNOWN"
    },
    "gd1995-06-22.fob.schoeps.sisler.stephens.79431.flac1648": {
      "confidence": 0.0,
      "rating": 0.0,
      "review_count": 0,
      "source_type": "UNKNOWN"
    },
    "gd1995-06-22.fob.schoeps.sisler.stephens.79432.flac16": {
      "confidence": 0.0,
      "rating": 0.0,
      "review_count": 0,
      "source_type": "UNKNOWN"
    },
    "gd1995-06-22.nak300.carpenter.andrewf.100122.flac24": {
      "confidence": 0.0,
      "rating": 0.0,
      "review_count": 0,
      "source_type": "UNKNOWN"
    },
    "gd1995-06-22.nak300.carpenter.andrewf.100123.flac16": {
      "confidence": 0.0,
      "rating": 0.0,
      "review_count": 0,
      "source_type": "UNKNOWN"
    },
    "gd1995-06-24.fob.akg391.unknown.swayne.85339.flac16": {
      "confidence": 1.0,
      "rating": 1.3,
      "review_count": 5,
      "source_type": "UNKNOWN"
    },
    "gd1995-06-24.schoeps.unknown.timw.8760.shnf": {
      "confidence": 0.0,
      "rating": 0.0,
      "review_count": 0,
      "source_type": "UNKNOWN"
    },
    "gd1995-06-25.121122.nak300.dunbar-graves.flac1648": {
      "confidence": 0.0,
      "rating": 0.0,
      "review_count": 0,
      "source_type": "UNKNOWN"
    },
    "gd1995-06-25.147721.sbd.spd-cor.sbeok.t-flac16": {
      "confidence": 0.8,
      "rating": 2.025,
      "review_count": 4,
      "source_type": "UNKNOWN"
    },
    "gd1995-06-25.150028.sbd.dolphinsmile.flac1644": {
      "confidence": 0.0,
      "rating": 0.0,
      "review_count": 0,
      "source_type": "UNKNOWN"
    },
    "gd1995-06-25.Nak300CP4.Baker.Keo.113092.Flac1644": {
      "confidence": 0.0,
      "rating": 0.0,
      "review_count": 0,
      "source_type": "UNKNOWN"
    },
    "gd1995-06-25.Nak300CP4.Baker.Keo.113093.Flac2496": {
      "confidence": 0.0,
      "rating": 0.0,
      "review_count": 0,
      "source_type": "UNKNOWN"
    },
    "gd1995-06-25.fob.akg.unknown.swayne.85340.flac1648": {
      "confidence": 0.8,
      "rating": 2.1375,
      "review_count": 4,
      "source_type": "UNKNOWN"
    },
    "gd1995-06-25.fob.akg.unknown.swayne.85622.flac16": {
      "confidence": 0.8,
      "rating": 1.8,
      "review_count": 4,
      "source_type": "UNKNOWN"
    },
    "gd1995-06-25.fob.schoeps.cooper-howard.braveman.27450.flac16": {
      "confidence": 0.4,
      "rating": 1.2249999999999999,
      "review_count": 2,
      "source_type": "UNKNOWN"
    },
    "gd1995-06-27.119107.nak304.thunich.48kHz.flac1648": {
      "confidence": 0.0,
      "rating": 0.0,
      "review_count": 0,
      "source_type": "UNKNOWN"
    },
    "gd1995-06-27.119108.nak304.thunich.flac16": {
      "confidence": 0.2,
      "rating": 1.2,
      "review_count": 1,
      "source_type": "UNKNOWN"
    },
    "gd1995-06-27.141916.walsh.suraci.AT8035.flac1644": {
      "confidence": 0.0,
      "rating": 0.0,
      "review_count": 0,
      "source_type": "UNKNOWN"
    },
    "gd1995-06-27.fob.nak701.unknown.83248.flac16": {
      "confidence": 0.0,
      "rating": 0.0,
      "review_count": 0,
      "source_type": "UNKNOWN"
    },
    "gd1995-06-27.fob.schoeps.unknown.larson.35123.flac16": {
      "confidence": 0.4,
      "rating": 1.4,
      "review_count": 2,
      "source_type": "UNKNOWN"
    },
    "gd1995-06-27.pmz-nak.holtz.92185.flac16": {
      "confidence": 0.2,
      "rating": 1.2,
      "review_count": 1,
      "source_type": "UNKNOWN"
    },
    "gd1995-06-28.119109.nak304.thunich.48kHz.flac1648": {
      "confidence": 0.2,
      "rating": 1.2,
      "review_count": 1,
      "source_type": "UNKNOWN"
    },
    "gd1995-06-28.119110.nak304.thunich.flac16": {
      "confidence": 0.4,
      "rating": 1.4,
      "review_count": 2,
      "source_type": "UNKNOWN"
    },
    "gd1995-06-28.141937.walsh.suraci.at8035.flac1644": {
      "confidence": 0.2,
      "rating": 0.3,
      "review_count": 1,
      "source_type": "UNKNOWN"
    },
    "gd1995-06-28.fob.nak701.unknown.83091.flac16": {
      "confidence": 0.2,
      "rating": 0.3,
      "review_count": 1,
      "source_type": "UNKNOWN"
    },
    "gd1995-06-28.pmz-nak.holtz.92186.flac16": {
      "confidence": 0.2,
      "rating": 0.8999999999999999,
      "review_count": 1,
      "source_type": "UNKNOWN"
    },
    "gd1995-06-30.147145.walsh.suraci.at835.flac16": {
      "confidence": 0.0,
      "rating": 0.0,
      "review_count": 0,
      "source_type": "UNKNOWN"
    },
    "gd1995-06-30.147146.walsh.suraci.at835.flac24": {
      "confidence": 0.4,
      "rating": 1.0499999999999998,
      "review_count": 2,
      "source_type": "UNKNOWN"
    },
    "gd1995-06-30.fob.nak300.holtz.jaz.92491.flac16": {
      "confidence": 0.8,
      "rating": 1.6875,
      "review_count": 4,
      "source_type": "UNKNOWN"
    },
    "gd1995-06-30.fob.schoeps.evans.GEMS.83144.flac16": {
      "confidence": 1.0,
      "rating": 2.25,
      "review_count": 6,
      "source_type": "UNKNOWN"
    },
    "gd1995-06-30.schoeps.clemens.89393.flac1648": {
      "confidence": 0.4,
      "rating": 1.575,
      "review_count": 2,
      "source_type": "UNKNOWN"
    },
    "gd1995-06-30.schoeps.jones.wklitz.95189.flac16": {
      "confidence": 0.6,
      "rating": 1.6,
      "review_count": 3,
      "source_type": "UNKNOWN"
    },
    "gd1995-06-30.schoeps.jones.wklitz.95193.flac1648": {
      "confidence": 0.4,
      "rating": 0.875,
      "review_count": 2,
      "source_type": "UNKNOWN"
    },
    "gd1995-07-02.113283.BK4006.gotfob.flac16": {
      "confidence": 0.0,
      "rating": 0.0,
      "review_count": 0,
      "source_type": "UNKNOWN"
    },
    "gd1995-07-02.124799.akg461.cage.flac16": {
      "confidence": 0.0,
      "rating": 0.0,
      "review_count": 0,
      "source_type": "UNKNOWN"
    },
    "gd1995-07-02.139737.cmc5-mk4.ebel-varnum.flac1644": {
      "confidence": 0.8,
      "rating": 2.025,
      "review_count": 4,
      "source_type": "UNKNOWN"
    },
    "gd1995-07-02.147152.walsh.suraci.at835.flac16": {
      "confidence": 0.0,
      "rating": 0.0,
      "review_count": 0,
      "source_type": "UNKNOWN"
    },
    "gd1995-07-02.147153.walsh.suraci.at835.flac24": {
      "confidence": 0.0,
      "rating": 0.0,
      "review_count": 0,
      "source_type": "UNKNOWN"
    },
    "gd1995-07-02.aud.unknown.tetzeli.fix-12578.74417.reflac.flac16": {
      "confidence": 0.2,
      "rating": 0.3,
      "review_count": 1,
      "source_type": "UNKNOWN"
    },
    "gd1995-07-02.monitor-sbd.unknown.74201.sbeok.flac16": {
      "confidence": 1.0,
      "rating": 1.6428571428571428,
      "review_count": 7,
      "source_type": "UNKNOWN"
    },
    "gd1995-07-02.nak300.holtz.jaz.92522.flac16": {
      "confidence": 0.0,
      "rating": 0.0,
      "review_count": 0,
      "source_type": "UNKNOWN"
    },
    "gd1995-07-02.schoeps.unknown.nawrocki.19592.shnf": {
      "confidence": 0.2,
      "rating": 0.8999999999999999,
      "review_count": 1,
      "source_type": "UNKNOWN"
    },
    "gd1995-07-02.soundcheck.fm.gmb.91256.flac16": {
      "confidence": 0.0,
      "rating": 0.0,
      "review_count": 0,
      "source_type": "UNKNOWN"
    },
    "gd1995-07-05.147118.walsh.suraci.at835.flac16": {
      "confidence": 0.0,
      "rating": 0.0,
      "review_count": 0,
      "source_type": "UNKNOWN"
    },
    "gd1995-07-05.147119.walsh.suraci.at835.flac24": {
      "confidence": 0.0,
      "rating": 0.0,
      "review_count": 0,
      "source_type": "UNKNOWN"
    },
    "gd1995-07-05.AKG451.Darby.119401.Flac1648": {
      "confidence": 0.0,
      "rating": 0.0,
      "review_count": 0,
      "source_type": "UNKNOWN"
    },
    "gd1995-07-05.AKG451.Darby.119402.Flac1644": {
      "confidence": 0.0,
      "rating": 0.0,
      "review_count": 0,
      "source_type": "UNKNOWN"
    },
    "gd1995-07-05.pzm-nak.holtz.jaz.94628.flac16": {
      "confidence": 0.2,
      "rating": 0.6,
      "review_count": 1,
      "source_type": "UNKNOWN"
    },
    "gd1995-07-05.sbd.larson.35170.flac16": {
      "confidence": 0.6,
      "rating": 1.7333333333333334,
      "review_count": 3,
      "source_type": "UNKNOWN"
    },
    "gd1995-07-06.146220.walsh.suraci.AT835b.flac16": {
      "confidence": 0.0,
      "rating": 0.0,
      "review_count": 0,
      "source_type": "UNKNOWN"
    },
    "gd1995-07-06.AKG451.Darby.119429.Flac1648": {
      "confidence": 0.0,
      "rating": 0.0,
      "review_count": 0,
      "source_type": "UNKNOWN"
    },
    "gd1995-07-06.AKG451.Darby.119430.Flac1644": {
      "confidence": 0.0,
      "rating": 0.0,
      "review_count": 0,
      "source_type": "UNKNOWN"
    },
    "gd1995-07-06.bk4006.holtz.91322.flac16": {
      "confidence": 0.0,
      "rating": 0.0,
      "review_count": 0,
      "source_type": "UNKNOWN"
    },
    "gd1995-07-06.pzm-nak.holtz.jaz.94675.flac16": {
      "confidence": 0.6,
      "rating": 1.7333333333333334,
      "review_count": 3,
      "source_type": "UNKNOWN"
    },
    "gd1995-07-06.sbd.larson.35156.flac16": {
      "confidence": 0.8,
      "rating": 1.35,
      "review_count": 4,
      "source_type": "UNKNOWN"
    },
    "gd1995-07-08.127736.nick.flac16": {
      "confidence": 0.0,
      "rating": 0.0,
      "review_count": 0,
      "source_type": "UNKNOWN"
    },
    "gd1995-07-08.134129.oade-micro-mics.flac1648": {
      "confidence": 0.0,
      "rating": 0.0,
      "review_count": 0,
      "source_type": "UNKNOWN"
    },
    "gd1995-07-08.147113.walsh.suraci.at835.flac16": {
      "confidence": 0.0,
      "rating": 0.0,
      "review_count": 0,
      "source_type": "UNKNOWN"
    },
    "gd1995-07-08.147114.walsh.suraci.at835.flac24": {
      "confidence": 0.0,
      "rating": 0.0,
      "review_count": 0,
      "source_type": "UNKNOWN"
    },
    "gd1995-07-08.167438.matrix.davis.flac1648": {
      "confidence": 0.2,
      "rating": 1.2,
      "review_count": 1,
      "source_type": "UNKNOWN"
    },
    "gd1995-07-08.sbd.larson.35157.flac16": {
      "confidence": 1.0,
      "rating": 1.7777777777777777,
      "review_count": 9,
      "source_type": "UNKNOWN"
    },
    "gd1995-07-08.sbd.larson.tetzeli.fix-35157.98576.flac16": {
      "confidence": 0.6,
      "rating": 2.0,
      "review_count": 3,
      "source_type": "UNKNOWN"
    },
    "gd1995-07-08.sbd.miller.114363.flac16": {
      "confidence": 1.0,
      "rating": 1.8181818181818181,
      "review_count": 11,
      "source_type": "UNKNOWN"
    },
    "gd1995-07-09.127735.nick.flac16": {
      "confidence": 0.4,
      "rating": 1.2249999999999999,
      "review_count": 2,
      "source_type": "UNKNOWN"
    },
    "gd1995-07-09.134130.oade-micro-mics.flac1648": {
      "confidence": 0.2,
      "rating": 1.2,
      "review_count": 1,
      "source_type": "UNKNOWN"
    },
    "gd1995-07-09.147057.walsh.suraci.at835.flac16": {
      "confidence": 0.0,
      "rating": 0.0,
      "review_count": 0,
      "source_type": "UNKNOWN"
    },
    "gd1995-07-09.147058.walsh.suraci.at835.flac24": {
      "confidence": 0.0,
      "rating": 0.0,
      "review_count": 0,
      "source_type": "UNKNOWN"
    },
    "gd1995-07-09.aud.liberated-bootleg.larson.27977.flac16": {
      "confidence": 1.0,
      "rating": 1.9,
      "review_count": 5,
      "source_type": "UNKNOWN"
    },
    "gd1995-07-09.aud.mahoney.86405.flac16": {
      "confidence": 1.0,
      "rating": 2.0,
      "review_count": 9,
      "source_type": "UNKNOWN"
    },
    "gd1995-07-09.sbd.gardner.4091.shnf": {
      "confidence": 1.0,
      "rating": 1.9736842105263157,
      "review_count": 19,
      "source_type": "UNKNOWN"
    },
    "gd1995-07-09.sbd.miller.114369.flac16": {
      "confidence": 1.0,
      "rating": 1.9285714285714286,
      "review_count": 14,
      "source_type": "UNKNOWN"
    },
    "gd1995-07-09.schoeps.wklitz.95444.flac1648": {
      "confidence": 0.4,
      "rating": 1.0499999999999998,
      "review_count": 2,
      "source_type": "UNKNOWN"
    },
    "gd1995-07-09.schoeps.wklitz.95445.flac16": {
      "confidence": 1.0,
      "rating": 2.0,
      "review_count": 7,
      "source_type": "UNKNOWN"
    },
    "gd95-02-19.schoeps.10544.sbeok.shnf": {
      "confidence": 1.0,
      "rating": 1.5,
      "review_count": 18,
      "source_type": "UNKNOWN"
    },
    "gd95-02-20.sbd.1297.sbeok.shnf": {
      "confidence": 1.0,
      "rating": 1.575,
      "review_count": 20,
      "source_type": "UNKNOWN"
    },
    "gd95-02-21.dsbd.stephens.8840.sbeok.shnf": {
      "confidence": 1.0,
      "rating": 1.9181818181818182,
      "review_count": 55,
      "source_type": "UNKNOWN"
    },
    "gd95-02-24.AT.5493.sbeok.shnf": {
      "confidence": 1.0,
      "rating": 1.3846153846153846,
      "review_count": 13,
      "source_type": "UNKNOWN"
    },
    "gd95-02-25.aud.5494.sbeok.shnf": {
      "confidence": 1.0,
      "rating": 1.625,
      "review_count": 8,
      "source_type": "UNKNOWN"
    },
    "gd95-02-26.aud.5495.sbeok.shnf": {
      "confidence": 1.0,
      "rating": 1.6,
      "review_count": 10,
      "source_type": "UNKNOWN"
    },
    "gd95-03-17.sbd.16057.sbeok.shnf": {
      "confidence": 1.0,
      "rating": 1.6111111111111112,
      "review_count": 9,
      "source_type": "UNKNOWN"
    },
    "gd95-03-17.schoeps.13400.sbeok.shnf": {
      "confidence": 1.0,
      "rating": 1.625,
      "review_count": 8,
      "source_type": "UNKNOWN"
    },
    "gd95-03-17.soundcheck.sbd.17951.sbeok.shnf": {
      "confidence": 1.0,
      "rating": 1.8571428571428572,
      "review_count": 7,
      "source_type": "UNKNOWN"
    },
    "gd95-03-18.sbd.1362.sbeok.shnf": {
      "confidence": 1.0,
      "rating": 1.990909090909091,
      "review_count": 55,
      "source_type": "UNKNOWN"
    },
    "gd95-03-19.schoeps.15097.sbeok.shnf": {
      "confidence": 1.0,
      "rating": 1.66,
      "review_count": 50,
      "source_type": "UNKNOWN"
    },
    "gd95-03-19.schoeps.wiley.7479.shnf": {
      "confidence": 1.0,
      "rating": 1.435483870967742,
      "review_count": 31,
      "source_type": "UNKNOWN"
    },
    "gd95-03-22.akg.12179.sbeok.shnf": {
      "confidence": 1.0,
      "rating": 1.6428571428571428,
      "review_count": 14,
      "source_type": "UNKNOWN"
    },
    "gd95-03-22.schoeps.11623.sbeok.shnf": {
      "confidence": 0.8,
      "rating": 1.35,
      "review_count": 4,
      "source_type": "UNKNOWN"
    },
    "gd95-03-23.sbd.1369.sbeok.shnf": {
      "confidence": 1.0,
      "rating": 1.7205882352941178,
      "review_count": 34,
      "source_type": "UNKNOWN"
    },
    "gd95-03-23.sbd.miller.25273.sbeok.flacf": {
      "confidence": 1.0,
      "rating": 1.90625,
      "review_count": 48,
      "source_type": "UNKNOWN"
    },
    "gd95-03-24.akg.5668.sbeok.shnf": {
      "confidence": 1.0,
      "rating": 1.3,
      "review_count": 15,
      "source_type": "UNKNOWN"
    },
    "gd95-03-26.sbd.3909.sbeok.shnf": {
      "confidence": 1.0,
      "rating": 1.868421052631579,
      "review_count": 19,
      "source_type": "UNKNOWN"
    },
    "gd95-03-27.sbd.3194.sbeok.shnf": {
      "confidence": 1.0,
      "rating": 1.6981132075471699,
      "review_count": 53,
      "source_type": "UNKNOWN"
    },
    "gd95-03-29.akg.16088.sbeok.shnf": {
      "confidence": 1.0,
      "rating": 1.5833333333333333,
      "review_count": 6,
      "source_type": "UNKNOWN"
    },
    "gd95-03-29.naks.georges.30516.sbeok.shnf": {
      "confidence": 1.0,
      "rating": 2.0999999999999996,
      "review_count": 19,
      "source_type": "AUD"
    },
    "gd95-03-29p.sbd.18096.sbeok.shnf": {
      "confidence": 1.0,
      "rating": 2.033333333333333,
      "review_count": 15,
      "source_type": "UNKNOWN"
    },
    "gd95-03-30.sbd.4161.sbeok.shnf": {
      "confidence": 1.0,
      "rating": 1.6666666666666667,
      "review_count": 15,
      "source_type": "UNKNOWN"
    },
    "gd95-04-01.sbd.5287.sbeok.shnf": {
      "confidence": 1.0,
      "rating": 1.6833333333333333,
      "review_count": 30,
      "source_type": "UNKNOWN"
    },
    "gd95-04-02.sbd.11622.sbeok.shnf": {
      "confidence": 1.0,
      "rating": 1.923913043478261,
      "review_count": 46,
      "source_type": "UNKNOWN"
    },
    "gd95-04-04.schoeps.10545.sbeok.shnf": {
      "confidence": 1.0,
      "rating": 1.1363636363636365,
      "review_count": 11,
      "source_type": "UNKNOWN"
    },
    "gd95-04-05.sbd.18097.sbeok.shnf": {
      "confidence": 0.6,
      "rating": 1.7333333333333334,
      "review_count": 3,
      "source_type": "UNKNOWN"
    },
    "gd95-04-05.schoeps.10385.sbeok.shnf": {
      "confidence": 1.0,
      "rating": 1.9642857142857142,
      "review_count": 14,
      "source_type": "UNKNOWN"
    },
    "gd95-04-07.sbd.7688.sbeok.shnf": {
      "confidence": 1.0,
      "rating": 1.7857142857142858,
      "review_count": 56,
      "source_type": "UNKNOWN"
    },
    "gd95-05-19.schoeps.18704.sbeok.shnf": {
      "confidence": 1.0,
      "rating": 1.45,
      "review_count": 20,
      "source_type": "UNKNOWN"
    },
    "gd95-05-20.akg.18798.sbeok.shnf": {
      "confidence": 1.0,
      "rating": 2.0,
      "review_count": 7,
      "source_type": "UNKNOWN"
    },
    "gd95-05-20.nak.12101.wankleswurth.sbeok.shnf": {
      "confidence": 1.0,
      "rating": 1.6,
      "review_count": 15,
      "source_type": "UNKNOWN"
    },
    "gd95-05-21.nak.12102.wankleswurth.sbeok.shnf": {
      "confidence": 0.4,
      "rating": 1.0499999999999998,
      "review_count": 2,
      "source_type": "UNKNOWN"
    },
    "gd95-05-21.sbd.ladner.19419.sbeok.shnf": {
      "confidence": 1.0,
      "rating": 1.6666666666666667,
      "review_count": 24,
      "source_type": "UNKNOWN"
    },
    "gd95-05-21.schoeps.18799.sbeok.shnf": {
      "confidence": 1.0,
      "rating": 1.8928571428571428,
      "review_count": 14,
      "source_type": "UNKNOWN"
    },
    "gd95-05-24.neumann.18800.sbeok.shnf": {
      "confidence": 1.0,
      "rating": 1.3125,
      "review_count": 8,
      "source_type": "UNKNOWN"
    },
    "gd95-05-25.neumann.18801.sbeok.shnf": {
      "confidence": 1.0,
      "rating": 1.4285714285714286,
      "review_count": 7,
      "source_type": "UNKNOWN"
    },
    "gd95-05-26.sbd.2663.sbeok.shnf": {
      "confidence": 1.0,
      "rating": 2.0125,
      "review_count": 40,
      "source_type": "UNKNOWN"
    },
    "gd95-05-28.schoeps.9992.sbeok.shnf": {
      "confidence": 1.0,
      "rating": 1.25,
      "review_count": 10,
      "source_type": "UNKNOWN"
    },
    "gd95-05-29.schoeps.10070.sbeok.shnf": {
      "confidence": 1.0,
      "rating": 1.7083333333333333,
      "review_count": 12,
      "source_type": "UNKNOWN"
    },
    "gd95-06-02.sbd.583.sbeok.shnf": {
      "confidence": 1.0,
      "rating": 2.0,
      "review_count": 54,
      "source_type": "UNKNOWN"
    },
    "gd95-06-03.naks.10153.sbeok.shnf": {
      "confidence": 1.0,
      "rating": 1.9545454545454546,
      "review_count": 11,
      "source_type": "UNKNOWN"
    },
    "gd95-06-04.akg.2538.sbeok.shnf": {
      "confidence": 1.0,
      "rating": 1.1666666666666667,
      "review_count": 9,
      "source_type": "UNKNOWN"
    },
    "gd95-06-04.sbd.13929.sbeok.shnf": {
      "confidence": 1.0,
      "rating": 1.56,
      "review_count": 25,
      "source_type": "UNKNOWN"
    },
    "gd95-06-15.schoeps.7745.sbeok.shnf": {
      "confidence": 1.0,
      "rating": 1.4824561403508771,
      "review_count": 57,
      "source_type": "UNKNOWN"
    },
    "gd95-06-18.aud.2543.sbeok.shnf": {
      "confidence": 1.0,
      "rating": 1.225,
      "review_count": 60,
      "source_type": "UNKNOWN"
    },
    "gd95-06-19.daud.pujol.7994.sbeok.shnf": {
      "confidence": 1.0,
      "rating": 1.125,
      "review_count": 8,
      "source_type": "UNKNOWN"
    },
    "gd95-06-19.naks.10934.sbeok.shnf": {
      "confidence": 1.0,
      "rating": 1.3269230769230769,
      "review_count": 26,
      "source_type": "UNKNOWN"
    },
    "gd95-06-21.naks.5971.sbeok.shnf": {
      "confidence": 1.0,
      "rating": 1.6571428571428573,
      "review_count": 35,
      "source_type": "UNKNOWN"
    },
    "gd95-06-22.daud.wiley.8767.sbeok.shnf": {
      "confidence": 0.8,
      "rating": 1.9125,
      "review_count": 4,
      "source_type": "UNKNOWN"
    },
    "gd95-06-22.naks.18802.sbeok.shnf": {
      "confidence": 1.0,
      "rating": 1.7857142857142858,
      "review_count": 21,
      "source_type": "UNKNOWN"
    },
    "gd95-06-24.aud.schoeps-oade.wiley.8819.sbeok.shnf": {
      "confidence": 1.0,
      "rating": 1.6363636363636365,
      "review_count": 11,
      "source_type": "UNKNOWN"
    },
    "gd95-06-24.naks.12271.sbeok.shnf": {
      "confidence": 1.0,
      "rating": 1.6428571428571428,
      "review_count": 28,
      "source_type": "UNKNOWN"
    },
    "gd95-06-25.nak300.stine.10935.sbeok.shnf": {
      "confidence": 1.0,
      "rating": 1.9705882352941178,
      "review_count": 17,
      "source_type": "UNKNOWN"
    },
    "gd95-06-25.sbd.2236.sbefail.shnf": {
      "confidence": 1.0,
      "rating": 1.755813953488372,
      "review_count": 43,
      "source_type": "UNKNOWN"
    },
    "gd95-06-27.schoeps.10180.sbeok.shnf": {
      "confidence": 1.0,
      "rating": 1.5714285714285714,
      "review_count": 14,
      "source_type": "UNKNOWN"
    },
    "gd95-06-28.schoeps.10154.sbeok.shnf": {
      "confidence": 1.0,
      "rating": 1.5833333333333333,
      "review_count": 12,
      "source_type": "UNKNOWN"
    },
    "gd95-06-30.schoeps.3376.sbeok.shnf": {
      "confidence": 1.0,
      "rating": 2.05,
      "review_count": 70,
      "source_type": "UNKNOWN"
    },
    "gd95-07-02.aud.ball.587.sbeok.shnf": {
      "confidence": 1.0,
      "rating": 1.3974358974358974,
      "review_count": 39,
      "source_type": "UNKNOWN"
    },
    "gd95-07-02.aud.unk.12578.sbeok.shnf": {
      "confidence": 1.0,
      "rating": 1.5606060606060606,
      "review_count": 33,
      "source_type": "UNKNOWN"
    },
    "gd95-07-05.naks.1819.sbeok.shnf": {
      "confidence": 1.0,
      "rating": 1.7142857142857142,
      "review_count": 7,
      "source_type": "UNKNOWN"
    },
    "gd95-07-05.sbd.9370.sbeok.shnf": {
      "confidence": 1.0,
      "rating": 1.5,
      "review_count": 12,
      "source_type": "UNKNOWN"
    },
    "gd95-07-06.NEWsbd.30888.sbeok.shnf_shn": {
      "confidence": 1.0,
      "rating": 1.7,
      "review_count": 10,
      "source_type": "UNKNOWN"
    },
    "gd95-07-06.sbd.9119.sbeok.shnf": {
      "confidence": 1.0,
      "rating": 1.5,
      "review_count": 8,
      "source_type": "UNKNOWN"
    },
    "gd95-07-06.schoeps.5452.sbeok.shnf": {
      "confidence": 1.0,
      "rating": 1.625,
      "review_count": 16,
      "source_type": "UNKNOWN"
    },
    "gd95-07-08.BK401s.4362.sbeok.shnf": {
      "confidence": 1.0,
      "rating": 1.894736842105263,
      "review_count": 19,
      "source_type": "UNKNOWN"
    },
    "gd95-07-08.sbd.10071.sbeok.shnf": {
      "confidence": 1.0,
      "rating": 1.475,
      "review_count": 40,
      "source_type": "UNKNOWN"
    },
    "gd95-07-09.sbd.7233.sbeok.shnf": {
      "confidence": 1.0,
      "rating": 1.7389937106918238,
      "review_count": 318,
      "source_type": "UNKNOWN"
    }
  },
  "show_ratings": {
    "1995-01-01_Various": {
      "best_recording": "gd1995-01-01.EarthquakeCountrysessions.sbeok.97111.shnf",
      "confidence": 1.0,
      "date": "1995-01-01",
      "rating": 1.85,
      "recording_count": 1,
      "venue": "Various"
    },
    "1995-02-19_Delta_Center": {
      "best_recording": "gd1995-02-19.schoeps.wklitz.95443.flac16",
      "confidence": 1.0,
      "date": "1995-02-19",
      "rating": 1.7083333333333333,
      "recording_count": 4,
      "venue": "Delta Center"
    },
    "1995-02-20_Delta_Center": {
      "best_recording": "gd95-02-20.sbd.1297.sbeok.shnf",
      "confidence": 1.0,
      "date": "1995-02-20",
      "rating": 1.51875,
      "recording_count": 4,
      "venue": "Delta Center"
    },
    "1995-02-21_Delta_Center": {
      "best_recording": "gd1995-02-21.sbd.miller.114144.flac16",
      "confidence": 1.0,
      "date": "1995-02-21",
      "rating": 1.9338028169014085,
      "recording_count": 5,
      "venue": "Delta Center"
    },
    "1995-02-24_Oakland-Alameda_County_Coliseum": {
      "best_recording": "gd95-02-24.AT.5493.sbeok.shnf",
      "confidence": 1.0,
      "date": "1995-02-24",
      "rating": 1.3846153846153846,
      "recording_count": 3,
      "venue": "Oakland-Alameda County Coliseum"
    },
    "1995-02-24_Oakland_Coliseum_Arena": {
      "best_recording": "gd1995-02-24.akg.flaschner.91203.flac16",
      "confidence": 0.1,
      "date": "1995-02-24",
      "rating": 1.2,
      "recording_count": 2,
      "venue": "Oakland Coliseum Arena"
    },
    "1995-02-25_Oakland-Alameda_County_Coliseum": {
      "best_recording": "gd95-02-25.aud.5494.sbeok.shnf",
      "confidence": 1.0,
      "date": "1995-02-25",
      "rating": 1.4916666666666665,
      "recording_count": 3,
      "venue": "Oakland-Alameda County Coliseum"
    },
    "1995-02-25_Oakland_Coliseum_Arena": {
      "best_recording": "gd1995-02-25.aud.seff.4777.shnf",
      "confidence": 0.4,
      "date": "1995-02-25",
      "rating": 1.475,
      "recording_count": 2,
      "venue": "Oakland Coliseum Arena"
    },
    "1995-02-26_Oakland-Alameda": {
      "best_recording": "gd95-02-26.aud.5495.sbeok.shnf",
      "confidence": 1.0,
      "date": "1995-02-26",
      "rating": 1.411764705882353,
      "recording_count": 2,
      "venue": "Oakland-Alameda"
    },
    "1995-02-26_Oakland-Alameda_County_Coliseum": {
      "best_recording": "gd1995-02-26.144290.sbd.miller.clugston.flac1644",
      "confidence": 0.3,
      "date": "1995-02-26",
      "rating": 1.1166666666666665,
      "recording_count": 3,
      "venue": "Oakland-Alameda County Coliseum"
    },
    "1995-02-26_Oakland_Coliseum_Arena": {
      "best_recording": "gd1995-02-26.aud.seff.4778.shnf",
      "confidence": 0.2,
      "date": "1995-02-26",
      "rating": 1.0499999999999998,
      "recording_count": 2,
      "venue": "Oakland Coliseum Arena"
    },
    "1995-03-17_The_Spectrum": {
      "best_recording": "gd1995-03-17.sbd.miller.97658.flac16",
      "confidence": 1.0,
      "date": "1995-03-17",
      "rating": 1.7486486486486488,
      "recording_count": 11,
      "venue": "The Spectrum"
    },
    "1995-03-18_The_Spectrum": {
      "best_recording": "gd95-03-18.sbd.1362.sbeok.shnf",
      "confidence": 1.0,
      "date": "1995-03-18",
      "rating": 1.8985294117647058,
      "recording_count": 10,
      "venue": "The Spectrum"
    },
    "1995-03-19_The_Spectrum": {
      "best_recording": "gd1995-03-19.136858.sbd.miller.flac1648",
      "confidence": 1.0,
      "date": "1995-03-19",
      "rating": 1.6073684210526316,
      "recording_count": 9,
      "venue": "The Spectrum"
    },
    "1995-03-22_Charlotte_Coliseum": {
      "best_recording": "gd95-03-22.akg.12179.sbeok.shnf",
      "confidence": 1.0,
      "date": "1995-03-22",
      "rating": 1.5578947368421052,
      "recording_count": 4,
      "venue": "Charlotte Coliseum"
    },
    "1995-03-23_Charlotte_Coliseum": {
      "best_recording": "gd1995-03-23.142397.dsbd.miller.flac1644",
      "confidence": 1.0,
      "date": "1995-03-23",
      "rating": 1.8337078651685392,
      "recording_count": 6,
      "venue": "Charlotte Coliseum"
    },
    "1995-03-24_Charlotte_Coliseum": {
      "best_recording": "gd1995-03-24.sbd.hiroki.35182.sbeok.flac16",
      "confidence": 1.0,
      "date": "1995-03-24",
      "rating": 1.3636363636363635,
      "recording_count": 5,
      "venue": "Charlotte Coliseum"
    },
    "1995-03-26_The_Omni": {
      "best_recording": "gd95-03-26.sbd.3909.sbeok.shnf",
      "confidence": 1.0,
      "date": "1995-03-26",
      "rating": 1.8604166666666666,
      "recording_count": 5,
      "venue": "The Omni"
    },
    "1995-03-27_The_Omni": {
      "best_recording": "gd95-03-27.sbd.3194.sbeok.shnf",
      "confidence": 1.0,
      "date": "1995-03-27",
      "rating": 1.6821428571428572,
      "recording_count": 6,
      "venue": "The Omni"
    },
    "1995-03-28_The_Omni": {
      "best_recording": "gd1995-03-28.sndchk.fm.GEMS.80018.sbeok.flac16",
      "confidence": 0.0,
      "date": "1995-03-28",
      "rating": 0,
      "recording_count": 1,
      "venue": "The Omni"
    },
    "1995-03-29_The_Omni": {
      "best_recording": "gd95-03-29.naks.georges.30516.sbeok.shnf",
      "confidence": 1.0,
      "date": "1995-03-29",
      "rating": 1.948021582733813,
      "recording_count": 8,
      "venue": "The Omni"
    },
    "1995-03-30_The_Omni": {
      "best_recording": "gd1995-03-30.sbd.miller.119786.flac16",
      "confidence": 1.0,
      "date": "1995-03-30",
      "rating": 1.8571428571428572,
      "recording_count": 3,
      "venue": "The Omni"
    },
    "1995-04-01_Pyramid_Arena": {
      "best_recording": "gd95-04-01.sbd.5287.sbeok.shnf",
      "confidence": 1.0,
      "date": "1995-04-01",
      "rating": 1.6393939393939396,
      "recording_count": 5,
      "venue": "Pyramid Arena"
    },
    "1995-04-01_The_Pyramid": {
      "best_recording": "gd1995-04-01.nak300.unknown.larson.28852.shnf",
      "confidence": 0.7,
      "date": "1995-04-01",
      "rating": 1.4642857142857142,
      "recording_count": 3,
      "venue": "The Pyramid"
    },
    "1995-04-02_Pyramid_Arena": {
      "best_recording": "gd95-04-02.sbd.11622.sbeok.shnf",
      "confidence": 1.0,
      "date": "1995-04-02",
      "rating": 1.90625,
      "recording_count": 8,
      "venue": "Pyramid Arena"
    },
    "1995-04-02_The_Pyramid": {
      "best_recording": "gd1995-04-02.sbd-monitor.unknown.93209.shnf",
      "confidence": 0.9,
      "date": "1995-04-02",
      "rating": 1.3277777777777777,
      "recording_count": 4,
      "venue": "The Pyramid"
    },
    "1995-04-04_Jefferson_Civic_Center_Coliseum": {
      "best_recording": "gd95-04-04.schoeps.10545.sbeok.shnf",
      "confidence": 1.0,
      "date": "1995-04-04",
      "rating": 1.2066666666666668,
      "recording_count": 4,
      "venue": "Jefferson Civic Center Coliseum"
    },
    "1995-04-05_Birmingham-Jefferson_Civic_Center_Coliseum": {
      "best_recording": "gd1995-04-05.sbd.hinko.tetzeli.fix-18097.35258.reflac.flac16",
      "confidence": 0.6,
      "date": "1995-04-05",
      "rating": 2.0,
      "recording_count": 1,
      "venue": "Birmingham-Jefferson Civic Center Coliseum"
    },
    "1995-04-05_Jefferson_Civic_Center_Coliseum": {
      "best_recording": "gd95-04-05.schoeps.10385.sbeok.shnf",
      "confidence": 1.0,
      "date": "1995-04-05",
      "rating": 1.9235294117647062,
      "recording_count": 4,
      "venue": "Jefferson Civic Center Coliseum"
    },
    "1995-04-07_Tampa_Stadium": {
      "best_recording": "gd1995-04-07.fob.schoeps.clete.92108.flac16",
      "confidence": 1.0,
      "date": "1995-04-07",
      "rating": 1.826027397260274,
      "recording_count": 7,
      "venue": "Tampa Stadium"
    },
    "1995-05-19_Sam_Boyd_Silver_Bowl": {
      "best_recording": "gd1995-05-19.aud.unknown.8874.shnf",
      "confidence": 0.4,
      "date": "1995-05-19",
      "rating": 0.9750000000000001,
      "recording_count": 2,
      "venue": "Sam Boyd Silver Bowl"
    },
    "1995-05-19_Sam_Boyd_Silver_Bowl,_U.N.L.V.": {
      "best_recording": "gd95-05-19.schoeps.18704.sbeok.shnf",
      "confidence": 1.0,
      "date": "1995-05-19",
      "rating": 1.45,
      "recording_count": 3,
      "venue": "Sam Boyd Silver Bowl, U.N.L.V."
    },
    "1995-05-20_Sam_Boyd_Silver_Bowl": {
      "best_recording": "gd1995-05-20.aud.unknown.8875.shnf",
      "confidence": 0.1,
      "date": "1995-05-20",
      "rating": 0.8999999999999999,
      "recording_count": 1,
      "venue": "Sam Boyd Silver Bowl"
    },
    "1995-05-20_Sam_Boyd_Silver_Bowl,_U.N.L.V.": {
      "best_recording": "gd95-05-20.akg.18798.sbeok.shnf",
      "confidence": 1.0,
      "date": "1995-05-20",
      "rating": 1.691304347826087,
      "recording_count": 4,
      "venue": "Sam Boyd Silver Bowl, U.N.L.V."
    },
    "1995-05-21_Sam_Boyd_Silver_Bowl": {
      "best_recording": "gd1995-05-21.aud.unknown.8876.shnf",
      "confidence": 0.3,
      "date": "1995-05-21",
      "rating": 2.0,
      "recording_count": 1,
      "venue": "Sam Boyd Silver Bowl"
    },
    "1995-05-21_Sam_Boyd_Silver_Bowl,_U.N.L.V.": {
      "best_recording": "gd95-05-21.schoeps.18799.sbeok.shnf",
      "confidence": 1.0,
      "date": "1995-05-21",
      "rating": 1.7195652173913043,
      "recording_count": 7,
      "venue": "Sam Boyd Silver Bowl, U.N.L.V."
    },
    "1995-05-24_Memorial_Stadium": {
      "best_recording": "gd95-05-24.neumann.18800.sbeok.shnf",
      "confidence": 1.0,
      "date": "1995-05-24",
      "rating": 1.3794117647058823,
      "recording_count": 7,
      "venue": "Memorial Stadium"
    },
    "1995-05-25_Memorial_Stadium": {
      "best_recording": "gd95-05-25.neumann.18801.sbeok.shnf",
      "confidence": 1.0,
      "date": "1995-05-25",
      "rating": 1.3818181818181818,
      "recording_count": 6,
      "venue": "Memorial Stadium"
    },
    "1995-05-25_Seattle_Stadium,_Seattle_Center": {
      "best_recording": "gd1995-05-25.pzm.russjcan.97640.sbeok.flac16",
      "confidence": 0.0,
      "date": "1995-05-25",
      "rating": 0,
      "recording_count": 1,
      "venue": "Seattle Stadium, Seattle Center"
    },
    "1995-05-26_Memorial_Stadium": {
      "best_recording": "gd95-05-26.sbd.2663.sbeok.shnf",
      "confidence": 1.0,
      "date": "1995-05-26",
      "rating": 1.9867924528301886,
      "recording_count": 7,
      "venue": "Memorial Stadium"
    },
    "1995-05-28_Portland_Meadows": {
      "best_recording": "gd1995-05-28.sbd.mrod.28467.sbeok.shnf",
      "confidence": 1.0,
      "date": "1995-05-28",
      "rating": 1.4333333333333333,
      "recording_count": 4,
      "venue": "Portland Meadows"
    },
    "1995-05-29_Portland_Meadows": {
      "best_recording": "gd1995-05-29.fob.schoeps.unknown.larson.34270.flac16",
      "confidence": 1.0,
      "date": "1995-05-29",
      "rating": 1.696551724137931,
      "recording_count": 5,
      "venue": "Portland Meadows"
    },
    "1995-06-02_Shoreline_Amphitheatre": {
      "best_recording": "gd95-06-02.sbd.583.sbeok.shnf",
      "confidence": 1.0,
      "date": "1995-06-02",
      "rating": 1.9664062500000001,
      "recording_count": 9,
      "venue": "Shoreline Amphitheatre"
    },
    "1995-06-03_Shoreline_Amphitheatre": {
      "best_recording": "gd95-06-03.naks.10153.sbeok.shnf",
      "confidence": 1.0,
      "date": "1995-06-03",
      "rating": 1.8916666666666666,
      "recording_count": 6,
      "venue": "Shoreline Amphitheatre"
    },
    "1995-06-04_Shoreline_Amphitheatre": {
      "best_recording": "gd95-06-04.sbd.13929.sbeok.shnf",
      "confidence": 1.0,
      "date": "1995-06-04",
      "rating": 1.4538461538461538,
      "recording_count": 8,
      "venue": "Shoreline Amphitheatre"
    },
    "1995-06-15_Franklin_County_Airport": {
      "best_recording": "gd1995-06-15.sbd.unknown.shibata.35212.flac16",
      "confidence": 1.0,
      "date": "1995-06-15",
      "rating": 1.5,
      "recording_count": 9,
      "venue": "Franklin County Airport"
    },
    "1995-06-18_Giants_Stadium": {
      "best_recording": "gd1995-06-18.fob.nak300.stine.35213.flac16",
      "confidence": 1.0,
      "date": "1995-06-18",
      "rating": 1.277142857142857,
      "recording_count": 8,
      "venue": "Giants Stadium"
    },
    "1995-06-19_Giants_Stadium": {
      "best_recording": "gd95-06-19.naks.10934.sbeok.shnf",
      "confidence": 1.0,
      "date": "1995-06-19",
      "rating": 1.2945945945945945,
      "recording_count": 5,
      "venue": "Giants Stadium"
    },
    "1995-06-21_Knickerbocker_Arena": {
      "best_recording": "gd95-06-21.naks.5971.sbeok.shnf",
      "confidence": 1.0,
      "date": "1995-06-21",
      "rating": 1.5280000000000007,
      "recording_count": 12,
      "venue": "Knickerbocker Arena"
    },
    "1995-06-22_Knickerbocker_Arena": {
      "best_recording": "gd95-06-22.naks.18802.sbeok.shnf",
      "confidence": 1.0,
      "date": "1995-06-22",
      "rating": 1.794230769230769,
      "recording_count": 9,
      "venue": "Knickerbocker Arena"
    },
    "1995-06-24_RFK_Stadium": {
      "best_recording": "gd1995-06-24.fob.akg391.unknown.swayne.85339.flac16",
      "confidence": 0.5,
      "date": "1995-06-24",
      "rating": 1.3,
      "recording_count": 2,
      "venue": "RFK Stadium"
    },
    "1995-06-24_Robert_F._Kennedy_Stadium": {
      "best_recording": "gd95-06-24.naks.12271.sbeok.shnf",
      "confidence": 1.0,
      "date": "1995-06-24",
      "rating": 1.641025641025641,
      "recording_count": 2,
      "venue": "Robert F. Kennedy Stadium"
    },
    "1995-06-25_RFK_Stadium": {
      "best_recording": "gd1995-06-25.fob.akg.unknown.swayne.85340.flac1648",
      "confidence": 1.0,
      "date": "1995-06-25",
      "rating": 1.8199999999999998,
      "recording_count": 3,
      "venue": "RFK Stadium"
    },
    "1995-06-25_Robert_F._Kennedy_Stadium": {
      "best_recording": "gd95-06-25.nak300.stine.10935.sbeok.shnf",
      "confidence": 1.0,
      "date": "1995-06-25",
      "rating": 1.8296875,
      "recording_count": 7,
      "venue": "Robert F. Kennedy Stadium"
    },
    "1995-06-27_The_Palace": {
      "best_recording": "gd95-06-27.schoeps.10180.sbeok.shnf",
      "confidence": 1.0,
      "date": "1995-06-27",
      "rating": 1.511111111111111,
      "recording_count": 7,
      "venue": "The Palace"
    },
    "1995-06-28_The_Palace": {
      "best_recording": "gd95-06-28.schoeps.10154.sbeok.shnf",
      "confidence": 1.0,
      "date": "1995-06-28",
      "rating": 1.3611111111111112,
      "recording_count": 6,
      "venue": "The Palace"
    },
    "1995-06-30_Three_Rivers_Stadium": {
      "best_recording": "gd1995-06-30.fob.schoeps.evans.GEMS.83144.flac16",
      "confidence": 1.0,
      "date": "1995-06-30",
      "rating": 1.9724719101123598,
      "recording_count": 8,
      "venue": "Three Rivers Stadium"
    },
    "1995-07-02_Deer_Creek_Music_Center": {
      "best_recording": "gd1995-07-02.monitor-sbd.unknown.74201.sbeok.flac16",
      "confidence": 1.0,
      "date": "1995-07-02",
      "rating": 1.4917647058823529,
      "recording_count": 12,
      "venue": "Deer Creek Music Center"
    },
    "1995-07-05_Riverport_Amphitheater": {
      "best_recording": "gd1995-07-05.sbd.larson.35170.flac16",
      "confidence": 0.4,
      "date": "1995-07-05",
      "rating": 1.45,
      "recording_count": 2,
      "venue": "Riverport Amphitheater"
    },
    "1995-07-05_Riverport_Amphitheatre": {
      "best_recording": "gd95-07-05.naks.1819.sbeok.shnf",
      "confidence": 1.0,
      "date": "1995-07-05",
      "rating": 1.5789473684210527,
      "recording_count": 6,
      "venue": "Riverport Amphitheatre"
    },
    "1995-07-06_Riverport_Amphitheater": {
      "best_recording": "gd1995-07-06.pzm-nak.holtz.jaz.94675.flac16",
      "confidence": 0.7,
      "date": "1995-07-06",
      "rating": 1.5142857142857145,
      "recording_count": 3,
      "venue": "Riverport Amphitheater"
    },
    "1995-07-06_Riverport_Amphitheatre": {
      "best_recording": "gd95-07-06.NEWsbd.30888.sbeok.shnf_shn",
      "confidence": 1.0,
      "date": "1995-07-06",
      "rating": 1.6176470588235294,
      "recording_count": 6,
      "venue": "Riverport Amphitheatre"
    },
    "1995-07-08_Soldier_Field": {
      "best_recording": "gd95-07-08.BK401s.4362.sbeok.shnf",
      "confidence": 1.0,
      "date": "1995-07-08",
      "rating": 1.6650602409638553,
      "recording_count": 10,
      "venue": "Soldier Field"
    },
    "1995-07-09_Soldier_Field": {
      "best_recording": "gd1995-07-09.aud.mahoney.86405.flac16",
      "confidence": 1.0,
      "date": "1995-07-09",
      "rating": 1.7632625994694964,
      "recording_count": 11,
      "venue": "Soldier Field"
    }
  }
}