{
  "rating": 1.5,
  "review_count": 1,
  "source_type": "UNKNOWN",
  "confidence": 0.2,
  "date": "1966-03-25",
  "venue": "Trouper's Hall",
  "location": "Los Angeles, CA",
  "raw_rating": 5.0,
  "high_ratings": 1,
  "low_ratings": 0,
  "tracks": [
    {
      "track": "01",
      "title": "gd66-03-25 s1 tStealin'",
      "duration": 146.29,
      "formats": [
        {
          "format": "Flac",
          "filename": "Gd66-03-25S1T01Stealin.flac"
        },
        {
          "format": "VBR MP3",
          "filename": "Gd66-03-25S1T01Stealin.mp3",
          "bitrate": "195"
        }
      ]
    },
    {
      "track": "02",
      "title": "gd66-03-25 s1 tJam",
      "duration": 556.57,
      "formats": [
        {
          "format": "Flac",
          "filename": "Gd66-03-25S1T02Jam.flac"
        },
        {
          "format": "VBR MP3",
          "filename": "Gd66-03-25S1T02Jam.mp3",
          "bitrate": "208"
        }
      ]
    },
    {
      "track": "03",
      "title": "gd66-03-25 s1 tHey Little One",
      "duration": 322.99,
      "formats": [
        {
          "format": "Flac",
          "filename": "Gd66-03-25S1T03HeyLittleOne.flac"
        },
        {
          "format": "VBR MP3",
          "filename": "Gd66-03-25S1T03HeyLittleOne.mp3",
          "bitrate": "191"
        }
      ]
    },
    {
      "track": "04",
      "title": "gd66-03-25 s1 tHog For You Baby",
      "duration": 193.21,
      "formats": [
        {
          "format": "Flac",
          "filename": "Gd66-03-25S1T04HogForYouBaby.flac"
        },
        {
          "format": "VBR MP3",
          "filename": "Gd66-03-25S1T04HogForYouBaby.mp3",
          "bitrate": "205"
        }
      ]
    },
    {
      "track": "05",
      "title": "gd66-03-25 s1 tYou Don't Have To Ask",
      "duration": 402.41,
      "formats": [
        {
          "format": "Flac",
          "filename": "Gd66-03-25S1T05YouDontHaveToAsk.flac"
        },
        {
          "format": "VBR MP3",
          "filename": "Gd66-03-25S1T05YouDontHaveToAsk.mp3",
          "bitrate": "204"
        }
      ]
    },
    {
      "track": "06",
      "title": "gd66-03-25 s2 t01 Cold Rain & Snow",
      "duration": 243.97,
      "formats": [
        {
          "format": "Flac",
          "filename": "Gd66-03-25S2T01ColdRainSnow.flac"
        },
        {
          "format": "VBR MP3",
          "filename": "Gd66-03-25S2T01ColdRainSnow.mp3",
          "bitrate": "203"
        }
      ]
    },
    {
      "track": "07",
      "title": "gd66-03-25 s2 t02 Next Time You See Me",
      "duration": 169.0,
      "formats": [
        {
          "format": "Flac",
          "filename": "Gd66-03-25S2T02NextTimeYouSeeMe.flac"
        },
        {
          "format": "VBR MP3",
          "filename": "Gd66-03-25S2T02NextTimeYouSeeMe.mp3",
          "bitrate": "203"
        }
      ]
    }
  ]
}