{
  "rating": 1.8,
  "review_count": 5,
  "source_type": "UNKNOWN",
  "confidence": 1.0,
  "date": "1968-11-06",
  "venue": "Pacific High Recording",
  "location": "San Mateo, CA",
  "raw_rating": 3.6,
  "high_ratings": 3,
  "low_ratings": 0,
  "tracks": [
    {
      "track": "01",
      "title": "Lovelight",
      "duration": 218.9,
      "formats": [
        {
          "format": "Flac",
          "filename": "gd1968-11-06.GEMS.d1t01.flac"
        },
        {
          "format": "VBR MP3",
          "filename": "gd1968-11-06.GEMS.d1t01.mp3",
          "bitrate": "180"
        }
      ]
    },
    {
      "track": "02",
      "title": "Dark Star>first notes of St. Stephen",
      "duration": 877.62,
      "formats": [
        {
          "format": "Flac",
          "filename": "gd1968-11-06.GEMS.d1t02.flac"
        },
        {
          "format": "VBR MP3",
          "filename": "gd1968-11-06.GEMS.d1t02.mp3",
          "bitrate": "181"
        }
      ]
    },
    {
      "track": "03",
      "title": "St. Stephen attempt into William Tell Transition",
      "duration": 293.6,
      "formats": [
        {
          "format": "Flac",
          "filename": "gd1968-11-06.GEMS.d1t03.flac"
        },
        {
          "format": "VBR MP3",
          "filename": "gd1968-11-06.GEMS.d1t03.mp3",
          "bitrate": "185"
        }
      ]
    },
    {
      "track": "04",
      "title": "St. Stephen attempt into William Tell Transition",
      "duration": 84.78,
      "formats": [
        {
          "format": "Flac",
          "filename": "gd1968-11-06.GEMS.d1t04.flac"
        },
        {
          "format": "VBR MP3",
          "filename": "gd1968-11-06.GEMS.d1t04.mp3",
          "bitrate": "186"
        }
      ]
    },
    {
      "track": "05",
      "title": "St. Stephen attempt into William Tell Transition",
      "duration": 107.8,
      "formats": [
        {
          "format": "Flac",
          "filename": "gd1968-11-06.GEMS.d1t05.flac"
        },
        {
          "format": "VBR MP3",
          "filename": "gd1968-11-06.GEMS.d1t05.mp3",
          "bitrate": "185"
        }
      ]
    },
    {
      "track": "06",
      "title": "St. Stephen>",
      "duration": 36.76,
      "formats": [
        {
          "format": "Flac",
          "filename": "gd1968-11-06.GEMS.d1t06.flac"
        },
        {
          "format": "VBR MP3",
          "filename": "gd1968-11-06.GEMS.d1t06.mp3",
          "bitrate": "188"
        }
      ]
    },
    {
      "track": "07",
      "title": "William Tell> fast aborted Eleven.",
      "duration": 69.66,
      "formats": [
        {
          "format": "Flac",
          "filename": "gd1968-11-06.GEMS.d1t07.flac"
        },
        {
          "format": "VBR MP3",
          "filename": "gd1968-11-06.GEMS.d1t07.mp3",
          "bitrate": "181"
        }
      ]
    },
    {
      "track": "08",
      "title": "Jerry Describes William Tell transition..",
      "duration": 127.85,
      "formats": [
        {
          "format": "Flac",
          "filename": "gd1968-11-06.GEMS.d1t08.flac"
        },
        {
          "format": "VBR MP3",
          "filename": "gd1968-11-06.GEMS.d1t08.mp3",
          "bitrate": "182"
        }
      ]
    },
    {
      "track": "09",
      "title": "Burp! (sounds like Phil)...Jerry plays the Drums to Show Billy Triplets...",
      "duration": 91.02,
      "formats": [
        {
          "format": "Flac",
          "filename": "gd1968-11-06.GEMS.d1t09.flac"
        },
        {
          "format": "VBR MP3",
          "filename": "gd1968-11-06.GEMS.d1t09.mp3",
          "bitrate": "190"
        }
      ]
    },
    {
      "track": "10",
      "title": "St. Stephen(cut attempt)",
      "duration": 49.92,
      "formats": [
        {
          "format": "Flac",
          "filename": "gd1968-11-06.GEMS.d1t10.flac"
        },
        {
          "format": "VBR MP3",
          "filename": "gd1968-11-06.GEMS.d1t10.mp3",
          "bitrate": "173"
        }
      ]
    },
    {
      "track": "11",
      "title": "St. Stephen - starts with",
      "duration": 84.26,
      "formats": [
        {
          "format": "Flac",
          "filename": "gd1968-11-06.GEMS.d1t11.flac"
        },
        {
          "format": "VBR MP3",
          "filename": "gd1968-11-06.GEMS.d1t11.mp3",
          "bitrate": "190"
        }
      ]
    },
    {
      "track": "12",
      "title": "you'll tell by this lick...2-3-4",
      "duration": 43.49,
      "formats": [
        {
          "format": "Flac",
          "filename": "gd1968-11-06.GEMS.d1t12.flac"
        },
        {
          "format": "VBR MP3",
          "filename": "gd1968-11-06.GEMS.d1t12.mp3",
          "bitrate": "194"
        }
      ]
    },
    {
      "track": "13",
      "title": "Stephen Verses explained by Garcia",
      "duration": 71.38,
      "formats": [
        {
          "format": "Flac",
          "filename": "gd1968-11-06.GEMS.d2t01.flac"
        },
        {
          "format": "VBR MP3",
          "filename": "gd1968-11-06.GEMS.d2t01.mp3",
          "bitrate": "216"
        }
      ]
    },
    {
      "track": "14",
      "title": "St. Stephen",
      "duration": 46.93,
      "formats": [
        {
          "format": "Flac",
          "filename": "gd1968-11-06.GEMS.d2t02.flac"
        },
        {
          "format": "VBR MP3",
          "filename": "gd1968-11-06.GEMS.d2t02.mp3",
          "bitrate": "195"
        }
      ]
    },
    {
      "track": "15",
      "title": "hey could we have some more monitors please...more monitor..turn the monitors up",
      "duration": 25.73,
      "formats": [
        {
          "format": "Flac",
          "filename": "gd1968-11-06.GEMS.d2t03.flac"
        },
        {
          "format": "VBR MP3",
          "filename": "gd1968-11-06.GEMS.d2t03.mp3",
          "bitrate": "199"
        }
      ]
    },
    {
      "track": "16",
      "title": "2-3-4.... St Stephen (complete)>",
      "duration": 232.4,
      "formats": [
        {
          "format": "Flac",
          "filename": "gd1968-11-06.GEMS.d2t04.flac"
        },
        {
          "format": "VBR MP3",
          "filename": "gd1968-11-06.GEMS.d2t04.mp3",
          "bitrate": "190"
        }
      ]
    },
    {
      "track": "17",
      "title": "William Tell(complete finally) > The Eleven",
      "duration": 838.17,
      "formats": [
        {
          "format": "Flac",
          "filename": "gd1968-11-06.GEMS.d2t05.flac"
        },
        {
          "format": "VBR MP3",
          "filename": "gd1968-11-06.GEMS.d2t05.mp3",
          "bitrate": "189"
        }
      ]
    },
    {
      "track": "18",
      "title": "every time..bullshit.. every time..It happens every time man?",
      "duration": 60.42,
      "formats": [
        {
          "format": "Flac",
          "filename": "gd1968-11-06.GEMS.d2t06.flac"
        },
        {
          "format": "VBR MP3",
          "filename": "gd1968-11-06.GEMS.d2t06.mp3",
          "bitrate": "197"
        }
      ]
    },
    {
      "track": "19",
      "title": "Tuning stuff",
      "duration": 51.58,
      "formats": [
        {
          "format": "Flac",
          "filename": "gd1968-11-06.GEMS.d2t07.flac"
        },
        {
          "format": "VBR MP3",
          "filename": "gd1968-11-06.GEMS.d2t07.mp3",
          "bitrate": "188"
        }
      ]
    },
    {
      "track": "20",
      "title": "last notes of Stephen > transition work into The Eleven. Ends with, \u00ef\u00bf\u00bdthats the trouble with having schitzophrenic drummers\u00ef\u00bf\u00bd- Garcia",
      "duration": 476.14,
      "formats": [
        {
          "format": "Flac",
          "filename": "gd1968-11-06.GEMS.d2t08.flac"
        },
        {
          "format": "VBR MP3",
          "filename": "gd1968-11-06.GEMS.d2t08.mp3",
          "bitrate": "192"
        }
      ]
    },
    {
      "track": "21",
      "title": "The Eleven Practiced.",
      "duration": 124.0,
      "formats": [
        {
          "format": "Flac",
          "filename": "gd1968-11-06.GEMS.d2t09.flac"
        },
        {
          "format": "VBR MP3",
          "filename": "gd1968-11-06.GEMS.d2t09.mp3",
          "bitrate": "190"
        }
      ]
    },
    {
      "track": "22",
      "title": "Garcia is NOT giving up!",
      "duration": 61.4,
      "formats": [
        {
          "format": "Flac",
          "filename": "gd1968-11-06.GEMS.d2t10.flac"
        },
        {
          "format": "VBR MP3",
          "filename": "gd1968-11-06.GEMS.d2t10.mp3",
          "bitrate": "210"
        }
      ]
    },
    {
      "track": "23",
      "title": "Phil says... \u00ef\u00bf\u00bdon the subdivisions of the Eleven, we are dropping ONES all over the place..we are dropping the beat.\u00ef\u00bf\u00bd They practice.",
      "duration": 72.82,
      "formats": [
        {
          "format": "Flac",
          "filename": "gd1968-11-06.GEMS.d2t11.flac"
        },
        {
          "format": "VBR MP3",
          "filename": "gd1968-11-06.GEMS.d2t11.mp3",
          "bitrate": "195"
        }
      ]
    },
    {
      "track": "24",
      "title": "so play yer lick, play yer whole lick\u00ef\u00bf\u00bd Garcia...Eleven Practiced. Garcia says,\u00ef\u00bf\u00bd Im sorry; you got it right..I\u00ef\u00bf\u00bdm fucking up\u00ef\u00bf\u00bd",
      "duration": 81.02,
      "formats": [
        {
          "format": "Flac",
          "filename": "gd1968-11-06.GEMS.d2t12.flac"
        },
        {
          "format": "VBR MP3",
          "filename": "gd1968-11-06.GEMS.d2t12.mp3",
          "bitrate": "192"
        }
      ]
    },
    {
      "track": "25",
      "title": "Phil Leads The Beat with a thumping Bass. Big.. \u00ef\u00bf\u00bdawwww fuck\u00ef\u00bf\u00bd from Garcia.",
      "duration": 145.58,
      "formats": [
        {
          "format": "Flac",
          "filename": "gd1968-11-06.GEMS.d2t13.flac"
        },
        {
          "format": "VBR MP3",
          "filename": "gd1968-11-06.GEMS.d2t13.mp3",
          "bitrate": "186"
        }
      ]
    },
    {
      "track": "26",
      "title": "Band discusses the practice session and tries it once more. \u00ef\u00bf\u00bdyou\u00ef\u00bf\u00bdll notice its not exactly even\u00ef\u00bf\u00bd- Garcia (speaking of the polyrhythmic nature of The Eleven)",
      "duration": 526.34,
      "formats": [
        {
          "format": "Flac",
          "filename": "gd1968-11-06.GEMS.d2t14.flac"
        },
        {
          "format": "VBR MP3",
          "filename": "gd1968-11-06.GEMS.d2t14.mp3",
          "bitrate": "197"
        }
      ]
    }
  ]
}