{
  "rating": 3.36,
  "review_count": 5,
  "source_type": "AUD",
  "confidence": 1.0,
  "date": "1966-11-19",
  "venue": "Fillmore Auditorium",
  "location": "San Francisco, CA",
  "raw_rating": 4.8,
  "high_ratings": 5,
  "low_ratings": 0,
  "tracks": [
    {
      "track": "01",
      "title": "Bill Graham Introduction",
      "duration": 16.75,
      "formats": [
        {
          "format": "VBR MP3",
          "filename": "ksan66-68d1t01.mp3",
          "bitrate": "178"
        },
        {
          "format": "Shorten",
          "filename": "ksan66-68d1t01.shn"
        }
      ]
    },
    {
      "track": "02",
      "title": "Cold Rain And Snow",
      "duration": 100.44,
      "formats": [
        {
          "format": "VBR MP3",
          "filename": "ksan66-68d1t02.mp3",
          "bitrate": "188"
        },
        {
          "format": "Shorten",
          "filename": "ksan66-68d1t02.shn"
        }
      ]
    },
    {
      "track": "03",
      "title": "Hi Heeled Sneakers",
      "duration": 154.65,
      "formats": [
        {
          "format": "VBR MP3",
          "filename": "ksan66-68d1t03.mp3",
          "bitrate": "191"
        },
        {
          "format": "Shorten",
          "filename": "ksan66-68d1t03.shn"
        }
      ]
    },
    {
      "track": "04",
      "title": "Pain In My Heart",
      "duration": 124.69,
      "formats": [
        {
          "format": "VBR MP3",
          "filename": "ksan66-68d1t04.mp3",
          "bitrate": "186"
        },
        {
          "format": "Shorten",
          "filename": "ksan66-68d1t04.shn"
        }
      ]
    },
    {
      "track": "05",
      "title": "Beat It On Down The Line",
      "duration": 102.87,
      "formats": [
        {
          "format": "VBR MP3",
          "filename": "ksan66-68d1t05.mp3",
          "bitrate": "194"
        },
        {
          "format": "Shorten",
          "filename": "ksan66-68d1t05.shn"
        }
      ]
    },
    {
      "track": "06",
      "title": "Cream Puff War",
      "duration": 279.51,
      "formats": [
        {
          "format": "VBR MP3",
          "filename": "ksan66-68d1t06.mp3",
          "bitrate": "199"
        },
        {
          "format": "Shorten",
          "filename": "ksan66-68d1t06.shn"
        }
      ]
    },
    {
      "track": "07",
      "title": "The Same Thing",
      "duration": 365.82,
      "formats": [
        {
          "format": "VBR MP3",
          "filename": "ksan66-68d1t07.mp3",
          "bitrate": "187"
        },
        {
          "format": "Shorten",
          "filename": "ksan66-68d1t07.shn"
        }
      ]
    },
    {
      "track": "08",
      "title": "He Was A Friend Of Mine",
      "duration": 149.23,
      "formats": [
        {
          "format": "VBR MP3",
          "filename": "ksan66-68d1t08.mp3",
          "bitrate": "187"
        },
        {
          "format": "Shorten",
          "filename": "ksan66-68d1t08.shn"
        }
      ]
    },
    {
      "track": "09",
      "title": "Dancin In The Street",
      "duration": 254.79,
      "formats": [
        {
          "format": "VBR MP3",
          "filename": "ksan66-68d1t09.mp3",
          "bitrate": "188"
        },
        {
          "format": "Shorten",
          "filename": "ksan66-68d1t09.shn"
        }
      ]
    },
    {
      "track": "10",
      "title": "Smokestack Lightning",
      "duration": 305.93,
      "formats": [
        {
          "format": "VBR MP3",
          "filename": "ksan66-68d1t10.mp3",
          "bitrate": "190"
        },
        {
          "format": "Shorten",
          "filename": "ksan66-68d1t10.shn"
        }
      ]
    },
    {
      "track": "11",
      "title": "King Bee",
      "duration": 181.35,
      "formats": [
        {
          "format": "VBR MP3",
          "filename": "ksan66-68d1t11.mp3",
          "bitrate": "186"
        },
        {
          "format": "Shorten",
          "filename": "ksan66-68d1t11.shn"
        }
      ]
    },
    {
      "track": "12",
      "title": "In The Midnight Hour",
      "duration": 620.4,
      "formats": [
        {
          "format": "VBR MP3",
          "filename": "ksan66-68d1t12.mp3",
          "bitrate": "190"
        },
        {
          "format": "Shorten",
          "filename": "ksan66-68d1t12.shn"
        }
      ]
    }
  ]
}