{
  "rating": 1.75,
  "review_count": 2,
  "source_type": "UNKNOWN",
  "confidence": 0.4,
  "date": "1969-04-21",
  "venue": "The Ark",
  "location": "Boston, MA",
  "raw_rating": 5.0,
  "high_ratings": 2,
  "low_ratings": 0,
  "tracks": [
    {
      "track": "01",
      "title": "Introduction",
      "duration": 89.39,
      "formats": [
        {
          "format": "Flac",
          "filename": "01.flac"
        },
        {
          "format": "VBR MP3",
          "filename": "01.mp3",
          "bitrate": "181"
        }
      ]
    },
    {
      "track": "02",
      "title": "Hard To Handle",
      "duration": 326.12,
      "formats": [
        {
          "format": "Flac",
          "filename": "02.flac"
        },
        {
          "format": "VBR MP3",
          "filename": "02.mp3",
          "bitrate": "182"
        }
      ]
    },
    {
      "track": "03",
      "title": "Morning Dew",
      "duration": 565.13,
      "formats": [
        {
          "format": "Flac",
          "filename": "03.flac"
        },
        {
          "format": "VBR MP3",
          "filename": "03.mp3",
          "bitrate": "179"
        }
      ]
    },
    {
      "track": "04",
      "title": "Cryptical Envelopment >",
      "duration": 117.6,
      "formats": [
        {
          "format": "Flac",
          "filename": "04.flac"
        },
        {
          "format": "VBR MP3",
          "filename": "04.mp3",
          "bitrate": "180"
        }
      ]
    },
    {
      "track": "05",
      "title": "Drums >",
      "duration": 39.48,
      "formats": [
        {
          "format": "Flac",
          "filename": "05.flac"
        },
        {
          "format": "VBR MP3",
          "filename": "05.mp3",
          "bitrate": "181"
        }
      ]
    },
    {
      "track": "06",
      "title": "The Other One >",
      "duration": 550.6,
      "formats": [
        {
          "format": "Flac",
          "filename": "06.flac"
        },
        {
          "format": "VBR MP3",
          "filename": "06.mp3",
          "bitrate": "187"
        }
      ]
    },
    {
      "track": "07",
      "title": "Cryptical Envelopment >",
      "duration": 474.15,
      "formats": [
        {
          "format": "Flac",
          "filename": "07.flac"
        },
        {
          "format": "VBR MP3",
          "filename": "07.mp3",
          "bitrate": "175"
        }
      ]
    },
    {
      "track": "08",
      "title": "Sittin' On Top Of The World",
      "duration": 207.19,
      "formats": [
        {
          "format": "Flac",
          "filename": "08.flac"
        },
        {
          "format": "VBR MP3",
          "filename": "08.mp3",
          "bitrate": "183"
        }
      ]
    },
    {
      "track": "09",
      "title": "Alligator >",
      "duration": 246.97,
      "formats": [
        {
          "format": "Flac",
          "filename": "09.flac"
        },
        {
          "format": "VBR MP3",
          "filename": "09.mp3",
          "bitrate": "185"
        }
      ]
    },
    {
      "track": "10",
      "title": "Drums >",
      "duration": 206.59,
      "formats": [
        {
          "format": "Flac",
          "filename": "10.flac"
        },
        {
          "format": "VBR MP3",
          "filename": "10.mp3",
          "bitrate": "189"
        }
      ]
    },
    {
      "track": "11",
      "title": "Jam >",
      "duration": 466.13,
      "formats": [
        {
          "format": "Flac",
          "filename": "11.flac"
        },
        {
          "format": "VBR MP3",
          "filename": "11.mp3",
          "bitrate": "186"
        }
      ]
    },
    {
      "track": "12",
      "title": "Doin' That Rag",
      "duration": 423.32,
      "formats": [
        {
          "format": "Flac",
          "filename": "12.flac"
        },
        {
          "format": "VBR MP3",
          "filename": "12.mp3",
          "bitrate": "180"
        }
      ]
    },
    {
      "track": "13",
      "title": "Foxy Lady Jam",
      "duration": 205.35,
      "formats": [
        {
          "format": "Flac",
          "filename": "13.flac"
        },
        {
          "format": "VBR MP3",
          "filename": "13.mp3",
          "bitrate": "179"
        }
      ]
    },
    {
      "track": "14",
      "title": "Dark Star >",
      "duration": 1361.05,
      "formats": [
        {
          "format": "Flac",
          "filename": "14.flac"
        },
        {
          "format": "VBR MP3",
          "filename": "14.mp3",
          "bitrate": "183"
        }
      ]
    },
    {
      "track": "15",
      "title": "St. Stephen >",
      "duration": 411.75,
      "formats": [
        {
          "format": "Flac",
          "filename": "15.flac"
        },
        {
          "format": "VBR MP3",
          "filename": "15.mp3",
          "bitrate": "181"
        }
      ]
    },
    {
      "track": "16",
      "title": "The Eleven >",
      "duration": 659.23,
      "formats": [
        {
          "format": "Flac",
          "filename": "16.flac"
        },
        {
          "format": "VBR MP3",
          "filename": "16.mp3",
          "bitrate": "187"
        }
      ]
    },
    {
      "track": "17",
      "title": "Turn On Your Lovelight",
      "duration": 1524.73,
      "formats": [
        {
          "format": "Flac",
          "filename": "17.flac"
        },
        {
          "format": "VBR MP3",
          "filename": "17.mp3",
          "bitrate": "186"
        }
      ]
    },
    {
      "track": "18",
      "title": "Tuning",
      "duration": 68.53,
      "formats": [
        {
          "format": "Flac",
          "filename": "18.flac"
        },
        {
          "format": "VBR MP3",
          "filename": "18.mp3",
          "bitrate": "177"
        }
      ]
    },
    {
      "track": "19",
      "title": "Viola Lee Blues >",
      "duration": 827.79,
      "formats": [
        {
          "format": "Flac",
          "filename": "19.flac"
        },
        {
          "format": "VBR MP3",
          "filename": "19.mp3",
          "bitrate": "184"
        }
      ]
    },
    {
      "track": "20",
      "title": "Feedback",
      "duration": 339.07,
      "formats": [
        {
          "format": "Flac",
          "filename": "20.flac"
        },
        {
          "format": "VBR MP3",
          "filename": "20.mp3",
          "bitrate": "181"
        }
      ]
    }
  ]
}