{
  "rating": 1.75,
  "review_count": 2,
  "source_type": "UNKNOWN",
  "confidence": 0.4,
  "date": "1968-11-01",
  "venue": "Silver Dollar Fair",
  "location": "Chico, CA",
  "raw_rating": 5.0,
  "high_ratings": 2,
  "low_ratings": 0,
  "tracks": [
    {
      "track": "01",
      "title": "Dark Star >",
      "duration": 446.84,
      "formats": [
        {
          "format": "VBR MP3",
          "filename": "gd68-11-01t01.mp3",
          "bitrate": "161"
        },
        {
          "format": "Shorten",
          "filename": "gd68-11-01t01.shn"
        }
      ]
    },
    {
      "track": "02",
      "title": "Cryptical Envelopment >",
      "duration": 63.9,
      "formats": [
        {
          "format": "VBR MP3",
          "filename": "gd68-11-01t02.mp3",
          "bitrate": "176"
        },
        {
          "format": "Shorten",
          "filename": "gd68-11-01t02.shn"
        }
      ]
    },
    {
      "track": "03",
      "title": "Drums >",
      "duration": 7.18,
      "formats": [
        {
          "format": "VBR MP3",
          "filename": "gd68-11-01t03.mp3",
          "bitrate": "180"
        },
        {
          "format": "Shorten",
          "filename": "gd68-11-01t03.shn"
        }
      ]
    },
    {
      "track": "04",
      "title": "The Other One >",
      "duration": 381.05,
      "formats": [
        {
          "format": "VBR MP3",
          "filename": "gd68-11-01t04.mp3",
          "bitrate": "176"
        },
        {
          "format": "Shorten",
          "filename": "gd68-11-01t04.shn"
        }
      ]
    },
    {
      "track": "05",
      "title": "Cryptical Envelopment >",
      "duration": 248.07,
      "formats": [
        {
          "format": "VBR MP3",
          "filename": "gd68-11-01t05.mp3",
          "bitrate": "176"
        },
        {
          "format": "Shorten",
          "filename": "gd68-11-01t05.shn"
        }
      ]
    },
    {
      "track": "06",
      "title": "New Potato Caboose",
      "duration": 21.24,
      "formats": [
        {
          "format": "VBR MP3",
          "filename": "gd68-11-01t06.mp3",
          "bitrate": "174"
        },
        {
          "format": "Shorten",
          "filename": "gd68-11-01t06.shn"
        }
      ]
    },
    {
      "track": "07",
      "title": "Jam > Caution > Feedback >",
      "duration": 302.35,
      "formats": [
        {
          "format": "VBR MP3",
          "filename": "gd68-11-01t07.mp3",
          "bitrate": "174"
        },
        {
          "format": "Shorten",
          "filename": "gd68-11-01t07.shn"
        }
      ]
    },
    {
      "track": "08",
      "title": "And We Bid You Good Night",
      "duration": 38.3,
      "formats": [
        {
          "format": "VBR MP3",
          "filename": "gd68-11-01t08.mp3",
          "bitrate": "179"
        },
        {
          "format": "Shorten",
          "filename": "gd68-11-01t08.shn"
        }
      ]
    }
  ]
}