{
  "rating": 2.6133333333333333,
  "review_count": 3,
  "source_type": "AUD",
  "confidence": 0.6,
  "date": "1966-07-29",
  "venue": "P.N.E. Garden Auditorium",
  "location": "Vancouver, British Columbia",
  "raw_rating": 4.666666666666667,
  "high_ratings": 3,
  "low_ratings": 0,
  "tracks": [
    {
      "track": "01",
      "title": "Dancin' In The Street",
      "duration": 598.68,
      "formats": [
        {
          "format": "Flac",
          "filename": "gd1966-07-29.d1t01.flac"
        },
        {
          "format": "VBR MP3",
          "filename": "gd1966-07-29.d1t01.mp3",
          "bitrate": "193"
        }
      ]
    },
    {
      "track": "02",
      "title": "Cold Rain and Snow",
      "duration": 236.78,
      "formats": [
        {
          "format": "Flac",
          "filename": "gd1966-07-29.d1t02.flac"
        },
        {
          "format": "VBR MP3",
          "filename": "gd1966-07-29.d1t02.mp3",
          "bitrate": "193"
        }
      ]
    },
    {
      "track": "03",
      "title": "King Bee",
      "duration": 454.72,
      "formats": [
        {
          "format": "Flac",
          "filename": "gd1966-07-29.d1t03.flac"
        },
        {
          "format": "VBR MP3",
          "filename": "gd1966-07-29.d1t03.mp3",
          "bitrate": "195"
        }
      ]
    },
    {
      "track": "04",
      "title": "One Kind Favor",
      "duration": 279.94,
      "formats": [
        {
          "format": "Flac",
          "filename": "gd1966-07-29.d1t04.flac"
        },
        {
          "format": "VBR MP3",
          "filename": "gd1966-07-29.d1t04.mp3",
          "bitrate": "191"
        }
      ]
    },
    {
      "track": "05",
      "title": "You Don't Have To Ask",
      "duration": 368.04,
      "formats": [
        {
          "format": "Flac",
          "filename": "gd1966-07-29.d1t05.flac"
        },
        {
          "format": "VBR MP3",
          "filename": "gd1966-07-29.d1t05.mp3",
          "bitrate": "189"
        }
      ]
    },
    {
      "track": "06",
      "title": "Hey Little One",
      "duration": 342.34,
      "formats": [
        {
          "format": "Flac",
          "filename": "gd1966-07-29.d1t06.flac"
        },
        {
          "format": "VBR MP3",
          "filename": "gd1966-07-29.d1t06.mp3",
          "bitrate": "188"
        }
      ]
    },
    {
      "track": "07",
      "title": "Beat It On Down The Line",
      "duration": 160.22,
      "formats": [
        {
          "format": "Flac",
          "filename": "gd1966-07-29.d1t07.flac"
        },
        {
          "format": "VBR MP3",
          "filename": "gd1966-07-29.d1t07.mp3",
          "bitrate": "194"
        }
      ]
    },
    {
      "track": "08",
      "title": "Good Morning Little Schoolgirl",
      "duration": 672.18,
      "formats": [
        {
          "format": "Flac",
          "filename": "gd1966-07-29.d1t08.flac"
        },
        {
          "format": "VBR MP3",
          "filename": "gd1966-07-29.d1t08.mp3",
          "bitrate": "187"
        }
      ]
    },
    {
      "track": "09",
      "title": "Minglewood Blues",
      "duration": 200.49,
      "formats": [
        {
          "format": "Flac",
          "filename": "gd1966-07-29.d1t09.flac"
        },
        {
          "format": "VBR MP3",
          "filename": "gd1966-07-29.d1t09.mp3",
          "bitrate": "190"
        }
      ]
    }
  ]
}