{
  "rating": 0.0,
  "review_count": 0,
  "source_type": "AUD",
  "confidence": 0.0,
  "date": "1966-11-18",
  "venue": "Fillmore Auditorium",
  "location": "San Francisco, CA",
  "raw_rating": 0.0,
  "high_ratings": 0,
  "low_ratings": 0,
  "tracks": [
    {
      "track": "01",
      "title": "The Same Thing",
      "duration": 509.65,
      "formats": [
        {
          "format": "Flac",
          "filename": "01 The Same Thing.flac"
        }
      ]
    },
    {
      "track": "02",
      "title": "New Minglewood Blues",
      "duration": 248.47,
      "formats": [
        {
          "format": "Flac",
          "filename": "02 New Minglewood Blues.flac"
        }
      ]
    },
    {
      "track": "03",
      "title": "Nobody's Fault But Mine",
      "duration": 266.45,
      "formats": [
        {
          "format": "Flac",
          "filename": "03 Nobody's Fault But Mine.flac"
        }
      ]
    },
    {
      "track": "04",
      "title": "Beat It On Down the Line",
      "duration": 167.08,
      "formats": [
        {
          "format": "Flac",
          "filename": "04 Beat It On Down the Line.flac"
        }
      ]
    },
    {
      "track": "05",
      "title": "Next Time You See Me",
      "duration": 238.36,
      "formats": [
        {
          "format": "Flac",
          "filename": "05 Next Time You See Me.flac"
        }
      ]
    },
    {
      "track": "06",
      "title": "It's All Over Now, Baby Blue",
      "duration": 312.8,
      "formats": [
        {
          "format": "Flac",
          "filename": "06 It's All Over Now, Baby Blue.flac"
        }
      ]
    },
    {
      "track": "07",
      "title": "Viola Lee Blues //",
      "duration": 113.7,
      "formats": [
        {
          "format": "Flac",
          "filename": "07 Viola Lee Blues.flac"
        }
      ]
    }
  ]
}