{
  "rating": 1.9125,
  "review_count": 4,
  "source_type": "UNKNOWN",
  "confidence": 0.8,
  "date": "1969-05-07",
  "venue": "Polo Field - Golden Gate Park",
  "location": "San Francisco, CA",
  "raw_rating": 4.25,
  "high_ratings": 3,
  "low_ratings": 0,
  "tracks": [
    {
      "track": "01",
      "title": "Me & My Uncle",
      "duration": 183.5,
      "formats": [
        {
          "format": "VBR MP3",
          "filename": "69-05-07d1t1.mp3",
          "bitrate": "182"
        },
        {
          "format": "Shorten",
          "filename": "69-05-07d1t1.shn"
        }
      ]
    },
    {
      "track": "02",
      "title": "Stage Banter",
      "duration": 106.51,
      "formats": [
        {
          "format": "VBR MP3",
          "filename": "69-05-07d1t2.mp3",
          "bitrate": "176"
        },
        {
          "format": "Shorten",
          "filename": "69-05-07d1t2.shn"
        }
      ]
    },
    {
      "track": "03",
      "title": "Instrumental",
      "duration": 105.33,
      "formats": [
        {
          "format": "VBR MP3",
          "filename": "69-05-07d1t3.mp3",
          "bitrate": "177"
        },
        {
          "format": "Shorten",
          "filename": "69-05-07d1t3.shn"
        }
      ]
    },
    {
      "track": "04",
      "title": "The Other One ->",
      "duration": 326.97,
      "formats": [
        {
          "format": "VBR MP3",
          "filename": "69-05-07d1t4.mp3",
          "bitrate": "183"
        },
        {
          "format": "Shorten",
          "filename": "69-05-07d1t4.shn"
        }
      ]
    },
    {
      "track": "05",
      "title": "Smokestack Lightning",
      "duration": 114.54,
      "formats": [
        {
          "format": "VBR MP3",
          "filename": "69-05-07d1t5.mp3",
          "bitrate": "178"
        },
        {
          "format": "Shorten",
          "filename": "69-05-07d1t5.shn"
        }
      ]
    },
    {
      "track": "06",
      "title": "Good Lovin'",
      "duration": 220.62,
      "formats": [
        {
          "format": "VBR MP3",
          "filename": "69-05-07d1t6.mp3",
          "bitrate": "186"
        },
        {
          "format": "Shorten",
          "filename": "69-05-07d1t6.shn"
        }
      ]
    },
    {
      "track": "07",
      "title": "Stage Banter",
      "duration": 70.53,
      "formats": [
        {
          "format": "VBR MP3",
          "filename": "69-05-07d2t1.mp3",
          "bitrate": "176"
        },
        {
          "format": "Shorten",
          "filename": "69-05-07d2t1.shn"
        }
      ]
    },
    {
      "track": "08",
      "title": "Dark Star ->",
      "duration": 459.4,
      "formats": [
        {
          "format": "VBR MP3",
          "filename": "69-05-07d2t2.mp3",
          "bitrate": "180"
        },
        {
          "format": "Shorten",
          "filename": "69-05-07d2t2.shn"
        }
      ]
    },
    {
      "track": "09",
      "title": "Dark Star >",
      "duration": 61.72,
      "formats": [
        {
          "format": "VBR MP3",
          "filename": "69-05-07d2t3.mp3",
          "bitrate": "181"
        },
        {
          "format": "Shorten",
          "filename": "69-05-07d2t3.shn"
        }
      ]
    },
    {
      "track": "10",
      "title": "Dark Star >",
      "duration": 164.71,
      "formats": [
        {
          "format": "VBR MP3",
          "filename": "69-05-07d2t4.mp3",
          "bitrate": "181"
        },
        {
          "format": "Shorten",
          "filename": "69-05-07d2t4.shn"
        }
      ]
    },
    {
      "track": "11",
      "title": "Drums ->",
      "duration": 150.58,
      "formats": [
        {
          "format": "VBR MP3",
          "filename": "69-05-07d2t5.mp3",
          "bitrate": "185"
        },
        {
          "format": "Shorten",
          "filename": "69-05-07d2t5.shn"
        }
      ]
    },
    {
      "track": "12",
      "title": "Turn On Your Lovelight",
      "duration": 907.72,
      "formats": [
        {
          "format": "VBR MP3",
          "filename": "69-05-07d2t6.mp3",
          "bitrate": "181"
        },
        {
          "format": "Shorten",
          "filename": "69-05-07d2t6.shn"
        }
      ]
    },
    {
      "track": "13",
      "title": "Filler:Other Side Of This Life",
      "duration": 226.92,
      "formats": [
        {
          "format": "VBR MP3",
          "filename": "69-05-07d2t7.mp3",
          "bitrate": "183"
        },
        {
          "format": "Shorten",
          "filename": "69-05-07d2t7.shn"
        }
      ]
    }
  ]
}