{
  "rating": 2.8,
  "review_count": 2,
  "source_type": "FM",
  "confidence": 0.4,
  "date": "1968-02-14",
  "venue": "Carousel Ballroom",
  "location": "San Francisco, CA",
  "raw_rating": 5.0,
  "high_ratings": 2,
  "low_ratings": 0,
  "tracks": [
    {
      "track": "201",
      "title": "Stage Announcements",
      "duration": 42.49,
      "formats": [
        {
          "format": "Flac",
          "filename": "gd68-02-14 s2t01 Stage Announcements.flac"
        },
        {
          "format": "VBR MP3",
          "filename": "gd68-02-14 s2t01 Stage Announcements.mp3",
          "bitrate": "151"
        }
      ]
    },
    {
      "track": "202",
      "title": "That's It For The Other One >",
      "duration": 524.69,
      "formats": [
        {
          "format": "Flac",
          "filename": "gd68-02-14 s2t02 That's It For The Other One.flac"
        },
        {
          "format": "VBR MP3",
          "filename": "gd68-02-14 s2t02 That's It For The Other One.mp3",
          "bitrate": "188"
        }
      ]
    },
    {
      "track": "203",
      "title": "New Potato Caboose >",
      "duration": 522.47,
      "formats": [
        {
          "format": "Flac",
          "filename": "gd68-02-14 s2t03 New Potato Caboose.flac"
        },
        {
          "format": "VBR MP3",
          "filename": "gd68-02-14 s2t03 New Potato Caboose.mp3",
          "bitrate": "188"
        }
      ]
    },
    {
      "track": "204",
      "title": "Born Cross-Eyed >",
      "duration": 158.69,
      "formats": [
        {
          "format": "Flac",
          "filename": "gd68-02-14 s2t04 Born Cross-Eyed.flac"
        },
        {
          "format": "VBR MP3",
          "filename": "gd68-02-14 s2t04 Born Cross-Eyed.mp3",
          "bitrate": "188"
        }
      ]
    },
    {
      "track": "205",
      "title": "Spanish Jam",
      "duration": 940.31,
      "formats": [
        {
          "format": "Flac",
          "filename": "gd68-02-14 s2t05 Spanish Jam.flac"
        },
        {
          "format": "VBR MP3",
          "filename": "gd68-02-14 s2t05 Spanish Jam.mp3",
          "bitrate": "190"
        }
      ]
    },
    {
      "track": "206",
      "title": "Alligator >Drums > Alligator >",
      "duration": 876.63,
      "formats": [
        {
          "format": "Flac",
          "filename": "gd68-02-14 s2t06 Alligator.flac"
        },
        {
          "format": "VBR MP3",
          "filename": "gd68-02-14 s2t06 Alligator.mp3",
          "bitrate": "192"
        }
      ]
    },
    {
      "track": "207",
      "title": "Caution (Do Not Stop On Tracks) >",
      "duration": 588.65,
      "formats": [
        {
          "format": "Flac",
          "filename": "gd68-02-14 s2t07 Caution (Do Not Stop On Tracks).flac"
        },
        {
          "format": "VBR MP3",
          "filename": "gd68-02-14 s2t07 Caution (Do Not Stop On Tracks).mp3",
          "bitrate": "184"
        }
      ]
    },
    {
      "track": "208",
      "title": "Feedback",
      "duration": 322.45,
      "formats": [
        {
          "format": "Flac",
          "filename": "gd68-02-14 s2t08 Feedback.flac"
        },
        {
          "format": "VBR MP3",
          "filename": "gd68-02-14 s2t08 Feedback.mp3",
          "bitrate": "185"
        }
      ]
    },
    {
      "track": "209",
      "title": "Encore Break",
      "duration": 254.96,
      "formats": [
        {
          "format": "Flac",
          "filename": "gd68-02-14 s2t09 Encore Break.flac"
        },
        {
          "format": "VBR MP3",
          "filename": "gd68-02-14 s2t09 Encore Break.mp3",
          "bitrate": "178"
        }
      ]
    },
    {
      "track": "210",
      "title": "In The Midnight Hour",
      "duration": 606.96,
      "formats": [
        {
          "format": "Flac",
          "filename": "gd68-02-14 s2t10 Midnight Hour.flac"
        },
        {
          "format": "VBR MP3",
          "filename": "gd68-02-14 s2t10 Midnight Hour.mp3",
          "bitrate": "184"
        }
      ]
    },
    {
      "track": "211",
      "title": "Stage Announcements",
      "duration": 87.41,
      "formats": [
        {
          "format": "Flac",
          "filename": "gd68-02-14 s2t11 Stage Announcements.flac"
        },
        {
          "format": "VBR MP3",
          "filename": "gd68-02-14 s2t11 Stage Announcements.mp3",
          "bitrate": "179"
        }
      ]
    }
  ]
}