{
  "rating": 1.866666666666667,
  "review_count": 3,
  "source_type": "UNKNOWN",
  "confidence": 0.6,
  "date": "1968-08-21",
  "venue": "Fillmore West",
  "location": "San Francisco, CA",
  "raw_rating": 4.666666666666667,
  "high_ratings": 3,
  "low_ratings": 0,
  "tracks": [
    {
      "track": "01",
      "title": "That's It For The Other One",
      "duration": 938.01,
      "formats": [
        {
          "format": "Flac",
          "filename": "gd68-08-21.s1t01.flac"
        },
        {
          "format": "VBR MP3",
          "filename": "gd68-08-21.s1t01.mp3",
          "bitrate": "196"
        }
      ]
    },
    {
      "track": "02",
      "title": "Good Morning Little School Girl",
      "duration": 895.44,
      "formats": [
        {
          "format": "Flac",
          "filename": "gd68-08-21.s1t02.flac"
        },
        {
          "format": "VBR MP3",
          "filename": "gd68-08-21.s1t02.mp3",
          "bitrate": "196"
        }
      ]
    },
    {
      "track": "03",
      "title": "Alligator",
      "duration": 1268.27,
      "formats": [
        {
          "format": "Flac",
          "filename": "gd68-08-21.s1t03.flac"
        },
        {
          "format": "VBR MP3",
          "filename": "gd68-08-21.s1t03.mp3",
          "bitrate": "189"
        }
      ]
    },
    {
      "track": "04",
      "title": "Dark Star ->",
      "duration": 825.09,
      "formats": [
        {
          "format": "Flac",
          "filename": "gd68-08-21.s2t01.flac"
        },
        {
          "format": "VBR MP3",
          "filename": "gd68-08-21.s2t01.mp3",
          "bitrate": "190"
        }
      ]
    },
    {
      "track": "05",
      "title": "Saint Stephen ->",
      "duration": 212.36,
      "formats": [
        {
          "format": "Flac",
          "filename": "gd68-08-21.s2t02.flac"
        },
        {
          "format": "VBR MP3",
          "filename": "gd68-08-21.s2t02.mp3",
          "bitrate": "186"
        }
      ]
    },
    {
      "track": "06",
      "title": "The Eleven ->",
      "duration": 716.37,
      "formats": [
        {
          "format": "Flac",
          "filename": "gd68-08-21.s2t03.flac"
        },
        {
          "format": "VBR MP3",
          "filename": "gd68-08-21.s2t03.mp3",
          "bitrate": "187"
        }
      ]
    },
    {
      "track": "07",
      "title": "Death Don't Have No Mercy ->",
      "duration": 469.62,
      "formats": [
        {
          "format": "Flac",
          "filename": "gd68-08-21.s2t04.flac"
        },
        {
          "format": "VBR MP3",
          "filename": "gd68-08-21.s2t04.mp3",
          "bitrate": "185"
        }
      ]
    },
    {
      "track": "08",
      "title": "Turn On Your Love Light",
      "duration": 643.94,
      "formats": [
        {
          "format": "Flac",
          "filename": "gd68-08-21.s2t05.flac"
        },
        {
          "format": "VBR MP3",
          "filename": "gd68-08-21.s2t05.mp3",
          "bitrate": "186"
        }
      ]
    },
    {
      "track": "09",
      "title": "Midnight Hour",
      "duration": 677.57,
      "formats": [
        {
          "format": "Flac",
          "filename": "gd68-08-21.s2t06.flac"
        },
        {
          "format": "VBR MP3",
          "filename": "gd68-08-21.s2t06.mp3",
          "bitrate": "183"
        }
      ]
    }
  ]
}