{
  "rating": 2.375,
  "review_count": 8,
  "source_type": "UNKNOWN",
  "confidence": 1.0,
  "date": "1969-02-22",
  "venue": "Dream Bowl",
  "location": "Vallejo, CA",
  "raw_rating": 4.75,
  "high_ratings": 8,
  "low_ratings": 0,
  "tracks": [
    {
      "track": "01",
      "title": "Dupree's Diamond Blues >",
      "duration": 134.36,
      "formats": [
        {
          "format": "VBR MP3",
          "filename": "gd69-02-22d1t1.mp3",
          "bitrate": "191"
        },
        {
          "format": "Shorten",
          "filename": "gd69-02-22d1t1.shn"
        }
      ]
    },
    {
      "track": "02",
      "title": "Mountains of the Moon >",
      "duration": 114.9,
      "formats": [
        {
          "format": "VBR MP3",
          "filename": "gd69-02-22d1t2.mp3",
          "bitrate": "184"
        },
        {
          "format": "Shorten",
          "filename": "gd69-02-22d1t2.shn"
        }
      ]
    },
    {
      "track": "03",
      "title": "Dark Star",
      "duration": 730.31,
      "formats": [
        {
          "format": "VBR MP3",
          "filename": "gd69-02-22d1t3.mp3",
          "bitrate": "192"
        },
        {
          "format": "Shorten",
          "filename": "gd69-02-22d1t3.shn"
        }
      ]
    },
    {
      "track": "04",
      "title": "Cryptical Envelopment >",
      "duration": 63.25,
      "formats": [
        {
          "format": "VBR MP3",
          "filename": "gd69-02-22d1t4.mp3",
          "bitrate": "190"
        },
        {
          "format": "Shorten",
          "filename": "gd69-02-22d1t4.shn"
        }
      ]
    },
    {
      "track": "05",
      "title": "Drumz > The Other One >",
      "duration": 283.72,
      "formats": [
        {
          "format": "VBR MP3",
          "filename": "gd69-02-22d1t5.mp3",
          "bitrate": "199"
        },
        {
          "format": "Shorten",
          "filename": "gd69-02-22d1t5.shn"
        }
      ]
    },
    {
      "track": "06",
      "title": "Cryptical Envelopment >",
      "duration": 313.71,
      "formats": [
        {
          "format": "VBR MP3",
          "filename": "gd69-02-22d1t6.mp3",
          "bitrate": "194"
        },
        {
          "format": "Shorten",
          "filename": "gd69-02-22d1t6.shn"
        }
      ]
    },
    {
      "track": "07",
      "title": "Death Don't Have No Mercy",
      "duration": 214.12,
      "formats": [
        {
          "format": "VBR MP3",
          "filename": "gd69-02-22d1t7.mp3",
          "bitrate": "190"
        },
        {
          "format": "Shorten",
          "filename": "gd69-02-22d1t7.shn"
        }
      ]
    },
    {
      "track": "08",
      "title": "Doin' That Rag",
      "duration": 229.58,
      "formats": [
        {
          "format": "VBR MP3",
          "filename": "gd69-02-22d2t1.mp3",
          "bitrate": "190"
        },
        {
          "format": "Shorten",
          "filename": "gd69-02-22d2t1.shn"
        }
      ]
    },
    {
      "track": "09",
      "title": "St. Stephen >",
      "duration": 217.97,
      "formats": [
        {
          "format": "VBR MP3",
          "filename": "gd69-02-22d2t2.mp3",
          "bitrate": "193"
        },
        {
          "format": "Shorten",
          "filename": "gd69-02-22d2t2.shn"
        }
      ]
    },
    {
      "track": "10",
      "title": "The Eleven >",
      "duration": 616.02,
      "formats": [
        {
          "format": "VBR MP3",
          "filename": "gd69-02-22d2t3.mp3",
          "bitrate": "195"
        },
        {
          "format": "Shorten",
          "filename": "gd69-02-22d2t3.shn"
        }
      ]
    },
    {
      "track": "11",
      "title": "Lovelight",
      "duration": 696.44,
      "formats": [
        {
          "format": "VBR MP3",
          "filename": "gd69-02-22d2t4.mp3",
          "bitrate": "182"
        },
        {
          "format": "Shorten",
          "filename": "gd69-02-22d2t4.shn"
        }
      ]
    }
  ]
}