{
  "rating": 3.4425000000000003,
  "review_count": 4,
  "source_type": "MATRIX",
  "confidence": 0.8,
  "date": "1968-10-10",
  "venue": "The Matrix",
  "location": "San Francisco, CA",
  "raw_rating": 4.25,
  "high_ratings": 3,
  "low_ratings": 0,
  "tracks": [
    {
      "track": "01",
      "title": "Jam",
      "duration": 133.8,
      "formats": [
        {
          "format": "VBR MP3",
          "filename": "gd68-10-10d1t01.mp3",
          "bitrate": "177"
        },
        {
          "format": "Shorten",
          "filename": "gd68-10-10d1t01.shn"
        }
      ]
    },
    {
      "track": "02",
      "title": "Lovelight Jam ->",
      "duration": 413.86,
      "formats": [
        {
          "format": "VBR MP3",
          "filename": "gd68-10-10d1t02.mp3",
          "bitrate": "191"
        },
        {
          "format": "Shorten",
          "filename": "gd68-10-10d1t02.shn"
        }
      ]
    },
    {
      "track": "03",
      "title": "Drums ->",
      "duration": 183.68,
      "formats": [
        {
          "format": "VBR MP3",
          "filename": "gd68-10-10d1t03.mp3",
          "bitrate": "191"
        },
        {
          "format": "Shorten",
          "filename": "gd68-10-10d1t03.shn"
        }
      ]
    },
    {
      "track": "04",
      "title": "Jam ->",
      "duration": 388.77,
      "formats": [
        {
          "format": "VBR MP3",
          "filename": "gd68-10-10d1t04.mp3",
          "bitrate": "193"
        },
        {
          "format": "Shorten",
          "filename": "gd68-10-10d1t04.shn"
        }
      ]
    },
    {
      "track": "05",
      "title": "Other One Jam ->",
      "duration": 188.16,
      "formats": [
        {
          "format": "VBR MP3",
          "filename": "gd68-10-10d1t05.mp3",
          "bitrate": "192"
        },
        {
          "format": "Shorten",
          "filename": "gd68-10-10d1t05.shn"
        }
      ]
    },
    {
      "track": "06",
      "title": "Jam ->",
      "duration": 147.73,
      "formats": [
        {
          "format": "VBR MP3",
          "filename": "gd68-10-10d1t06.mp3",
          "bitrate": "189"
        },
        {
          "format": "Shorten",
          "filename": "gd68-10-10d1t06.shn"
        }
      ]
    },
    {
      "track": "07",
      "title": "Death Don't Have No Mercy",
      "duration": 243.86,
      "formats": [
        {
          "format": "VBR MP3",
          "filename": "gd68-10-10d1t07.mp3",
          "bitrate": "187"
        },
        {
          "format": "Shorten",
          "filename": "gd68-10-10d1t07.shn"
        }
      ]
    },
    {
      "track": "08",
      "title": "'It's In The Book' ->",
      "duration": 18.27,
      "formats": [
        {
          "format": "VBR MP3",
          "filename": "gd68-10-10d2t01.mp3",
          "bitrate": "182"
        },
        {
          "format": "Shorten",
          "filename": "gd68-10-10d2t01.shn"
        }
      ]
    },
    {
      "track": "09",
      "title": "Dark Star Jam ->",
      "duration": 405.29,
      "formats": [
        {
          "format": "VBR MP3",
          "filename": "gd68-10-10d2t02.mp3",
          "bitrate": "193"
        },
        {
          "format": "Shorten",
          "filename": "gd68-10-10d2t02.shn"
        }
      ]
    },
    {
      "track": "10",
      "title": "Eleven Jam ->",
      "duration": 211.6,
      "formats": [
        {
          "format": "VBR MP3",
          "filename": "gd68-10-10d2t03.mp3",
          "bitrate": "195"
        },
        {
          "format": "Shorten",
          "filename": "gd68-10-10d2t03.shn"
        }
      ]
    },
    {
      "track": "11",
      "title": "The Seven",
      "duration": 330.68,
      "formats": [
        {
          "format": "VBR MP3",
          "filename": "gd68-10-10d2t04.mp3",
          "bitrate": "192"
        },
        {
          "format": "Shorten",
          "filename": "gd68-10-10d2t04.shn"
        }
      ]
    },
    {
      "track": "12",
      "title": "Jam",
      "duration": 878.55,
      "formats": [
        {
          "format": "VBR MP3",
          "filename": "gd68-10-10d2t05.mp3",
          "bitrate": "205"
        },
        {
          "format": "Shorten",
          "filename": "gd68-10-10d2t05.shn"
        }
      ]
    },
    {
      "track": "13",
      "title": "It's A Sin",
      "duration": 199.67,
      "formats": [
        {
          "format": "VBR MP3",
          "filename": "gd68-10-10d3t01.mp3",
          "bitrate": "174"
        },
        {
          "format": "Shorten",
          "filename": "gd68-10-10d3t01.shn"
        }
      ]
    },
    {
      "track": "14",
      "title": "break with chatter",
      "duration": 29.63,
      "formats": [
        {
          "format": "VBR MP3",
          "filename": "gd68-10-10d3t02.mp3",
          "bitrate": "168"
        },
        {
          "format": "Shorten",
          "filename": "gd68-10-10d3t02.shn"
        }
      ]
    },
    {
      "track": "15",
      "title": "Next Time Jam",
      "duration": 253.85,
      "formats": [
        {
          "format": "VBR MP3",
          "filename": "gd68-10-10d3t03.mp3",
          "bitrate": "206"
        },
        {
          "format": "Shorten",
          "filename": "gd68-10-10d3t03.shn"
        }
      ]
    },
    {
      "track": "16",
      "title": "Rub Jam",
      "duration": 171.33,
      "formats": [
        {
          "format": "VBR MP3",
          "filename": "gd68-10-10d3t04.mp3",
          "bitrate": "212"
        },
        {
          "format": "Shorten",
          "filename": "gd68-10-10d3t04.shn"
        }
      ]
    },
    {
      "track": "17",
      "title": "Look On Yonder Wall",
      "duration": 120.04,
      "formats": [
        {
          "format": "VBR MP3",
          "filename": "gd68-10-10d3t05.mp3",
          "bitrate": "203"
        },
        {
          "format": "Shorten",
          "filename": "gd68-10-10d3t05.shn"
        }
      ]
    },
    {
      "track": "18",
      "title": "Jam",
      "duration": 600.29,
      "formats": [
        {
          "format": "VBR MP3",
          "filename": "gd68-10-10d3t06.mp3",
          "bitrate": "179"
        },
        {
          "format": "Shorten",
          "filename": "gd68-10-10d3t06.shn"
        }
      ]
    }
  ]
}