{
  "rating": 2.357142857142857,
  "review_count": 7,
  "source_type": "UNKNOWN",
  "confidence": 1.0,
  "date": "1969-04-21",
  "venue": "The Ark",
  "location": "Boston, MA",
  "raw_rating": 4.714285714285714,
  "high_ratings": 7,
  "low_ratings": 0,
  "tracks": [
    {
      "track": "1",
      "title": "Intro",
      "duration": 45.27,
      "formats": [
        {
          "format": "VBR MP3",
          "filename": "gd69-04-21d1t01.mp3",
          "bitrate": "182"
        },
        {
          "format": "Ogg Vorbis",
          "filename": "gd69-04-21d1t01.ogg"
        },
        {
          "format": "Shorten",
          "filename": "gd69-04-21d1t01.shn"
        },
        {
          "format": "VBR MP3",
          "filename": "gd69-04-21d1t01_vbr.mp3",
          "bitrate": "179"
        }
      ]
    },
    {
      "track": "2",
      "title": "Hard To Handle",
      "duration": 170.55,
      "formats": [
        {
          "format": "VBR MP3",
          "filename": "gd69-04-21d1t02.mp3",
          "bitrate": "184"
        },
        {
          "format": "Ogg Vorbis",
          "filename": "gd69-04-21d1t02.ogg"
        },
        {
          "format": "Shorten",
          "filename": "gd69-04-21d1t02.shn"
        },
        {
          "format": "VBR MP3",
          "filename": "gd69-04-21d1t02_vbr.mp3",
          "bitrate": "201"
        }
      ]
    },
    {
      "track": "3",
      "title": "Morning Dew",
      "duration": 281.62,
      "formats": [
        {
          "format": "VBR MP3",
          "filename": "gd69-04-21d1t03.mp3",
          "bitrate": "180"
        },
        {
          "format": "Ogg Vorbis",
          "filename": "gd69-04-21d1t03.ogg"
        },
        {
          "format": "Shorten",
          "filename": "gd69-04-21d1t03.shn"
        },
        {
          "format": "VBR MP3",
          "filename": "gd69-04-21d1t03_vbr.mp3",
          "bitrate": "196"
        }
      ]
    },
    {
      "track": "4",
      "title": "Cryptical Envelopment > Drums",
      "duration": 60.69,
      "formats": [
        {
          "format": "VBR MP3",
          "filename": "gd69-04-21d1t04.mp3",
          "bitrate": "180"
        },
        {
          "format": "Ogg Vorbis",
          "filename": "gd69-04-21d1t04.ogg"
        },
        {
          "format": "Shorten",
          "filename": "gd69-04-21d1t04.shn"
        },
        {
          "format": "VBR MP3",
          "filename": "gd69-04-21d1t04_vbr.mp3",
          "bitrate": "189"
        }
      ]
    },
    {
      "track": "5",
      "title": "The Other One",
      "duration": 318.64,
      "formats": [
        {
          "format": "VBR MP3",
          "filename": "gd69-04-21d1t05.mp3",
          "bitrate": "187"
        },
        {
          "format": "Ogg Vorbis",
          "filename": "gd69-04-21d1t05.ogg"
        },
        {
          "format": "Shorten",
          "filename": "gd69-04-21d1t05.shn"
        },
        {
          "format": "VBR MP3",
          "filename": "gd69-04-21d1t05_vbr.mp3",
          "bitrate": "203"
        }
      ]
    },
    {
      "track": "6",
      "title": "Cryptical Envelopment",
      "duration": 86.37,
      "formats": [
        {
          "format": "VBR MP3",
          "filename": "gd69-04-21d1t06.mp3",
          "bitrate": "185"
        },
        {
          "format": "Ogg Vorbis",
          "filename": "gd69-04-21d1t06.ogg"
        },
        {
          "format": "Shorten",
          "filename": "gd69-04-21d1t06.shn"
        },
        {
          "format": "VBR MP3",
          "filename": "gd69-04-21d1t06_vbr.mp3",
          "bitrate": "199"
        }
      ]
    },
    {
      "track": "7",
      "title": "Sittin' on Top of the World",
      "duration": 110.7,
      "formats": [
        {
          "format": "VBR MP3",
          "filename": "gd69-04-21d1t07.mp3",
          "bitrate": "183"
        },
        {
          "format": "Ogg Vorbis",
          "filename": "gd69-04-21d1t07.ogg"
        },
        {
          "format": "Shorten",
          "filename": "gd69-04-21d1t07.shn"
        },
        {
          "format": "VBR MP3",
          "filename": "gd69-04-21d1t07_vbr.mp3",
          "bitrate": "196"
        }
      ]
    },
    {
      "track": "8",
      "title": "Alligator",
      "duration": 130.65,
      "formats": [
        {
          "format": "VBR MP3",
          "filename": "gd69-04-21d1t08.mp3",
          "bitrate": "185"
        },
        {
          "format": "Ogg Vorbis",
          "filename": "gd69-04-21d1t08.ogg"
        },
        {
          "format": "Shorten",
          "filename": "gd69-04-21d1t08.shn"
        },
        {
          "format": "VBR MP3",
          "filename": "gd69-04-21d1t08_vbr.mp3",
          "bitrate": "194"
        }
      ]
    },
    {
      "track": "9",
      "title": "Drums",
      "duration": 103.71,
      "formats": [
        {
          "format": "VBR MP3",
          "filename": "gd69-04-21d1t09.mp3",
          "bitrate": "189"
        },
        {
          "format": "Ogg Vorbis",
          "filename": "gd69-04-21d1t09.ogg"
        },
        {
          "format": "Shorten",
          "filename": "gd69-04-21d1t09.shn"
        },
        {
          "format": "VBR MP3",
          "filename": "gd69-04-21d1t09_vbr.mp3",
          "bitrate": "193"
        }
      ]
    },
    {
      "track": "10",
      "title": "Alligator",
      "duration": 242.66,
      "formats": [
        {
          "format": "VBR MP3",
          "filename": "gd69-04-21d1t10.mp3",
          "bitrate": "185"
        },
        {
          "format": "Ogg Vorbis",
          "filename": "gd69-04-21d1t10.ogg"
        },
        {
          "format": "Shorten",
          "filename": "gd69-04-21d1t10.shn"
        },
        {
          "format": "VBR MP3",
          "filename": "gd69-04-21d1t10_vbr.mp3",
          "bitrate": "194"
        }
      ]
    },
    {
      "track": "11",
      "title": "Doin' That Rag",
      "duration": 209.01,
      "formats": [
        {
          "format": "VBR MP3",
          "filename": "gd69-04-21d1t11.mp3",
          "bitrate": "180"
        },
        {
          "format": "Ogg Vorbis",
          "filename": "gd69-04-21d1t11.ogg"
        },
        {
          "format": "Shorten",
          "filename": "gd69-04-21d1t11.shn"
        },
        {
          "format": "VBR MP3",
          "filename": "gd69-04-21d1t11_vbr.mp3",
          "bitrate": "189"
        }
      ]
    },
    {
      "track": "12",
      "title": "Foxy Lady Jam",
      "duration": 52.65,
      "formats": [
        {
          "format": "VBR MP3",
          "filename": "gd69-04-21d2t01.mp3",
          "bitrate": "184"
        },
        {
          "format": "Ogg Vorbis",
          "filename": "gd69-04-21d2t01.ogg"
        },
        {
          "format": "Shorten",
          "filename": "gd69-04-21d2t01.shn"
        },
        {
          "format": "VBR MP3",
          "filename": "gd69-04-21d2t01_vbr.mp3",
          "bitrate": "197"
        }
      ]
    },
    {
      "track": "13",
      "title": "Dark Star",
      "duration": 654.24,
      "formats": [
        {
          "format": "VBR MP3",
          "filename": "gd69-04-21d2t02.mp3",
          "bitrate": "183"
        },
        {
          "format": "Ogg Vorbis",
          "filename": "gd69-04-21d2t02.ogg"
        },
        {
          "format": "Shorten",
          "filename": "gd69-04-21d2t02.shn"
        },
        {
          "format": "VBR MP3",
          "filename": "gd69-04-21d2t02_vbr.mp3",
          "bitrate": "195"
        }
      ]
    },
    {
      "track": "14",
      "title": "Saint Stephen",
      "duration": 178.16,
      "formats": [
        {
          "format": "VBR MP3",
          "filename": "gd69-04-21d2t03.mp3",
          "bitrate": "184"
        },
        {
          "format": "Ogg Vorbis",
          "filename": "gd69-04-21d2t03.ogg"
        },
        {
          "format": "Shorten",
          "filename": "gd69-04-21d2t03.shn"
        },
        {
          "format": "VBR MP3",
          "filename": "gd69-04-21d2t03_vbr.mp3",
          "bitrate": "197"
        }
      ]
    },
    {
      "track": "15",
      "title": "The Eleven",
      "duration": 413.03,
      "formats": [
        {
          "format": "VBR MP3",
          "filename": "gd69-04-21d2t04.mp3",
          "bitrate": "187"
        },
        {
          "format": "Ogg Vorbis",
          "filename": "gd69-04-21d2t04.ogg"
        },
        {
          "format": "Shorten",
          "filename": "gd69-04-21d2t04.shn"
        },
        {
          "format": "VBR MP3",
          "filename": "gd69-04-21d2t04_vbr.mp3",
          "bitrate": "197"
        }
      ]
    },
    {
      "track": "16",
      "title": "Turn On Your Lovelight",
      "duration": 824.2,
      "formats": [
        {
          "format": "VBR MP3",
          "filename": "gd69-04-21d2t05.mp3",
          "bitrate": "187"
        },
        {
          "format": "Ogg Vorbis",
          "filename": "gd69-04-21d2t05.ogg"
        },
        {
          "format": "Shorten",
          "filename": "gd69-04-21d2t05.shn"
        },
        {
          "format": "VBR MP3",
          "filename": "gd69-04-21d2t05_vbr.mp3",
          "bitrate": "197"
        }
      ]
    },
    {
      "track": "17",
      "title": "Viola Lee Blues",
      "duration": 539.23,
      "formats": [
        {
          "format": "VBR MP3",
          "filename": "gd69-04-21d3t01.mp3",
          "bitrate": "184"
        },
        {
          "format": "Ogg Vorbis",
          "filename": "gd69-04-21d3t01.ogg"
        },
        {
          "format": "Shorten",
          "filename": "gd69-04-21d3t01.shn"
        },
        {
          "format": "VBR MP3",
          "filename": "gd69-04-21d3t01_vbr.mp3",
          "bitrate": "196"
        }
      ]
    },
    {
      "track": "18",
      "title": "Feedback",
      "duration": 157.21,
      "formats": [
        {
          "format": "VBR MP3",
          "filename": "gd69-04-21d3t02.mp3",
          "bitrate": "182"
        },
        {
          "format": "Ogg Vorbis",
          "filename": "gd69-04-21d3t02.ogg"
        },
        {
          "format": "Shorten",
          "filename": "gd69-04-21d3t02.shn"
        },
        {
          "format": "VBR MP3",
          "filename": "gd69-04-21d3t02_vbr.mp3",
          "bitrate": "191"
        }
      ]
    },
    {
      "track": "19",
      "title": "Clementine",
      "duration": 217.94,
      "formats": [
        {
          "format": "VBR MP3",
          "filename": "gd69-04-21d3t03.mp3",
          "bitrate": "165"
        },
        {
          "format": "Ogg Vorbis",
          "filename": "gd69-04-21d3t03.ogg"
        },
        {
          "format": "Shorten",
          "filename": "gd69-04-21d3t03.shn"
        },
        {
          "format": "VBR MP3",
          "filename": "gd69-04-21d3t03_vbr.mp3",
          "bitrate": "161"
        }
      ]
    },
    {
      "track": "20",
      "title": "New Potato Caboose",
      "duration": 319.78,
      "formats": [
        {
          "format": "VBR MP3",
          "filename": "gd69-04-21d3t04.mp3",
          "bitrate": "169"
        },
        {
          "format": "Ogg Vorbis",
          "filename": "gd69-04-21d3t04.ogg"
        },
        {
          "format": "Shorten",
          "filename": "gd69-04-21d3t04.shn"
        },
        {
          "format": "VBR MP3",
          "filename": "gd69-04-21d3t04_vbr.mp3",
          "bitrate": "164"
        }
      ]
    },
    {
      "track": "21",
      "title": "Born Cross Eyed",
      "duration": 171.76,
      "formats": [
        {
          "format": "VBR MP3",
          "filename": "gd69-04-21d3t05.mp3",
          "bitrate": "169"
        },
        {
          "format": "Ogg Vorbis",
          "filename": "gd69-04-21d3t05.ogg"
        },
        {
          "format": "Shorten",
          "filename": "gd69-04-21d3t05.shn"
        },
        {
          "format": "VBR MP3",
          "filename": "gd69-04-21d3t05_vbr.mp3",
          "bitrate": "164"
        }
      ]
    },
    {
      "track": "22",
      "title": "Spanish Jam",
      "duration": 349.42,
      "formats": [
        {
          "format": "VBR MP3",
          "filename": "gd69-04-21d3t06.mp3",
          "bitrate": "170"
        },
        {
          "format": "Ogg Vorbis",
          "filename": "gd69-04-21d3t06.ogg"
        },
        {
          "format": "Shorten",
          "filename": "gd69-04-21d3t06.shn"
        },
        {
          "format": "VBR MP3",
          "filename": "gd69-04-21d3t06_vbr.mp3",
          "bitrate": "163"
        }
      ]
    },
    {
      "track": "23",
      "title": "Caution (Do Not Step on Tracks) Jam",
      "duration": 73.89,
      "formats": [
        {
          "format": "VBR MP3",
          "filename": "gd69-04-21d3t07.mp3",
          "bitrate": "167"
        },
        {
          "format": "Ogg Vorbis",
          "filename": "gd69-04-21d3t07.ogg"
        },
        {
          "format": "Shorten",
          "filename": "gd69-04-21d3t07.shn"
        },
        {
          "format": "VBR MP3",
          "filename": "gd69-04-21d3t07_vbr.mp3",
          "bitrate": "159"
        }
      ]
    }
  ]
}