{
  "rating": 2.25,
  "review_count": 4,
  "source_type": "UNKNOWN",
  "confidence": 0.8,
  "date": "1969-04-20",
  "venue": "Clark University",
  "location": "Worcester, MA",
  "raw_rating": 5.0,
  "high_ratings": 4,
  "low_ratings": 0,
  "tracks": [
    {
      "track": "01",
      "title": "Dark Star ->",
      "duration": 748.37,
      "formats": [
        {
          "format": "VBR MP3",
          "filename": "gd69-04-20pt1.mp3",
          "bitrate": "175"
        },
        {
          "format": "Shorten",
          "filename": "gd69-04-20pt1.shn"
        },
        {
          "format": "VBR MP3",
          "filename": "gd69-04-20pt1_vbr.mp3",
          "bitrate": "184"
        }
      ]
    },
    {
      "track": "02",
      "title": "St Stephen",
      "duration": 186.76,
      "formats": [
        {
          "format": "VBR MP3",
          "filename": "gd69-04-20pt2.mp3",
          "bitrate": "175"
        },
        {
          "format": "Shorten",
          "filename": "gd69-04-20pt2.shn"
        },
        {
          "format": "VBR MP3",
          "filename": "gd69-04-20pt2_vbr.mp3",
          "bitrate": "180"
        }
      ]
    },
    {
      "track": "03",
      "title": "Encore) Dupree's Diamond Blues ->",
      "duration": 144.52,
      "formats": [
        {
          "format": "VBR MP3",
          "filename": "gd69-04-20pt3.mp3",
          "bitrate": "169"
        },
        {
          "format": "Shorten",
          "filename": "gd69-04-20pt3.shn"
        },
        {
          "format": "VBR MP3",
          "filename": "gd69-04-20pt3_vbr.mp3",
          "bitrate": "186"
        }
      ]
    },
    {
      "track": "04",
      "title": "Mountains Of The Moon",
      "duration": 179.87,
      "formats": [
        {
          "format": "VBR MP3",
          "filename": "gd69-04-20pt4.mp3",
          "bitrate": "175"
        },
        {
          "format": "Shorten",
          "filename": "gd69-04-20pt4.shn"
        },
        {
          "format": "VBR MP3",
          "filename": "gd69-04-20pt4_vbr.mp3",
          "bitrate": "179"
        }
      ]
    }
  ]
}