{
  "rating": 3.31578947368421,
  "review_count": 19,
  "source_type": "AUD",
  "confidence": 1.0,
  "date": "1966-07-16",
  "venue": "Fillmore Auditorium",
  "location": "San Francisco, CA",
  "raw_rating": 4.7368421052631575,
  "high_ratings": 17,
  "low_ratings": 0,
  "tracks": [
    {
      "track": "01",
      "title": "I Know You Rider",
      "duration": 203.89,
      "formats": [
        {
          "format": "Flac",
          "filename": "gd66-07-16d1t01.flac"
        },
        {
          "format": "VBR MP3",
          "filename": "gd66-07-16d1t01.mp3",
          "bitrate": "188"
        }
      ]
    },
    {
      "track": "02",
      "title": "Big Boss Man",
      "duration": 313.62,
      "formats": [
        {
          "format": "Flac",
          "filename": "gd66-07-16d1t02.flac"
        },
        {
          "format": "VBR MP3",
          "filename": "gd66-07-16d1t02.mp3",
          "bitrate": "190"
        }
      ]
    },
    {
      "track": "03",
      "title": "Standing On The Corner",
      "duration": 248.1,
      "formats": [
        {
          "format": "Flac",
          "filename": "gd66-07-16d1t03.flac"
        },
        {
          "format": "VBR MP3",
          "filename": "gd66-07-16d1t03.mp3",
          "bitrate": "189"
        }
      ]
    },
    {
      "track": "04",
      "title": "Beat It On Down The Line",
      "duration": 203.04,
      "formats": [
        {
          "format": "Flac",
          "filename": "gd66-07-16d1t04.flac"
        },
        {
          "format": "VBR MP3",
          "filename": "gd66-07-16d1t04.mp3",
          "bitrate": "194"
        }
      ]
    },
    {
      "track": "05",
      "title": "In The Pines",
      "duration": 346.84,
      "formats": [
        {
          "format": "Flac",
          "filename": "gd66-07-16d1t05.flac"
        },
        {
          "format": "VBR MP3",
          "filename": "gd66-07-16d1t05.mp3",
          "bitrate": "191"
        }
      ]
    },
    {
      "track": "06",
      "title": "Cardboard Cowboy",
      "duration": 149.58,
      "formats": [
        {
          "format": "Flac",
          "filename": "gd66-07-16d1t06.flac"
        },
        {
          "format": "VBR MP3",
          "filename": "gd66-07-16d1t06.mp3",
          "bitrate": "193"
        }
      ]
    },
    {
      "track": "07",
      "title": "Nobody's Fault But Mine",
      "duration": 252.32,
      "formats": [
        {
          "format": "Flac",
          "filename": "gd66-07-16d1t07.flac"
        },
        {
          "format": "VBR MP3",
          "filename": "gd66-07-16d1t07.mp3",
          "bitrate": "193"
        }
      ]
    },
    {
      "track": "08",
      "title": "Next Time You See Me",
      "duration": 213.16,
      "formats": [
        {
          "format": "Flac",
          "filename": "gd66-07-16d1t08.flac"
        },
        {
          "format": "VBR MP3",
          "filename": "gd66-07-16d1t08.mp3",
          "bitrate": "188"
        }
      ]
    },
    {
      "track": "09",
      "title": "He Was A Friend Of Mine",
      "duration": 335.77,
      "formats": [
        {
          "format": "Flac",
          "filename": "gd66-07-16d1t09.flac"
        },
        {
          "format": "VBR MP3",
          "filename": "gd66-07-16d1t09.mp3",
          "bitrate": "191"
        }
      ]
    },
    {
      "track": "10",
      "title": "Cream Puff War",
      "duration": 359.66,
      "formats": [
        {
          "format": "Flac",
          "filename": "gd66-07-16d1t10.flac"
        },
        {
          "format": "VBR MP3",
          "filename": "gd66-07-16d1t10.mp3",
          "bitrate": "192"
        }
      ]
    },
    {
      "track": "11",
      "title": "Viola Lee Blues",
      "duration": 584.38,
      "formats": [
        {
          "format": "Flac",
          "filename": "gd66-07-16d1t11.flac"
        },
        {
          "format": "VBR MP3",
          "filename": "gd66-07-16d1t11.mp3",
          "bitrate": "191"
        }
      ]
    },
    {
      "track": "12",
      "title": "Don't Ease Me In ->",
      "duration": 164.45,
      "formats": [
        {
          "format": "Flac",
          "filename": "gd66-07-16d1t12.flac"
        },
        {
          "format": "VBR MP3",
          "filename": "gd66-07-16d1t12.mp3",
          "bitrate": "188"
        }
      ]
    },
    {
      "track": "13",
      "title": "Pain In My Heart",
      "duration": 268.7,
      "formats": [
        {
          "format": "Flac",
          "filename": "gd66-07-16d1t13.flac"
        },
        {
          "format": "VBR MP3",
          "filename": "gd66-07-16d1t13.mp3",
          "bitrate": "189"
        }
      ]
    },
    {
      "track": "14",
      "title": "Minglewood Blues ->",
      "duration": 249.1,
      "formats": [
        {
          "format": "Flac",
          "filename": "gd66-07-16d1t14.flac"
        },
        {
          "format": "VBR MP3",
          "filename": "gd66-07-16d1t14.mp3",
          "bitrate": "190"
        }
      ]
    },
    {
      "track": "15",
      "title": "Sittin' On Top Of The World",
      "duration": 218.65,
      "formats": [
        {
          "format": "Flac",
          "filename": "gd66-07-16d1t15.flac"
        },
        {
          "format": "VBR MP3",
          "filename": "gd66-07-16d1t15.mp3",
          "bitrate": "188"
        }
      ]
    },
    {
      "track": "16",
      "title": "You Don't Have To Ask",
      "duration": 306.56,
      "formats": [
        {
          "format": "Flac",
          "filename": "gd66-07-16d2t01.flac"
        },
        {
          "format": "VBR MP3",
          "filename": "gd66-07-16d2t01.mp3",
          "bitrate": "186"
        }
      ]
    },
    {
      "track": "17",
      "title": "Cold Rain And Snow ->",
      "duration": 299.48,
      "formats": [
        {
          "format": "Flac",
          "filename": "gd66-07-16d2t02.flac"
        },
        {
          "format": "VBR MP3",
          "filename": "gd66-07-16d2t02.mp3",
          "bitrate": "193"
        }
      ]
    },
    {
      "track": "18",
      "title": "Good Morning Little Schoolgirl ->",
      "duration": 643.32,
      "formats": [
        {
          "format": "Flac",
          "filename": "gd66-07-16d2t03.flac"
        },
        {
          "format": "VBR MP3",
          "filename": "gd66-07-16d2t03.mp3",
          "bitrate": "191"
        }
      ]
    },
    {
      "track": "19",
      "title": "It's All Over Now, Baby Blue",
      "duration": 310.44,
      "formats": [
        {
          "format": "Flac",
          "filename": "gd66-07-16d2t04.flac"
        },
        {
          "format": "VBR MP3",
          "filename": "gd66-07-16d2t04.mp3",
          "bitrate": "191"
        }
      ]
    },
    {
      "track": "20",
      "title": "Dancing In The Streets",
      "duration": 390.77,
      "formats": [
        {
          "format": "Flac",
          "filename": "gd66-07-16d2t05.flac"
        },
        {
          "format": "VBR MP3",
          "filename": "gd66-07-16d2t05.mp3",
          "bitrate": "193"
        }
      ]
    }
  ]
}