{
  "rating": 2.1538461538461537,
  "review_count": 13,
  "source_type": "UNKNOWN",
  "confidence": 1.0,
  "date": "1966-00-00",
  "venue": "Various - See info file",
  "location": "Various - See info file",
  "raw_rating": 4.3076923076923075,
  "high_ratings": 10,
  "low_ratings": 0,
  "tracks": [
    {
      "track": "01",
      "title": "Viola Lee Blues",
      "duration": 635.6,
      "formats": [
        {
          "format": "Flac",
          "filename": "PrimalGDGEMSd1t01.flac"
        },
        {
          "format": "VBR MP3",
          "filename": "PrimalGDGEMSd1t01.mp3",
          "bitrate": "192"
        }
      ]
    },
    {
      "track": "02",
      "title": "Don't Ease Me In",
      "duration": 139.21,
      "formats": [
        {
          "format": "Flac",
          "filename": "PrimalGDGEMSd1t02.flac"
        },
        {
          "format": "VBR MP3",
          "filename": "PrimalGDGEMSd1t02.mp3",
          "bitrate": "191"
        }
      ]
    },
    {
      "track": "03",
      "title": "Tastebud",
      "duration": 345.78,
      "formats": [
        {
          "format": "Flac",
          "filename": "PrimalGDGEMSd1t03.flac"
        },
        {
          "format": "VBR MP3",
          "filename": "PrimalGDGEMSd1t03.mp3",
          "bitrate": "193"
        }
      ]
    },
    {
      "track": "04",
      "title": "Beat It On Down The Line",
      "duration": 168.13,
      "formats": [
        {
          "format": "Flac",
          "filename": "PrimalGDGEMSd1t04.flac"
        },
        {
          "format": "VBR MP3",
          "filename": "PrimalGDGEMSd1t04.mp3",
          "bitrate": "198"
        }
      ]
    },
    {
      "track": "05",
      "title": "Schoolgirl>You Don't Love Me>Schoolgirl (original reel cuts)",
      "duration": 1246.13,
      "formats": [
        {
          "format": "Flac",
          "filename": "PrimalGDGEMSd1t05.flac"
        },
        {
          "format": "VBR MP3",
          "filename": "PrimalGDGEMSd1t05.mp3",
          "bitrate": "193"
        }
      ]
    },
    {
      "track": "06",
      "title": "Pigpen Raps",
      "duration": 374.52,
      "formats": [
        {
          "format": "Flac",
          "filename": "PrimalGDGEMSd1t06.flac"
        },
        {
          "format": "VBR MP3",
          "filename": "PrimalGDGEMSd1t06.mp3",
          "bitrate": "137"
        }
      ]
    },
    {
      "track": "07",
      "title": "Billy, Bobby, and Pigpen>",
      "duration": 89.29,
      "formats": [
        {
          "format": "Flac",
          "filename": "PrimalGDGEMSd1t07.flac"
        },
        {
          "format": "VBR MP3",
          "filename": "PrimalGDGEMSd1t07.mp3",
          "bitrate": "141"
        }
      ]
    },
    {
      "track": "08",
      "title": "New Orleans (sort of an attempt)",
      "duration": 215.65,
      "formats": [
        {
          "format": "Flac",
          "filename": "PrimalGDGEMSd1t08.flac"
        },
        {
          "format": "VBR MP3",
          "filename": "PrimalGDGEMSd1t08.mp3",
          "bitrate": "145"
        }
      ]
    },
    {
      "track": "09",
      "title": "Twist and Shout",
      "duration": 488.16,
      "formats": [
        {
          "format": "Flac",
          "filename": "PrimalGDGEMSd1t09.flac"
        },
        {
          "format": "VBR MP3",
          "filename": "PrimalGDGEMSd1t09.mp3",
          "bitrate": "145"
        }
      ]
    },
    {
      "track": "10",
      "title": "It's A Sin",
      "duration": 102.86,
      "formats": [
        {
          "format": "Flac",
          "filename": "PrimalGDGEMSd2t01.flac"
        },
        {
          "format": "VBR MP3",
          "filename": "PrimalGDGEMSd2t01.mp3",
          "bitrate": "194"
        }
      ]
    },
    {
      "track": "11",
      "title": "Viola Lee Blues",
      "duration": 438.32,
      "formats": [
        {
          "format": "Flac",
          "filename": "PrimalGDGEMSd2t02.flac"
        },
        {
          "format": "VBR MP3",
          "filename": "PrimalGDGEMSd2t02.mp3",
          "bitrate": "197"
        }
      ]
    },
    {
      "track": "12",
      "title": "Midnight Hour",
      "duration": 777.33,
      "formats": [
        {
          "format": "Flac",
          "filename": "PrimalGDGEMSd2t03.flac"
        },
        {
          "format": "VBR MP3",
          "filename": "PrimalGDGEMSd2t03.mp3",
          "bitrate": "203"
        }
      ]
    },
    {
      "track": "13",
      "title": "Beat It On Down The Line",
      "duration": 236.65,
      "formats": [
        {
          "format": "Flac",
          "filename": "PrimalGDGEMSd2t04.flac"
        },
        {
          "format": "VBR MP3",
          "filename": "PrimalGDGEMSd2t04.mp3",
          "bitrate": "203"
        }
      ]
    },
    {
      "track": "14",
      "title": "Blues Jam (with Jorma and Jack)",
      "duration": 462.02,
      "formats": [
        {
          "format": "Flac",
          "filename": "PrimalGDGEMSd2t05.flac"
        },
        {
          "format": "VBR MP3",
          "filename": "PrimalGDGEMSd2t05.mp3",
          "bitrate": "199"
        }
      ]
    },
    {
      "track": "15",
      "title": "You Don't Have To Ask - Phil Talks About The Move To L.A.",
      "duration": 156.97,
      "formats": [
        {
          "format": "Flac",
          "filename": "PrimalGDGEMSd2t06.flac"
        },
        {
          "format": "VBR MP3",
          "filename": "PrimalGDGEMSd2t06.mp3",
          "bitrate": "191"
        }
      ]
    },
    {
      "track": "16",
      "title": "Viola Lee Blues",
      "duration": 396.34,
      "formats": [
        {
          "format": "Flac",
          "filename": "PrimalGDGEMSd2t07.flac"
        },
        {
          "format": "VBR MP3",
          "filename": "PrimalGDGEMSd2t07.mp3",
          "bitrate": "202"
        }
      ]
    },
    {
      "track": "17",
      "title": "I Know You Rider",
      "duration": 165.6,
      "formats": [
        {
          "format": "Flac",
          "filename": "PrimalGDGEMSd2t08.flac"
        },
        {
          "format": "VBR MP3",
          "filename": "PrimalGDGEMSd2t08.mp3",
          "bitrate": "184"
        }
      ]
    },
    {
      "track": "18",
      "title": "Midnight Hour (plug pulled)",
      "duration": 82.08,
      "formats": [
        {
          "format": "Flac",
          "filename": "PrimalGDGEMSd2t09.flac"
        },
        {
          "format": "VBR MP3",
          "filename": "PrimalGDGEMSd2t09.mp3",
          "bitrate": "188"
        }
      ]
    }
  ]
}