{
  "rating": 2.2142857142857144,
  "review_count": 7,
  "source_type": "UNKNOWN",
  "confidence": 1.0,
  "date": "1966-06-15",
  "venue": "Various",
  "location": "Various",
  "raw_rating": 4.428571428571429,
  "high_ratings": 7,
  "low_ratings": 0,
  "tracks": [
    {
      "track": "01",
      "title": "GDH Intro",
      "duration": 64.83,
      "formats": [
        {
          "format": "VBR MP3",
          "filename": "gd66-xx-xxt01.mp3",
          "bitrate": "155"
        },
        {
          "format": "Shorten",
          "filename": "gd66-xx-xxt01.shn"
        }
      ]
    },
    {
      "track": "02",
      "title": "SHE'S ON THE ROAD AGAIN",
      "duration": 128.79,
      "formats": [
        {
          "format": "VBR MP3",
          "filename": "gd66-xx-xxt02.mp3",
          "bitrate": "157"
        },
        {
          "format": "Shorten",
          "filename": "gd66-xx-xxt02.shn"
        }
      ]
    },
    {
      "track": "03",
      "title": "NEXT TIME YOU SEE ME",
      "duration": 161.81,
      "formats": [
        {
          "format": "VBR MP3",
          "filename": "gd66-xx-xxt03.mp3",
          "bitrate": "153"
        },
        {
          "format": "Shorten",
          "filename": "gd66-xx-xxt03.shn"
        }
      ]
    },
    {
      "track": "04",
      "title": "I KNOW YOU RIDER",
      "duration": 148.62,
      "formats": [
        {
          "format": "VBR MP3",
          "filename": "gd66-xx-xxt04.mp3",
          "bitrate": "152"
        },
        {
          "format": "Shorten",
          "filename": "gd66-xx-xxt04.shn"
        }
      ]
    },
    {
      "track": "05",
      "title": "HEY LITTLE ONE",
      "duration": 241.46,
      "formats": [
        {
          "format": "VBR MP3",
          "filename": "gd66-xx-xxt05.mp3",
          "bitrate": "145"
        },
        {
          "format": "Shorten",
          "filename": "gd66-xx-xxt05.shn"
        }
      ]
    },
    {
      "track": "06",
      "title": "COLD RAIN AND SNOW",
      "duration": 156.85,
      "formats": [
        {
          "format": "VBR MP3",
          "filename": "gd66-xx-xxt06.mp3",
          "bitrate": "148"
        },
        {
          "format": "Shorten",
          "filename": "gd66-xx-xxt06.shn"
        }
      ]
    },
    {
      "track": "07",
      "title": "KING BEE->",
      "duration": 282.34,
      "formats": [
        {
          "format": "VBR MP3",
          "filename": "gd66-xx-xxt07.mp3",
          "bitrate": "147"
        },
        {
          "format": "Shorten",
          "filename": "gd66-xx-xxt07.shn"
        }
      ]
    },
    {
      "track": "08",
      "title": "CAUTION",
      "duration": 411.34,
      "formats": [
        {
          "format": "VBR MP3",
          "filename": "gd66-xx-xxt08.mp3",
          "bitrate": "153"
        },
        {
          "format": "Shorten",
          "filename": "gd66-xx-xxt08.shn"
        }
      ]
    },
    {
      "track": "09",
      "title": "STEALIN'",
      "duration": 68.55,
      "formats": [
        {
          "format": "VBR MP3",
          "filename": "gd66-xx-xxt09.mp3",
          "bitrate": "152"
        },
        {
          "format": "Shorten",
          "filename": "gd66-xx-xxt09.shn"
        }
      ]
    },
    {
      "track": "10",
      "title": "GDH Outro",
      "duration": 6.75,
      "formats": [
        {
          "format": "VBR MP3",
          "filename": "gd66-xx-xxt10.mp3",
          "bitrate": "160"
        },
        {
          "format": "Shorten",
          "filename": "gd66-xx-xxt10.shn"
        }
      ]
    }
  ]
}