{
  "rating": 2.375,
  "review_count": 8,
  "source_type": "UNKNOWN",
  "confidence": 1.0,
  "date": "1969-01-24",
  "venue": "Avalon Ballroom",
  "location": "San Francisco, CA",
  "raw_rating": 4.75,
  "high_ratings": 8,
  "low_ratings": 0,
  "tracks": [
    {
      "track": "01",
      "title": "Tuning",
      "duration": 218.46,
      "formats": [
        {
          "format": "Flac",
          "filename": "gd69-01-24d1t01.flac"
        },
        {
          "format": "VBR MP3",
          "filename": "gd69-01-24d1t01.mp3",
          "bitrate": "185"
        }
      ]
    },
    {
      "track": "02",
      "title": "That's It For The Other One ->",
      "duration": 988.7,
      "formats": [
        {
          "format": "Flac",
          "filename": "gd69-01-24d1t02.flac"
        },
        {
          "format": "VBR MP3",
          "filename": "gd69-01-24d1t02.mp3",
          "bitrate": "194"
        }
      ]
    },
    {
      "track": "03",
      "title": "New Potato Caboose",
      "duration": 824.06,
      "formats": [
        {
          "format": "Flac",
          "filename": "gd69-01-24d1t03.flac"
        },
        {
          "format": "VBR MP3",
          "filename": "gd69-01-24d1t03.mp3",
          "bitrate": "191"
        }
      ]
    },
    {
      "track": "04",
      "title": "Dupree's Diamond Blues",
      "duration": 247.74,
      "formats": [
        {
          "format": "Flac",
          "filename": "gd69-01-24d1t04.flac"
        },
        {
          "format": "VBR MP3",
          "filename": "gd69-01-24d1t04.mp3",
          "bitrate": "183"
        }
      ]
    },
    {
      "track": "05",
      "title": "Doin' That Rag",
      "duration": 411.68,
      "formats": [
        {
          "format": "Flac",
          "filename": "gd69-01-24d1t05.flac"
        },
        {
          "format": "VBR MP3",
          "filename": "gd69-01-24d1t05.mp3",
          "bitrate": "186"
        }
      ]
    },
    {
      "track": "06",
      "title": "Dark Star",
      "duration": 1194.0,
      "formats": [
        {
          "format": "Flac",
          "filename": "gd69-01-24d2t01.flac"
        },
        {
          "format": "VBR MP3",
          "filename": "gd69-01-24d2t01.mp3",
          "bitrate": "190"
        }
      ]
    },
    {
      "track": "07",
      "title": "Turn On Your Lovelight ->",
      "duration": 780.16,
      "formats": [
        {
          "format": "Flac",
          "filename": "gd69-01-24d2t02.flac"
        },
        {
          "format": "VBR MP3",
          "filename": "gd69-01-24d2t02.mp3",
          "bitrate": "194"
        }
      ]
    },
    {
      "track": "08",
      "title": "Drums",
      "duration": 391.85,
      "formats": [
        {
          "format": "Flac",
          "filename": "gd69-01-24d2t03.flac"
        },
        {
          "format": "VBR MP3",
          "filename": "gd69-01-24d2t03.mp3",
          "bitrate": "193"
        }
      ]
    }
  ]
}