{
  "rating": 0.0,
  "review_count": 0,
  "source_type": "UNKNOWN",
  "confidence": 0.0,
  "date": "1969-07-12",
  "venue": "NY State Pavilion, Flushing Meadows Park",
  "location": "Queens, NY",
  "raw_rating": 0.0,
  "high_ratings": 0,
  "low_ratings": 0,
  "tracks": [
    {
      "track": "01",
      "title": "Green Green Grass of Home",
      "duration": 215.08,
      "formats": [
        {
          "format": "Flac",
          "filename": "gd1969-07-12t01.flac"
        },
        {
          "format": "VBR MP3",
          "filename": "gd1969-07-12t01.mp3",
          "bitrate": "136"
        }
      ]
    },
    {
      "track": "02",
      "title": "Slewfoot",
      "duration": 267.67,
      "formats": [
        {
          "format": "Flac",
          "filename": "gd1969-07-12t02.flac"
        },
        {
          "format": "VBR MP3",
          "filename": "gd1969-07-12t02.mp3",
          "bitrate": "110"
        }
      ]
    },
    {
      "track": "03",
      "title": "Mountains of the Moon",
      "duration": 528.08,
      "formats": [
        {
          "format": "Flac",
          "filename": "gd1969-07-12t03.flac"
        },
        {
          "format": "VBR MP3",
          "filename": "gd1969-07-12t03.mp3",
          "bitrate": "137"
        }
      ]
    },
    {
      "track": "04",
      "title": "Doin' that Rag",
      "duration": 487.49,
      "formats": [
        {
          "format": "Flac",
          "filename": "gd1969-07-12t04.flac"
        },
        {
          "format": "VBR MP3",
          "filename": "gd1969-07-12t04.mp3",
          "bitrate": "137"
        }
      ]
    },
    {
      "track": "05",
      "title": "China Cat Sunflower",
      "duration": 459.15,
      "formats": [
        {
          "format": "Flac",
          "filename": "gd1969-07-12t05.flac"
        },
        {
          "format": "VBR MP3",
          "filename": "gd1969-07-12t05.mp3",
          "bitrate": "138"
        }
      ]
    },
    {
      "track": "06",
      "title": "Mama Tried",
      "duration": 159.53,
      "formats": [
        {
          "format": "Flac",
          "filename": "gd1969-07-12t06.flac"
        },
        {
          "format": "VBR MP3",
          "filename": "gd1969-07-12t06.mp3",
          "bitrate": "136"
        }
      ]
    },
    {
      "track": "07",
      "title": "High Time",
      "duration": 313.84,
      "formats": [
        {
          "format": "Flac",
          "filename": "gd1969-07-12t07.flac"
        },
        {
          "format": "VBR MP3",
          "filename": "gd1969-07-12t07.mp3",
          "bitrate": "133"
        }
      ]
    },
    {
      "track": "08",
      "title": "The Other One",
      "duration": 293.72,
      "formats": [
        {
          "format": "Flac",
          "filename": "gd1969-07-12t08.flac"
        },
        {
          "format": "VBR MP3",
          "filename": "gd1969-07-12t08.mp3",
          "bitrate": "137"
        }
      ]
    },
    {
      "track": "09",
      "title": "Saint Stephen",
      "duration": 426.37,
      "formats": [
        {
          "format": "Flac",
          "filename": "gd1969-07-12t09.flac"
        },
        {
          "format": "VBR MP3",
          "filename": "gd1969-07-12t09.mp3",
          "bitrate": "136"
        }
      ]
    },
    {
      "track": "10",
      "title": "The Eleven",
      "duration": 824.55,
      "formats": [
        {
          "format": "Flac",
          "filename": "gd1969-07-12t10.flac"
        },
        {
          "format": "VBR MP3",
          "filename": "gd1969-07-12t10.mp3",
          "bitrate": "136"
        }
      ]
    },
    {
      "track": "11",
      "title": "Turn On Your Lovelight",
      "duration": 1537.77,
      "formats": [
        {
          "format": "Flac",
          "filename": "gd1969-07-12t11.flac"
        },
        {
          "format": "VBR MP3",
          "filename": "gd1969-07-12t11.mp3",
          "bitrate": "135"
        }
      ]
    }
  ]
}