{
  "rating": 1.6,
  "review_count": 3,
  "source_type": "UNKNOWN",
  "confidence": 0.6,
  "date": "1968-06-14",
  "venue": "Fillmore East (Late Show)",
  "location": "New York, NY",
  "raw_rating": 4.0,
  "high_ratings": 2,
  "low_ratings": 0,
  "tracks": [
    {
      "track": "01",
      "title": "Feedback >",
      "duration": 195.51,
      "formats": [
        {
          "format": "Flac",
          "filename": "gd1968-06-14t01.flac"
        },
        {
          "format": "VBR MP3",
          "filename": "gd1968-06-14t01.mp3",
          "bitrate": "166"
        }
      ]
    },
    {
      "track": "02",
      "title": "Jam >",
      "duration": 23.52,
      "formats": [
        {
          "format": "Flac",
          "filename": "gd1968-06-14t02.flac"
        },
        {
          "format": "VBR MP3",
          "filename": "gd1968-06-14t02.mp3",
          "bitrate": "173"
        }
      ]
    },
    {
      "track": "03",
      "title": "The Eleven >",
      "duration": 467.13,
      "formats": [
        {
          "format": "Flac",
          "filename": "gd1968-06-14t03.flac"
        },
        {
          "format": "VBR MP3",
          "filename": "gd1968-06-14t03.mp3",
          "bitrate": "168"
        }
      ]
    },
    {
      "track": "04",
      "title": "Saint Stephen",
      "duration": 412.0,
      "formats": [
        {
          "format": "Flac",
          "filename": "gd1968-06-14t04.flac"
        },
        {
          "format": "VBR MP3",
          "filename": "gd1968-06-14t04.mp3",
          "bitrate": "173"
        }
      ]
    },
    {
      "track": "05",
      "title": "Alligator >",
      "duration": 200.23,
      "formats": [
        {
          "format": "Flac",
          "filename": "gd1968-06-14t05.flac"
        },
        {
          "format": "VBR MP3",
          "filename": "gd1968-06-14t05.mp3",
          "bitrate": "170"
        }
      ]
    },
    {
      "track": "06",
      "title": "Turn On Your Love Light >",
      "duration": 666.6,
      "formats": [
        {
          "format": "Flac",
          "filename": "gd1968-06-14t06.flac"
        },
        {
          "format": "VBR MP3",
          "filename": "gd1968-06-14t06.mp3",
          "bitrate": "167"
        }
      ]
    },
    {
      "track": "07",
      "title": "Caution (Do Not Stop On Tracks) >",
      "duration": 260.72,
      "formats": [
        {
          "format": "Flac",
          "filename": "gd1968-06-14t07.flac"
        },
        {
          "format": "VBR MP3",
          "filename": "gd1968-06-14t07.mp3",
          "bitrate": "164"
        }
      ]
    },
    {
      "track": "08",
      "title": "Drums >",
      "duration": 145.96,
      "formats": [
        {
          "format": "Flac",
          "filename": "gd1968-06-14t08.flac"
        },
        {
          "format": "VBR MP3",
          "filename": "gd1968-06-14t08.mp3",
          "bitrate": "169"
        }
      ]
    },
    {
      "track": "09",
      "title": "Caution (Do Not Stop On Tracks) >",
      "duration": 1025.76,
      "formats": [
        {
          "format": "Flac",
          "filename": "gd1968-06-14t09.flac"
        },
        {
          "format": "VBR MP3",
          "filename": "gd1968-06-14t09.mp3",
          "bitrate": "169"
        }
      ]
    },
    {
      "track": "10",
      "title": "Feedback",
      "duration": 263.0,
      "formats": [
        {
          "format": "Flac",
          "filename": "gd1968-06-14t10.flac"
        },
        {
          "format": "VBR MP3",
          "filename": "gd1968-06-14t10.mp3",
          "bitrate": "182"
        }
      ]
    }
  ]
}