{
  "rating": 1.6875,
  "review_count": 4,
  "source_type": "UNKNOWN",
  "confidence": 0.8,
  "date": "1966-10-02",
  "venue": "San Francisco State University",
  "location": "San Francisco, CA",
  "raw_rating": 3.75,
  "high_ratings": 3,
  "low_ratings": 1,
  "tracks": [
    {
      "track": "01",
      "title": "Jerry Garcia intro",
      "duration": 9.47,
      "formats": [
        {
          "format": "VBR MP3",
          "filename": "acid6t01.mp3",
          "bitrate": "186"
        },
        {
          "format": "Shorten",
          "filename": "acid6t01.shn"
        }
      ]
    },
    {
      "track": "02",
      "title": "A Mexican Story: 25 Bennies",
      "duration": 156.01,
      "formats": [
        {
          "format": "VBR MP3",
          "filename": "acid6t02.mp3",
          "bitrate": "181"
        },
        {
          "format": "Shorten",
          "filename": "acid6t02.shn"
        }
      ]
    },
    {
      "track": "03",
      "title": "Get It Off The Ground Rap",
      "duration": 311.43,
      "formats": [
        {
          "format": "VBR MP3",
          "filename": "acid6t03.mp3",
          "bitrate": "184"
        },
        {
          "format": "Shorten",
          "filename": "acid6t03.shn"
        }
      ]
    },
    {
      "track": "04",
      "title": "It's Good To Be God Rap",
      "duration": 97.64,
      "formats": [
        {
          "format": "VBR MP3",
          "filename": "acid6t04.mp3",
          "bitrate": "181"
        },
        {
          "format": "Shorten",
          "filename": "acid6t04.shn"
        }
      ]
    },
    {
      "track": "05",
      "title": "Nirvana Army Rap",
      "duration": 29.32,
      "formats": [
        {
          "format": "VBR MP3",
          "filename": "acid6t05.mp3",
          "bitrate": "179"
        },
        {
          "format": "Shorten",
          "filename": "acid6t05.shn"
        }
      ]
    },
    {
      "track": "06",
      "title": "The Butcher Is Back",
      "duration": 64.72,
      "formats": [
        {
          "format": "VBR MP3",
          "filename": "acid6t06.mp3",
          "bitrate": "183"
        },
        {
          "format": "Shorten",
          "filename": "acid6t06.shn"
        }
      ]
    },
    {
      "track": "07",
      "title": "Acid Test Graduation Announcement",
      "duration": 102.08,
      "formats": [
        {
          "format": "VBR MP3",
          "filename": "acid6t07.mp3",
          "bitrate": "180"
        },
        {
          "format": "Shorten",
          "filename": "acid6t07.shn"
        }
      ]
    },
    {
      "track": "08",
      "title": "Send Me To The Moon",
      "duration": 49.02,
      "formats": [
        {
          "format": "VBR MP3",
          "filename": "acid6t08.mp3",
          "bitrate": "179"
        },
        {
          "format": "Shorten",
          "filename": "acid6t08.shn"
        }
      ]
    },
    {
      "track": "09",
      "title": "Jerry Garcia interview",
      "duration": 23.62,
      "formats": [
        {
          "format": "VBR MP3",
          "filename": "acid6t09.mp3",
          "bitrate": "191"
        },
        {
          "format": "Shorten",
          "filename": "acid6t09.shn"
        }
      ]
    },
    {
      "track": "10",
      "title": "Sound Collage",
      "duration": 84.37,
      "formats": [
        {
          "format": "VBR MP3",
          "filename": "acid6t10.mp3",
          "bitrate": "174"
        },
        {
          "format": "Shorten",
          "filename": "acid6t10.shn"
        }
      ]
    },
    {
      "track": "11",
      "title": "Ken Kesey Interview",
      "duration": 13.83,
      "formats": [
        {
          "format": "VBR MP3",
          "filename": "acid6t11.mp3",
          "bitrate": "194"
        },
        {
          "format": "Shorten",
          "filename": "acid6t11.shn"
        }
      ]
    },
    {
      "track": "12",
      "title": "Sound Collage #2",
      "duration": 338.54,
      "formats": [
        {
          "format": "VBR MP3",
          "filename": "acid6t12.mp3",
          "bitrate": "179"
        },
        {
          "format": "Shorten",
          "filename": "acid6t12.shn"
        }
      ]
    },
    {
      "track": "13",
      "title": "Jerry Garcia Interview",
      "duration": 12.59,
      "formats": [
        {
          "format": "VBR MP3",
          "filename": "acid6t13.mp3",
          "bitrate": "193"
        },
        {
          "format": "Shorten",
          "filename": "acid6t13.shn"
        }
      ]
    },
    {
      "track": "14",
      "title": "Music / Sound Collage #1",
      "duration": 87.43,
      "formats": [
        {
          "format": "VBR MP3",
          "filename": "acid6t14.mp3",
          "bitrate": "187"
        },
        {
          "format": "Shorten",
          "filename": "acid6t14.shn"
        }
      ]
    },
    {
      "track": "15",
      "title": "Ken Kesey Interview",
      "duration": 9.68,
      "formats": [
        {
          "format": "VBR MP3",
          "filename": "acid6t15.mp3",
          "bitrate": "192"
        },
        {
          "format": "Shorten",
          "filename": "acid6t15.shn"
        }
      ]
    },
    {
      "track": "16",
      "title": "Sound Collage",
      "duration": 38.7,
      "formats": [
        {
          "format": "VBR MP3",
          "filename": "acid6t16.mp3",
          "bitrate": "180"
        },
        {
          "format": "Shorten",
          "filename": "acid6t16.shn"
        }
      ]
    }
  ]
}