{
  "rating": 3.313333333333333,
  "review_count": 15,
  "source_type": "AUD",
  "confidence": 1.0,
  "date": "1966-01-08",
  "venue": "Fillmore Auditorium",
  "location": "San Francisco, CA",
  "raw_rating": 4.733333333333333,
  "high_ratings": 14,
  "low_ratings": 1,
  "tracks": [
    {
      "track": "01",
      "title": "Ken Babbs Intro (Version One)",
      "duration": 40.21,
      "formats": [
        {
          "format": "Flac",
          "filename": "gd66-01-08.d1t01.flac"
        },
        {
          "format": "VBR MP3",
          "filename": "gd66-01-08.d1t01.mp3",
          "bitrate": "190"
        }
      ]
    },
    {
      "track": "02",
      "title": "Tune Up",
      "duration": 38.54,
      "formats": [
        {
          "format": "Flac",
          "filename": "gd66-01-08.d1t02.flac"
        },
        {
          "format": "VBR MP3",
          "filename": "gd66-01-08.d1t02.mp3",
          "bitrate": "190"
        }
      ]
    },
    {
      "track": "03",
      "title": "No Power On The Stage",
      "duration": 138.93,
      "formats": [
        {
          "format": "Flac",
          "filename": "gd66-01-08.d1t03.flac"
        },
        {
          "format": "VBR MP3",
          "filename": "gd66-01-08.d1t03.mp3",
          "bitrate": "187"
        }
      ]
    },
    {
      "track": "04",
      "title": "I'm A King Bee",
      "duration": 406.96,
      "formats": [
        {
          "format": "Flac",
          "filename": "gd66-01-08.d1t04.flac"
        },
        {
          "format": "VBR MP3",
          "filename": "gd66-01-08.d1t04.mp3",
          "bitrate": "196"
        }
      ]
    },
    {
      "track": "05",
      "title": "I'm A Hog For You Baby",
      "duration": 137.68,
      "formats": [
        {
          "format": "Flac",
          "filename": "gd66-01-08.d1t05.flac"
        },
        {
          "format": "VBR MP3",
          "filename": "gd66-01-08.d1t05.mp3",
          "bitrate": "192"
        }
      ]
    },
    {
      "track": "06",
      "title": "I'm A Hog For You Baby (W/ Ken Babbs)",
      "duration": 53.66,
      "formats": [
        {
          "format": "Flac",
          "filename": "gd66-01-08.d1t06.flac"
        },
        {
          "format": "VBR MP3",
          "filename": "gd66-01-08.d1t06.mp3",
          "bitrate": "205"
        }
      ]
    },
    {
      "track": "07",
      "title": "Some High Powered Rocket Fuel",
      "duration": 56.94,
      "formats": [
        {
          "format": "Flac",
          "filename": "gd66-01-08.d1t07.flac"
        },
        {
          "format": "VBR MP3",
          "filename": "gd66-01-08.d1t07.mp3",
          "bitrate": "190"
        }
      ]
    },
    {
      "track": "08",
      "title": "I'm Going To Put A Spell On You (PigPen Excerpt)",
      "duration": 10.05,
      "formats": [
        {
          "format": "Flac",
          "filename": "gd66-01-08.d1t08.flac"
        },
        {
          "format": "VBR MP3",
          "filename": "gd66-01-08.d1t08.mp3",
          "bitrate": "197"
        }
      ]
    },
    {
      "track": "09",
      "title": "Littering Glowing, Ever Flowing, Neon flowing (Ken Kesey)",
      "duration": 9.21,
      "formats": [
        {
          "format": "Flac",
          "filename": "gd66-01-08.d1t09.flac"
        },
        {
          "format": "VBR MP3",
          "filename": "gd66-01-08.d1t09.mp3",
          "bitrate": "195"
        }
      ]
    },
    {
      "track": "10",
      "title": "You People Out There, Listen To Me -This Is Zoltra Speaking - This Is A Trap - You Fools",
      "duration": 83.44,
      "formats": [
        {
          "format": "Flac",
          "filename": "gd66-01-08.d1t10.flac"
        },
        {
          "format": "VBR MP3",
          "filename": "gd66-01-08.d1t10.mp3",
          "bitrate": "189"
        }
      ]
    },
    {
      "track": "11",
      "title": "Acid Music",
      "duration": 219.84,
      "formats": [
        {
          "format": "Flac",
          "filename": "gd66-01-08.d1t11.flac"
        },
        {
          "format": "VBR MP3",
          "filename": "gd66-01-08.d1t11.mp3",
          "bitrate": "196"
        }
      ]
    },
    {
      "track": "12",
      "title": "People We're Playing Games With Me",
      "duration": 33.7,
      "formats": [
        {
          "format": "Flac",
          "filename": "gd66-01-08.d1t12.flac"
        },
        {
          "format": "VBR MP3",
          "filename": "gd66-01-08.d1t12.mp3",
          "bitrate": "186"
        }
      ]
    },
    {
      "track": "13",
      "title": "There It Is, Sneaky Little Rascal (Ken Kesey)",
      "duration": 19.86,
      "formats": [
        {
          "format": "Flac",
          "filename": "gd66-01-08.d1t13.flac"
        },
        {
          "format": "VBR MP3",
          "filename": "gd66-01-08.d1t13.mp3",
          "bitrate": "179"
        }
      ]
    },
    {
      "track": "14",
      "title": "Caution (Do Not Stop On The Tracks) >",
      "duration": 475.48,
      "formats": [
        {
          "format": "Flac",
          "filename": "gd66-01-08.d1t14.flac"
        },
        {
          "format": "VBR MP3",
          "filename": "gd66-01-08.d1t14.mp3",
          "bitrate": "194"
        }
      ]
    },
    {
      "track": "15",
      "title": "Death Don't Have No Mercy",
      "duration": 547.0,
      "formats": [
        {
          "format": "Flac",
          "filename": "gd66-01-08.d1t15.flac"
        },
        {
          "format": "VBR MP3",
          "filename": "gd66-01-08.d1t15.mp3",
          "bitrate": "197"
        }
      ]
    },
    {
      "track": "16",
      "title": "Ken Babbs",
      "duration": 6.69,
      "formats": [
        {
          "format": "Flac",
          "filename": "gd66-01-08.d1t16.flac"
        },
        {
          "format": "VBR MP3",
          "filename": "gd66-01-08.d1t16.mp3",
          "bitrate": "187"
        }
      ]
    },
    {
      "track": "17",
      "title": "Everybody Out - The Test Is Over (Police Announcement)",
      "duration": 4.0,
      "formats": [
        {
          "format": "Flac",
          "filename": "gd66-01-08.d1t17.flac"
        },
        {
          "format": "VBR MP3",
          "filename": "gd66-01-08.d1t17.mp3",
          "bitrate": "177"
        }
      ]
    },
    {
      "track": "18",
      "title": "Ken Babbs",
      "duration": 10.49,
      "formats": [
        {
          "format": "Flac",
          "filename": "gd66-01-08.d1t18.flac"
        },
        {
          "format": "VBR MP3",
          "filename": "gd66-01-08.d1t18.mp3",
          "bitrate": "195"
        }
      ]
    },
    {
      "track": "19",
      "title": "Everybody Out - The Test Is Over 2",
      "duration": 4.0,
      "formats": [
        {
          "format": "Flac",
          "filename": "gd66-01-08.d1t19.flac"
        },
        {
          "format": "VBR MP3",
          "filename": "gd66-01-08.d1t19.mp3",
          "bitrate": "182"
        }
      ]
    },
    {
      "track": "20",
      "title": "Did Everybody Enjoy Themselves?",
      "duration": 10.3,
      "formats": [
        {
          "format": "Flac",
          "filename": "gd66-01-08.d1t20.flac"
        },
        {
          "format": "VBR MP3",
          "filename": "gd66-01-08.d1t20.mp3",
          "bitrate": "182"
        }
      ]
    },
    {
      "track": "21",
      "title": "Yeah, Use Your Head - Everybody Be Calm Now (Weir & Kesey)",
      "duration": 24.16,
      "formats": [
        {
          "format": "Flac",
          "filename": "gd66-01-08.d1t21.flac"
        },
        {
          "format": "VBR MP3",
          "filename": "gd66-01-08.d1t21.mp3",
          "bitrate": "163"
        }
      ]
    },
    {
      "track": "22",
      "title": "On The Road Again to Get The People On The Road - Go Home To Your Families (Weir & Kesey)",
      "duration": 55.46,
      "formats": [
        {
          "format": "Flac",
          "filename": "gd66-01-08.d1t22.flac"
        },
        {
          "format": "VBR MP3",
          "filename": "gd66-01-08.d1t22.mp3",
          "bitrate": "156"
        }
      ]
    },
    {
      "track": "23",
      "title": "Arrest Everybody But Don't Hurt Any Of The Equipment / Star Spangled Banger (Weir & Co)",
      "duration": 127.58,
      "formats": [
        {
          "format": "Flac",
          "filename": "gd66-01-08.d1t23.flac"
        },
        {
          "format": "VBR MP3",
          "filename": "gd66-01-08.d1t23.mp3",
          "bitrate": "163"
        }
      ]
    },
    {
      "track": "24",
      "title": "Ken Babbs Intro (Version 2 - Longer/Mono)",
      "duration": 87.3,
      "formats": [
        {
          "format": "Flac",
          "filename": "gd66-01-08.d1t24.flac"
        },
        {
          "format": "VBR MP3",
          "filename": "gd66-01-08.d1t24.mp3",
          "bitrate": "120"
        }
      ]
    },
    {
      "track": "25",
      "title": "No Power / Ken Babbs / The Inner Space Race (Mono)",
      "duration": 60.82,
      "formats": [
        {
          "format": "Flac",
          "filename": "gd66-01-08.d1t25.flac"
        },
        {
          "format": "VBR MP3",
          "filename": "gd66-01-08.d1t25.mp3",
          "bitrate": "119"
        }
      ]
    },
    {
      "track": "26",
      "title": "No Power On The Stage / Ken Babbs (Mono)",
      "duration": 37.8,
      "formats": [
        {
          "format": "Flac",
          "filename": "gd66-01-08.d1t26.flac"
        },
        {
          "format": "VBR MP3",
          "filename": "gd66-01-08.d1t26.mp3",
          "bitrate": "123"
        }
      ]
    },
    {
      "track": "27",
      "title": "Gaze Upon It Friends,The Electric Wasteland / No Power On The Stage / Kenn Babbs (Mono)",
      "duration": 106.98,
      "formats": [
        {
          "format": "Flac",
          "filename": "gd66-01-08.d1t27.flac"
        },
        {
          "format": "VBR MP3",
          "filename": "gd66-01-08.d1t27.mp3",
          "bitrate": "122"
        }
      ]
    },
    {
      "track": "28",
      "title": "I'm A King Bee (Mono)",
      "duration": 412.18,
      "formats": [
        {
          "format": "Flac",
          "filename": "gd66-01-08.d1t28.flac"
        },
        {
          "format": "VBR MP3",
          "filename": "gd66-01-08.d1t28.mp3",
          "bitrate": "120"
        }
      ]
    },
    {
      "track": "29",
      "title": "Everybody Out - The Test Is Over / Ken Babbs / Did Everybody Enjoy Themselves? (Mono)",
      "duration": 43.69,
      "formats": [
        {
          "format": "Flac",
          "filename": "gd66-01-08.d1t29.flac"
        },
        {
          "format": "VBR MP3",
          "filename": "gd66-01-08.d1t29.mp3",
          "bitrate": "120"
        }
      ]
    },
    {
      "track": "30",
      "title": "We're Planning On Having Gigs In Other Cities...... (Mono)",
      "duration": 14.93,
      "formats": [
        {
          "format": "Flac",
          "filename": "gd66-01-08.d1t30.flac"
        },
        {
          "format": "VBR MP3",
          "filename": "gd66-01-08.d1t30.mp3",
          "bitrate": "127"
        }
      ]
    },
    {
      "track": "31",
      "title": "Everybody Use Your Head / Everybody Be Calm Now (Weir & Kesey) (Mono)",
      "duration": 25.0,
      "formats": [
        {
          "format": "Flac",
          "filename": "gd66-01-08.d1t31.flac"
        },
        {
          "format": "VBR MP3",
          "filename": "gd66-01-08.d1t31.mp3",
          "bitrate": "120"
        }
      ]
    },
    {
      "track": "32",
      "title": "We Can Stay Here Until Hell Freezes Over, But We Have To Be Turn Everything Off (Garcia) (Mono)",
      "duration": 79.88,
      "formats": [
        {
          "format": "Flac",
          "filename": "gd66-01-08.d1t32.flac"
        },
        {
          "format": "VBR MP3",
          "filename": "gd66-01-08.d1t32.mp3",
          "bitrate": "123"
        }
      ]
    },
    {
      "track": "33",
      "title": "If They Kill It Now The'll Kill It Forever, If They Kill You Now, You're Dead! (Mono)",
      "duration": 12.25,
      "formats": [
        {
          "format": "Flac",
          "filename": "gd66-01-08.d1t33.flac"
        },
        {
          "format": "VBR MP3",
          "filename": "gd66-01-08.d1t33.mp3",
          "bitrate": "121"
        }
      ]
    },
    {
      "track": "34",
      "title": "The Star Spangled Banger (Mono)",
      "duration": 117.45,
      "formats": [
        {
          "format": "Flac",
          "filename": "gd66-01-08.d1t34.flac"
        },
        {
          "format": "VBR MP3",
          "filename": "gd66-01-08.d1t34.mp3",
          "bitrate": "119"
        }
      ]
    },
    {
      "track": "35",
      "title": "Ken Babbs Intro (Version 3 Stereo)",
      "duration": 51.9,
      "formats": [
        {
          "format": "Flac",
          "filename": "gd66-01-08.d1t35.flac"
        },
        {
          "format": "VBR MP3",
          "filename": "gd66-01-08.d1t35.mp3",
          "bitrate": "194"
        }
      ]
    },
    {
      "track": "36",
      "title": "Everybody Get In Tune > Ken Babbs",
      "duration": 34.73,
      "formats": [
        {
          "format": "Flac",
          "filename": "gd66-01-08.d1t36.flac"
        },
        {
          "format": "VBR MP3",
          "filename": "gd66-01-08.d1t36.mp3",
          "bitrate": "194"
        }
      ]
    },
    {
      "track": "37",
      "title": "Ain't No Fuckin' Power No Place",
      "duration": 7.18,
      "formats": [
        {
          "format": "Flac",
          "filename": "gd66-01-08.d1t37.flac"
        },
        {
          "format": "VBR MP3",
          "filename": "gd66-01-08.d1t37.mp3",
          "bitrate": "185"
        }
      ]
    },
    {
      "track": "38",
      "title": "Ken Babbs",
      "duration": 44.25,
      "formats": [
        {
          "format": "Flac",
          "filename": "gd66-01-08.d1t38.flac"
        },
        {
          "format": "VBR MP3",
          "filename": "gd66-01-08.d1t38.mp3",
          "bitrate": "193"
        }
      ]
    },
    {
      "track": "39",
      "title": "No Power On The Stage, Fix It",
      "duration": 154.82,
      "formats": [
        {
          "format": "Flac",
          "filename": "gd66-01-08.d1t39.flac"
        },
        {
          "format": "VBR MP3",
          "filename": "gd66-01-08.d1t39.mp3",
          "bitrate": "185"
        }
      ]
    },
    {
      "track": "40",
      "title": "I'm A King Bee",
      "duration": 412.06,
      "formats": [
        {
          "format": "Flac",
          "filename": "gd66-01-08.d1t40.flac"
        },
        {
          "format": "VBR MP3",
          "filename": "gd66-01-08.d1t40.mp3",
          "bitrate": "198"
        }
      ]
    },
    {
      "track": "41",
      "title": "Everybody Out - The Test Is Over / Ken Babbs / Did Everybody Enjoy Themselves?",
      "duration": 16.25,
      "formats": [
        {
          "format": "Flac",
          "filename": "gd66-01-08.d1t41.flac"
        },
        {
          "format": "VBR MP3",
          "filename": "gd66-01-08.d1t41.mp3",
          "bitrate": "189"
        }
      ]
    },
    {
      "track": "42",
      "title": "I See The Electricial Is Running Down Now Trying To Get Everything Established (Ken Babbs)",
      "duration": 5.02,
      "formats": [
        {
          "format": "Flac",
          "filename": "gd66-01-08.d1t42.flac"
        },
        {
          "format": "VBR MP3",
          "filename": "gd66-01-08.d1t42.mp3",
          "bitrate": "196"
        }
      ]
    },
    {
      "track": "43",
      "title": "Slim Kesey",
      "duration": 4.58,
      "formats": [
        {
          "format": "Flac",
          "filename": "gd66-01-08.d1t43.flac"
        },
        {
          "format": "VBR MP3",
          "filename": "gd66-01-08.d1t43.mp3",
          "bitrate": "185"
        }
      ]
    },
    {
      "track": "44",
      "title": "We're Into Emergency Power Now (Ken Babbs)",
      "duration": 14.17,
      "formats": [
        {
          "format": "Flac",
          "filename": "gd66-01-08.d1t44.flac"
        },
        {
          "format": "VBR MP3",
          "filename": "gd66-01-08.d1t44.mp3",
          "bitrate": "186"
        }
      ]
    },
    {
      "track": "45",
      "title": "We're Planning On Having Gigs In Other Cities......",
      "duration": 14.92,
      "formats": [
        {
          "format": "Flac",
          "filename": "gd66-01-08.d1t45.flac"
        },
        {
          "format": "VBR MP3",
          "filename": "gd66-01-08.d1t45.mp3",
          "bitrate": "189"
        }
      ]
    },
    {
      "track": "46",
      "title": "Everybody Use Your Head / Everybody Be Calm Now (Weir & Kesey)",
      "duration": 25.04,
      "formats": [
        {
          "format": "Flac",
          "filename": "gd66-01-08.d1t46.flac"
        },
        {
          "format": "VBR MP3",
          "filename": "gd66-01-08.d1t46.mp3",
          "bitrate": "187"
        }
      ]
    },
    {
      "track": "47",
      "title": "We Can Stay Here Until Hell Freezes Over, But We Have To Be Turn Everything Off (Garcia)",
      "duration": 79.88,
      "formats": [
        {
          "format": "Flac",
          "filename": "gd66-01-08.d1t47.flac"
        },
        {
          "format": "VBR MP3",
          "filename": "gd66-01-08.d1t47.mp3",
          "bitrate": "195"
        }
      ]
    },
    {
      "track": "48",
      "title": "If They Kill It Now The'll Kill It Forever, If They Kill You Now, You're Dead!",
      "duration": 12.25,
      "formats": [
        {
          "format": "Flac",
          "filename": "gd66-01-08.d1t48.flac"
        },
        {
          "format": "VBR MP3",
          "filename": "gd66-01-08.d1t48.mp3",
          "bitrate": "182"
        }
      ]
    },
    {
      "track": "49",
      "title": "The Star Spangled Banger",
      "duration": 25.22,
      "formats": [
        {
          "format": "Flac",
          "filename": "gd66-01-08.d1t49.flac"
        },
        {
          "format": "VBR MP3",
          "filename": "gd66-01-08.d1t49.mp3",
          "bitrate": "182"
        }
      ]
    },
    {
      "track": "50",
      "title": "Find A Harmonica / No One Seems To Find Out How To Turn Off This PA",
      "duration": 92.32,
      "formats": [
        {
          "format": "Flac",
          "filename": "gd66-01-08.d1t50.flac"
        },
        {
          "format": "VBR MP3",
          "filename": "gd66-01-08.d1t50.mp3",
          "bitrate": "189"
        }
      ]
    },
    {
      "track": "51",
      "title": "Is My Microphone Still In Operation",
      "duration": 35.53,
      "formats": [
        {
          "format": "Flac",
          "filename": "gd66-01-08.d1t51.flac"
        },
        {
          "format": "VBR MP3",
          "filename": "gd66-01-08.d1t51.mp3",
          "bitrate": "193"
        }
      ]
    },
    {
      "track": "52",
      "title": "TasteBud (Unknown Show 1965 or 1966) Possibly one of these early Acid Tests.",
      "duration": 123.24,
      "formats": [
        {
          "format": "Flac",
          "filename": "gd66-01-08.d1t52.flac"
        },
        {
          "format": "VBR MP3",
          "filename": "gd66-01-08.d1t52.mp3",
          "bitrate": "191"
        }
      ]
    }
  ]
}