{
  "rating": 2.0,
  "review_count": 3,
  "source_type": "UNKNOWN",
  "confidence": 0.6,
  "date": "1969-03-28",
  "venue": "Student Center, Modesto Jr. College",
  "location": "Modesto, CA",
  "raw_rating": 5.0,
  "high_ratings": 3,
  "low_ratings": 0,
  "tracks": [
    {
      "track": "01",
      "title": "//Good Morning Little Schoolgirl",
      "duration": 782.87,
      "formats": [
        {
          "format": "24bit Flac",
          "filename": "gd1969-03-28s1t01.flac"
        },
        {
          "format": "VBR MP3",
          "filename": "gd1969-03-28s1t01.mp3",
          "bitrate": "205"
        }
      ]
    },
    {
      "track": "02",
      "title": "Dark Star >",
      "duration": 1375.43,
      "formats": [
        {
          "format": "24bit Flac",
          "filename": "gd1969-03-28s1t02.flac"
        },
        {
          "format": "VBR MP3",
          "filename": "gd1969-03-28s1t02.mp3",
          "bitrate": "201"
        }
      ]
    },
    {
      "track": "03",
      "title": "St. Stephen >",
      "duration": 371.61,
      "formats": [
        {
          "format": "24bit Flac",
          "filename": "gd1969-03-28s1t03.flac"
        },
        {
          "format": "VBR MP3",
          "filename": "gd1969-03-28s1t03.mp3",
          "bitrate": "207"
        }
      ]
    },
    {
      "track": "04",
      "title": "The Eleven >",
      "duration": 930.83,
      "formats": [
        {
          "format": "24bit Flac",
          "filename": "gd1969-03-28s1t04.flac"
        },
        {
          "format": "VBR MP3",
          "filename": "gd1969-03-28s1t04.mp3",
          "bitrate": "211"
        }
      ]
    },
    {
      "track": "05",
      "title": "Death Don't Have No Mercy",
      "duration": 591.34,
      "formats": [
        {
          "format": "24bit Flac",
          "filename": "gd1969-03-28s1t05.flac"
        },
        {
          "format": "VBR MP3",
          "filename": "gd1969-03-28s1t05.mp3",
          "bitrate": "202"
        }
      ]
    },
    {
      "track": "06",
      "title": "Turn On Your Lovelight",
      "duration": 1473.23,
      "formats": [
        {
          "format": "24bit Flac",
          "filename": "gd1969-03-28s1t06.flac"
        },
        {
          "format": "VBR MP3",
          "filename": "gd1969-03-28s1t06.mp3",
          "bitrate": "207"
        }
      ]
    },
    {
      "track": "07",
      "title": "Cryptical Envelopment >",
      "duration": 127.05,
      "formats": [
        {
          "format": "24bit Flac",
          "filename": "gd1969-03-28s2t01.flac"
        },
        {
          "format": "VBR MP3",
          "filename": "gd1969-03-28s2t01.mp3",
          "bitrate": "198"
        }
      ]
    },
    {
      "track": "08",
      "title": "Drums >",
      "duration": 17.9,
      "formats": [
        {
          "format": "24bit Flac",
          "filename": "gd1969-03-28s2t02.flac"
        },
        {
          "format": "VBR MP3",
          "filename": "gd1969-03-28s2t02.mp3",
          "bitrate": "190"
        }
      ]
    },
    {
      "track": "09",
      "title": "The Other One >",
      "duration": 530.5,
      "formats": [
        {
          "format": "24bit Flac",
          "filename": "gd1969-03-28s2t03.flac"
        },
        {
          "format": "VBR MP3",
          "filename": "gd1969-03-28s2t03.mp3",
          "bitrate": "221"
        }
      ]
    },
    {
      "track": "10",
      "title": "Cryptical Envelopment",
      "duration": 676.92,
      "formats": [
        {
          "format": "24bit Flac",
          "filename": "gd1969-03-28s2t04.flac"
        },
        {
          "format": "VBR MP3",
          "filename": "gd1969-03-28s2t04.mp3",
          "bitrate": "207"
        }
      ]
    }
  ]
}