{
  "rating": 2.409090909090909,
  "review_count": 11,
  "source_type": "UNKNOWN",
  "confidence": 1.0,
  "date": "1969-04-22",
  "venue": "The Ark",
  "location": "Boston, MA",
  "raw_rating": 4.818181818181818,
  "high_ratings": 11,
  "low_ratings": 0,
  "tracks": [
    {
      "track": "01",
      "title": "Sittin' On Top Of The World",
      "duration": 236.16,
      "formats": [
        {
          "format": "Flac",
          "filename": "gd69-04-22d1t01.flac"
        },
        {
          "format": "VBR MP3",
          "filename": "gd69-04-22d1t01.mp3",
          "bitrate": "173"
        }
      ]
    },
    {
      "track": "02",
      "title": "Morning Dew",
      "duration": 633.06,
      "formats": [
        {
          "format": "Flac",
          "filename": "gd69-04-22d1t02.flac"
        },
        {
          "format": "VBR MP3",
          "filename": "gd69-04-22d1t02.mp3",
          "bitrate": "186"
        }
      ]
    },
    {
      "track": "03",
      "title": "Beat It On Down The Line ->",
      "duration": 163.84,
      "formats": [
        {
          "format": "Flac",
          "filename": "gd69-04-22d1t03.flac"
        },
        {
          "format": "VBR MP3",
          "filename": "gd69-04-22d1t03.mp3",
          "bitrate": "190"
        }
      ]
    },
    {
      "track": "04",
      "title": "Good Morning Little Schoolgirl",
      "duration": 596.44,
      "formats": [
        {
          "format": "Flac",
          "filename": "gd69-04-22d1t04.flac"
        },
        {
          "format": "VBR MP3",
          "filename": "gd69-04-22d1t04.mp3",
          "bitrate": "185"
        }
      ]
    },
    {
      "track": "05",
      "title": "Doin' That Rag",
      "duration": 511.01,
      "formats": [
        {
          "format": "Flac",
          "filename": "gd69-04-22d1t05.flac"
        },
        {
          "format": "VBR MP3",
          "filename": "gd69-04-22d1t05.mp3",
          "bitrate": "187"
        }
      ]
    },
    {
      "track": "06",
      "title": "Cryptical Envelopment ->",
      "duration": 115.48,
      "formats": [
        {
          "format": "Flac",
          "filename": "gd69-04-22d1t06.flac"
        },
        {
          "format": "VBR MP3",
          "filename": "gd69-04-22d1t06.mp3",
          "bitrate": "182"
        }
      ]
    },
    {
      "track": "07",
      "title": "Drums ->",
      "duration": 42.97,
      "formats": [
        {
          "format": "Flac",
          "filename": "gd69-04-22d1t07.flac"
        },
        {
          "format": "VBR MP3",
          "filename": "gd69-04-22d1t07.mp3",
          "bitrate": "180"
        }
      ]
    },
    {
      "track": "08",
      "title": "The Other One ->",
      "duration": 119.0,
      "formats": [
        {
          "format": "Flac",
          "filename": "gd69-04-22d1t08.flac"
        },
        {
          "format": "VBR MP3",
          "filename": "gd69-04-22d1t08.mp3",
          "bitrate": "202"
        }
      ]
    },
    {
      "track": "09",
      "title": "Cryptical Envelopment ->",
      "duration": 541.37,
      "formats": [
        {
          "format": "Flac",
          "filename": "gd69-04-22d1t09.flac"
        },
        {
          "format": "VBR MP3",
          "filename": "gd69-04-22d1t09.mp3",
          "bitrate": "191"
        }
      ]
    },
    {
      "track": "10",
      "title": "Death Don't Have No Mercy",
      "duration": 620.6,
      "formats": [
        {
          "format": "Flac",
          "filename": "gd69-04-22d1t10.flac"
        },
        {
          "format": "VBR MP3",
          "filename": "gd69-04-22d1t10.mp3",
          "bitrate": "186"
        }
      ]
    },
    {
      "track": "11",
      "title": "Monitor Levels",
      "duration": 182.34,
      "formats": [
        {
          "format": "Flac",
          "filename": "gd69-04-22d1t11.flac"
        },
        {
          "format": "VBR MP3",
          "filename": "gd69-04-22d1t11.mp3",
          "bitrate": "176"
        }
      ]
    },
    {
      "track": "12",
      "title": "Dupree's Diamond Blues ->",
      "duration": 253.17,
      "formats": [
        {
          "format": "Flac",
          "filename": "gd69-04-22d1t12.flac"
        },
        {
          "format": "VBR MP3",
          "filename": "gd69-04-22d1t12.mp3",
          "bitrate": "187"
        }
      ]
    },
    {
      "track": "13",
      "title": "Mountains Of The Moon ->",
      "duration": 260.24,
      "formats": [
        {
          "format": "Flac",
          "filename": "gd69-04-22d1t13.flac"
        },
        {
          "format": "VBR MP3",
          "filename": "gd69-04-22d1t13.mp3",
          "bitrate": "177"
        }
      ]
    },
    {
      "track": "14",
      "title": "Jam ->",
      "duration": 168.14,
      "formats": [
        {
          "format": "Flac",
          "filename": "gd69-04-22d2t01.flac"
        },
        {
          "format": "VBR MP3",
          "filename": "gd69-04-22d2t01.mp3",
          "bitrate": "180"
        }
      ]
    },
    {
      "track": "15",
      "title": "Dark Star ->",
      "duration": 1641.48,
      "formats": [
        {
          "format": "Flac",
          "filename": "gd69-04-22d2t02.flac"
        },
        {
          "format": "VBR MP3",
          "filename": "gd69-04-22d2t02.mp3",
          "bitrate": "189"
        }
      ]
    },
    {
      "track": "16",
      "title": "St. Stephen ->",
      "duration": 395.12,
      "formats": [
        {
          "format": "Flac",
          "filename": "gd69-04-22d2t03.flac"
        },
        {
          "format": "VBR MP3",
          "filename": "gd69-04-22d2t03.mp3",
          "bitrate": "193"
        }
      ]
    },
    {
      "track": "17",
      "title": "The Eleven ->",
      "duration": 679.41,
      "formats": [
        {
          "format": "Flac",
          "filename": "gd69-04-22d2t04.flac"
        },
        {
          "format": "VBR MP3",
          "filename": "gd69-04-22d2t04.mp3",
          "bitrate": "201"
        }
      ]
    },
    {
      "track": "18",
      "title": "Turn On Your Lovelight",
      "duration": 1729.01,
      "formats": [
        {
          "format": "Flac",
          "filename": "gd69-04-22d2t05.flac"
        },
        {
          "format": "VBR MP3",
          "filename": "gd69-04-22d2t05.mp3",
          "bitrate": "194"
        }
      ]
    }
  ]
}