{
  "rating": 3.9,
  "review_count": 6,
  "source_type": "MATRIX",
  "confidence": 1.0,
  "date": "1968-10-30",
  "venue": "The Matrix",
  "location": "San Francisco, CA",
  "raw_rating": 4.333333333333333,
  "high_ratings": 5,
  "low_ratings": 0,
  "tracks": [
    {
      "track": "01",
      "title": "Dark Star Jam>",
      "duration": 1053.18,
      "formats": [
        {
          "format": "24bit Flac",
          "filename": "gd68-10-30d1t01.flac"
        },
        {
          "format": "VBR MP3",
          "filename": "gd68-10-30d1t01.mp3",
          "bitrate": "223"
        }
      ]
    },
    {
      "track": "02",
      "title": "Death Letter Blues",
      "duration": 568.65,
      "formats": [
        {
          "format": "24bit Flac",
          "filename": "gd68-10-30d1t02.flac"
        },
        {
          "format": "VBR MP3",
          "filename": "gd68-10-30d1t02.mp3",
          "bitrate": "232"
        }
      ]
    },
    {
      "track": "03",
      "title": "Other One Jam/",
      "duration": 962.29,
      "formats": [
        {
          "format": "24bit Flac",
          "filename": "gd68-10-30d1t03.flac"
        },
        {
          "format": "VBR MP3",
          "filename": "gd68-10-30d1t03.mp3",
          "bitrate": "242"
        }
      ]
    },
    {
      "track": "04",
      "title": "Saint Stephen Jam>",
      "duration": 183.26,
      "formats": [
        {
          "format": "24bit Flac",
          "filename": "gd68-10-30d1t04.flac"
        },
        {
          "format": "VBR MP3",
          "filename": "gd68-10-30d1t04.mp3",
          "bitrate": "239"
        }
      ]
    },
    {
      "track": "05",
      "title": "Lovelight Jam",
      "duration": 724.29,
      "formats": [
        {
          "format": "24bit Flac",
          "filename": "gd68-10-30d1t05.flac"
        },
        {
          "format": "VBR MP3",
          "filename": "gd68-10-30d1t05.mp3",
          "bitrate": "235"
        }
      ]
    },
    {
      "track": "06",
      "title": "Jam>",
      "duration": 932.97,
      "formats": [
        {
          "format": "24bit Flac",
          "filename": "gd68-10-30d1t06.flac"
        },
        {
          "format": "VBR MP3",
          "filename": "gd68-10-30d1t06.mp3",
          "bitrate": "227"
        }
      ]
    },
    {
      "track": "07",
      "title": "Eleven Jam>",
      "duration": 587.3,
      "formats": [
        {
          "format": "24bit Flac",
          "filename": "gd68-10-30d1t07.flac"
        },
        {
          "format": "VBR MP3",
          "filename": "gd68-10-30d1t07.mp3",
          "bitrate": "248"
        }
      ]
    },
    {
      "track": "08",
      "title": "Death Don't Have No Mercy//",
      "duration": 309.48,
      "formats": [
        {
          "format": "24bit Flac",
          "filename": "gd68-10-30d1t08.flac"
        },
        {
          "format": "VBR MP3",
          "filename": "gd68-10-30d1t08.mp3",
          "bitrate": "212"
        }
      ]
    }
  ]
}