{
  "rating": 2.411764705882353,
  "review_count": 17,
  "source_type": "UNKNOWN",
  "confidence": 1.0,
  "date": "1968-02-14",
  "venue": "Carousel Ballroom",
  "location": "San Francisco, CA",
  "raw_rating": 4.823529411764706,
  "high_ratings": 16,
  "low_ratings": 0,
  "tracks": [
    {
      "track": "01",
      "title": "Morning Dew",
      "duration": 381.54,
      "formats": [
        {
          "format": "Flac",
          "filename": "gd68-02-14d1t01.flac"
        },
        {
          "format": "VBR MP3",
          "filename": "gd68-02-14d1t01.mp3",
          "bitrate": "179"
        }
      ]
    },
    {
      "track": "02",
      "title": "Good Morning Little Schoolgirl",
      "duration": 747.97,
      "formats": [
        {
          "format": "Flac",
          "filename": "gd68-02-14d1t02.flac"
        },
        {
          "format": "VBR MP3",
          "filename": "gd68-02-14d1t02.mp3",
          "bitrate": "178"
        }
      ]
    },
    {
      "track": "03",
      "title": "Dark Star ->",
      "duration": 353.64,
      "formats": [
        {
          "format": "Flac",
          "filename": "gd68-02-14d1t03.flac"
        },
        {
          "format": "VBR MP3",
          "filename": "gd68-02-14d1t03.mp3",
          "bitrate": "181"
        }
      ]
    },
    {
      "track": "04",
      "title": "China Cat Sunflower ->",
      "duration": 263.25,
      "formats": [
        {
          "format": "Flac",
          "filename": "gd68-02-14d1t04.flac"
        },
        {
          "format": "VBR MP3",
          "filename": "gd68-02-14d1t04.mp3",
          "bitrate": "187"
        }
      ]
    },
    {
      "track": "05",
      "title": "The Eleven ->",
      "duration": 294.4,
      "formats": [
        {
          "format": "Flac",
          "filename": "gd68-02-14d1t05.flac"
        },
        {
          "format": "VBR MP3",
          "filename": "gd68-02-14d1t05.mp3",
          "bitrate": "180"
        }
      ]
    },
    {
      "track": "06",
      "title": "Turn On Your Lovelight",
      "duration": 544.3,
      "formats": [
        {
          "format": "Flac",
          "filename": "gd68-02-14d1t06.flac"
        },
        {
          "format": "VBR MP3",
          "filename": "gd68-02-14d1t06.mp3",
          "bitrate": "178"
        }
      ]
    },
    {
      "track": "07",
      "title": "Stage Announcements",
      "duration": 42.28,
      "formats": [
        {
          "format": "Flac",
          "filename": "gd68-02-14d1t07.flac"
        },
        {
          "format": "VBR MP3",
          "filename": "gd68-02-14d1t07.mp3",
          "bitrate": "143"
        }
      ]
    },
    {
      "track": "08",
      "title": "That's It For The Other One ->",
      "duration": 521.09,
      "formats": [
        {
          "format": "Flac",
          "filename": "gd68-02-14d1t08.flac"
        },
        {
          "format": "VBR MP3",
          "filename": "gd68-02-14d1t08.mp3",
          "bitrate": "177"
        }
      ]
    },
    {
      "track": "09",
      "title": "New Potato Caboose ->",
      "duration": 519.08,
      "formats": [
        {
          "format": "Flac",
          "filename": "gd68-02-14d1t09.flac"
        },
        {
          "format": "VBR MP3",
          "filename": "gd68-02-14d1t09.mp3",
          "bitrate": "175"
        }
      ]
    },
    {
      "track": "10",
      "title": "Born Cross-Eyed ->",
      "duration": 153.21,
      "formats": [
        {
          "format": "Flac",
          "filename": "gd68-02-14d1t10.flac"
        },
        {
          "format": "VBR MP3",
          "filename": "gd68-02-14d1t10.mp3",
          "bitrate": "176"
        }
      ]
    },
    {
      "track": "11",
      "title": "Spanish Jam ->",
      "duration": 912.82,
      "formats": [
        {
          "format": "Flac",
          "filename": "gd68-02-14d1t11.flac"
        },
        {
          "format": "VBR MP3",
          "filename": "gd68-02-14d1t11.mp3",
          "bitrate": "176"
        }
      ]
    },
    {
      "track": "12",
      "title": "Alligator ->",
      "duration": 191.34,
      "formats": [
        {
          "format": "Flac",
          "filename": "gd68-02-14d2t01.flac"
        },
        {
          "format": "VBR MP3",
          "filename": "gd68-02-14d2t01.mp3",
          "bitrate": "189"
        }
      ]
    },
    {
      "track": "13",
      "title": "Drums ->",
      "duration": 145.02,
      "formats": [
        {
          "format": "Flac",
          "filename": "gd68-02-14d2t02.flac"
        },
        {
          "format": "VBR MP3",
          "filename": "gd68-02-14d2t02.mp3",
          "bitrate": "205"
        }
      ]
    },
    {
      "track": "14",
      "title": "Alligator ->",
      "duration": 517.17,
      "formats": [
        {
          "format": "Flac",
          "filename": "gd68-02-14d2t03.flac"
        },
        {
          "format": "VBR MP3",
          "filename": "gd68-02-14d2t03.mp3",
          "bitrate": "189"
        }
      ]
    },
    {
      "track": "15",
      "title": "Caution (Do Not Stop On Tracks)->",
      "duration": 590.7,
      "formats": [
        {
          "format": "Flac",
          "filename": "gd68-02-14d2t04.flac"
        },
        {
          "format": "VBR MP3",
          "filename": "gd68-02-14d2t04.mp3",
          "bitrate": "180"
        }
      ]
    },
    {
      "track": "16",
      "title": "Feedback",
      "duration": 583.89,
      "formats": [
        {
          "format": "Flac",
          "filename": "gd68-02-14d2t05.flac"
        },
        {
          "format": "VBR MP3",
          "filename": "gd68-02-14d2t05.mp3",
          "bitrate": "180"
        }
      ]
    },
    {
      "track": "17",
      "title": "In The Midnight Hour",
      "duration": 616.14,
      "formats": [
        {
          "format": "Flac",
          "filename": "gd68-02-14d2t06.flac"
        },
        {
          "format": "VBR MP3",
          "filename": "gd68-02-14d2t06.mp3",
          "bitrate": "179"
        }
      ]
    },
    {
      "track": "18",
      "title": "Stage/Radio Announcements",
      "duration": 80.5,
      "formats": [
        {
          "format": "Flac",
          "filename": "gd68-02-14d2t07.flac"
        },
        {
          "format": "VBR MP3",
          "filename": "gd68-02-14d2t07.mp3",
          "bitrate": "174"
        }
      ]
    }
  ]
}