{
  "rating": 2.4266666666666663,
  "review_count": 3,
  "source_type": "AUD",
  "confidence": 0.6,
  "date": "1967-05-05",
  "venue": "Fillmore Auditorium",
  "location": "San Francisco, CA",
  "raw_rating": 4.333333333333333,
  "high_ratings": 2,
  "low_ratings": 0,
  "tracks": [
    {
      "track": "01",
      "title": "tuning & foolin",
      "duration": 125.57,
      "formats": [
        {
          "format": "24bit Flac",
          "filename": "gd1967-05-05t01.flac"
        },
        {
          "format": "VBR MP3",
          "filename": "gd1967-05-05t01.mp3",
          "bitrate": "180"
        }
      ]
    },
    {
      "track": "02",
      "title": "Golden Road To Unlimited Devotion >",
      "duration": 141.41,
      "formats": [
        {
          "format": "24bit Flac",
          "filename": "gd1967-05-05t02.flac"
        },
        {
          "format": "VBR MP3",
          "filename": "gd1967-05-05t02.mp3",
          "bitrate": "189"
        }
      ]
    },
    {
      "track": "03",
      "title": "New Potato Caboose",
      "duration": 622.73,
      "formats": [
        {
          "format": "24bit Flac",
          "filename": "gd1967-05-05t03.flac"
        },
        {
          "format": "VBR MP3",
          "filename": "gd1967-05-05t03.mp3",
          "bitrate": "185"
        }
      ]
    },
    {
      "track": "04",
      "title": "Alligator",
      "duration": 727.21,
      "formats": [
        {
          "format": "24bit Flac",
          "filename": "gd1967-05-05t04.flac"
        },
        {
          "format": "VBR MP3",
          "filename": "gd1967-05-05t04.mp3",
          "bitrate": "189"
        }
      ]
    },
    {
      "track": "05",
      "title": "He Was A Friend Of Mine//",
      "duration": 295.07,
      "formats": [
        {
          "format": "24bit Flac",
          "filename": "gd1967-05-05t05.flac"
        },
        {
          "format": "VBR MP3",
          "filename": "gd1967-05-05t05.mp3",
          "bitrate": "185"
        }
      ]
    }
  ]
}