{
  "rating": 1.5,
  "review_count": 1,
  "source_type": "UNKNOWN",
  "confidence": 0.2,
  "date": "1968-08-23",
  "venue": "Shrine Exposition Hall",
  "location": "Los Angeles, CA",
  "raw_rating": 5.0,
  "high_ratings": 1,
  "low_ratings": 0,
  "tracks": [
    {
      "track": "01",
      "title": "Cryptical Envelopment >",
      "duration": 110.91,
      "formats": [
        {
          "format": "Flac",
          "filename": "01 Cryptical Envelopment.flac"
        },
        {
          "format": "VBR MP3",
          "filename": "01 Cryptical Envelopment.mp3",
          "bitrate": "192"
        }
      ]
    },
    {
      "track": "02",
      "title": "The Other One >",
      "duration": 261.97,
      "formats": [
        {
          "format": "Flac",
          "filename": "02 The Other One.flac"
        },
        {
          "format": "VBR MP3",
          "filename": "02 The Other One.mp3",
          "bitrate": "191"
        }
      ]
    },
    {
      "track": "03",
      "title": "Cryptical Envelopment",
      "duration": 399.8,
      "formats": [
        {
          "format": "Flac",
          "filename": "03 Cryptical Envelopment.flac"
        },
        {
          "format": "VBR MP3",
          "filename": "03 Cryptical Envelopment.mp3",
          "bitrate": "189"
        }
      ]
    },
    {
      "track": "04",
      "title": "Dark Star >",
      "duration": 926.31,
      "formats": [
        {
          "format": "Flac",
          "filename": "04 Dark Star.flac"
        },
        {
          "format": "VBR MP3",
          "filename": "04 Dark Star.mp3",
          "bitrate": "180"
        }
      ]
    },
    {
      "track": "05",
      "title": "Saint Stephen >",
      "duration": 211.99,
      "formats": [
        {
          "format": "Flac",
          "filename": "05 Saint Stephen.flac"
        },
        {
          "format": "VBR MP3",
          "filename": "05 Saint Stephen.mp3",
          "bitrate": "189"
        }
      ]
    },
    {
      "track": "06",
      "title": "The Eleven",
      "duration": 719.51,
      "formats": [
        {
          "format": "Flac",
          "filename": "06 The Eleven.flac"
        },
        {
          "format": "VBR MP3",
          "filename": "06 The Eleven.mp3",
          "bitrate": "197"
        }
      ]
    },
    {
      "track": "07",
      "title": "Death Don't Have No Mercy",
      "duration": 479.56,
      "formats": [
        {
          "format": "Flac",
          "filename": "07 Death Don't Have No Mercy.flac"
        },
        {
          "format": "VBR MP3",
          "filename": "07 Death Don't Have No Mercy.mp3",
          "bitrate": "187"
        }
      ]
    },
    {
      "track": "08",
      "title": "Alligator >",
      "duration": 213.77,
      "formats": [
        {
          "format": "Flac",
          "filename": "08 Alligator.flac"
        },
        {
          "format": "VBR MP3",
          "filename": "08 Alligator.mp3",
          "bitrate": "193"
        }
      ]
    },
    {
      "track": "09",
      "title": "Drums >",
      "duration": 237.87,
      "formats": [
        {
          "format": "Flac",
          "filename": "09 Drums.flac"
        },
        {
          "format": "VBR MP3",
          "filename": "09 Drums.mp3",
          "bitrate": "198"
        }
      ]
    },
    {
      "track": "10",
      "title": "Jam >",
      "duration": 736.47,
      "formats": [
        {
          "format": "Flac",
          "filename": "10 Jam.flac"
        },
        {
          "format": "VBR MP3",
          "filename": "10 Jam.mp3",
          "bitrate": "200"
        }
      ]
    },
    {
      "track": "11",
      "title": "Caution (Do Not Stop On Tracks) >",
      "duration": 669.65,
      "formats": [
        {
          "format": "Flac",
          "filename": "11 Caution (Do Not Stop on Tracks).flac"
        },
        {
          "format": "VBR MP3",
          "filename": "11 Caution (Do Not Stop on Tracks).mp3",
          "bitrate": "199"
        }
      ]
    },
    {
      "track": "12",
      "title": "Feedback",
      "duration": 187.15,
      "formats": [
        {
          "format": "Flac",
          "filename": "12 Feedback.flac"
        },
        {
          "format": "VBR MP3",
          "filename": "12 Feedback.mp3",
          "bitrate": "179"
        }
      ]
    }
  ]
}