{
  "rating": 2.6774999999999998,
  "review_count": 4,
  "source_type": "AUD",
  "confidence": 0.8,
  "date": "1966-07-16",
  "venue": "Fillmore Auditorium",
  "location": "San Francisco, CA",
  "raw_rating": 4.25,
  "high_ratings": 3,
  "low_ratings": 1,
  "tracks": [
    {
      "track": "01",
      "title": "Viola Lee Blues",
      "duration": 313.9,
      "formats": [
        {
          "format": "VBR MP3",
          "filename": "gd66-07-16_d1t01.mp3",
          "bitrate": "191"
        },
        {
          "format": "Shorten",
          "filename": "gd66-07-16_d1t01.shn"
        }
      ]
    },
    {
      "track": "02",
      "title": "Don't Ease Me In ->",
      "duration": 73.38,
      "formats": [
        {
          "format": "VBR MP3",
          "filename": "gd66-07-16_d1t02.mp3",
          "bitrate": "191"
        },
        {
          "format": "Shorten",
          "filename": "gd66-07-16_d1t02.shn"
        }
      ]
    },
    {
      "track": "03",
      "title": "Pain In My Heart",
      "duration": 112.69,
      "formats": [
        {
          "format": "VBR MP3",
          "filename": "gd66-07-16_d1t03.mp3",
          "bitrate": "190"
        },
        {
          "format": "Shorten",
          "filename": "gd66-07-16_d1t03.shn"
        }
      ]
    },
    {
      "track": "04",
      "title": "New Minglewood Blues ->",
      "duration": 116.48,
      "formats": [
        {
          "format": "VBR MP3",
          "filename": "gd66-07-16_d1t04.mp3",
          "bitrate": "194"
        },
        {
          "format": "Shorten",
          "filename": "gd66-07-16_d1t04.shn"
        }
      ]
    },
    {
      "track": "05",
      "title": "Sitting On Tp Of The World",
      "duration": 115.92,
      "formats": [
        {
          "format": "VBR MP3",
          "filename": "gd66-07-16_d1t05.mp3",
          "bitrate": "190"
        },
        {
          "format": "Shorten",
          "filename": "gd66-07-16_d1t05.shn"
        }
      ]
    },
    {
      "track": "06",
      "title": "You Don't Have To Ask ->",
      "duration": 147.75,
      "formats": [
        {
          "format": "VBR MP3",
          "filename": "gd66-07-16_d1t06.mp3",
          "bitrate": "190"
        },
        {
          "format": "Shorten",
          "filename": "gd66-07-16_d1t06.shn"
        }
      ]
    },
    {
      "track": "07",
      "title": "Cold Rain And Snow ->",
      "duration": 104.21,
      "formats": [
        {
          "format": "VBR MP3",
          "filename": "gd66-07-16_d1t07.mp3",
          "bitrate": "194"
        },
        {
          "format": "Shorten",
          "filename": "gd66-07-16_d1t07.shn"
        }
      ]
    },
    {
      "track": "08",
      "title": "Good Morning Little Schoolgirl ->",
      "duration": 339.78,
      "formats": [
        {
          "format": "VBR MP3",
          "filename": "gd66-07-16_d1t08.mp3",
          "bitrate": "192"
        },
        {
          "format": "Shorten",
          "filename": "gd66-07-16_d1t08.shn"
        }
      ]
    },
    {
      "track": "09",
      "title": "It's All Over Now Baby Blue",
      "duration": 159.33,
      "formats": [
        {
          "format": "VBR MP3",
          "filename": "gd66-07-16_d1t09.mp3",
          "bitrate": "191"
        },
        {
          "format": "Shorten",
          "filename": "gd66-07-16_d1t09.shn"
        }
      ]
    }
  ]
}