{
  "rating": 2.4499999999999997,
  "review_count": 2,
  "source_type": "AUD",
  "confidence": 0.4,
  "date": "1966-07-16",
  "venue": "Fillmore Auditorium",
  "location": "San Francisco, CA",
  "raw_rating": 5.0,
  "high_ratings": 2,
  "low_ratings": 0,
  "tracks": [
    {
      "track": "01",
      "title": "Viola Lee Blues",
      "duration": 558.46,
      "formats": [
        {
          "format": "Flac",
          "filename": "gd66-07-16_d1t01.flac"
        },
        {
          "format": "VBR MP3",
          "filename": "gd66-07-16_d1t01.mp3",
          "bitrate": "191"
        }
      ]
    },
    {
      "track": "02",
      "title": "Don't Ease Me In",
      "duration": 123.93,
      "formats": [
        {
          "format": "Flac",
          "filename": "gd66-07-16_d1t02.flac"
        },
        {
          "format": "VBR MP3",
          "filename": "gd66-07-16_d1t02.mp3",
          "bitrate": "191"
        }
      ]
    },
    {
      "track": "03",
      "title": "Pain In My Heart",
      "duration": 208.05,
      "formats": [
        {
          "format": "Flac",
          "filename": "gd66-07-16_d1t03.flac"
        },
        {
          "format": "VBR MP3",
          "filename": "gd66-07-16_d1t03.mp3",
          "bitrate": "190"
        }
      ]
    },
    {
      "track": "04",
      "title": "Minglewood Blues",
      "duration": 195.52,
      "formats": [
        {
          "format": "Flac",
          "filename": "gd66-07-16_d1t04.flac"
        },
        {
          "format": "VBR MP3",
          "filename": "gd66-07-16_d1t04.mp3",
          "bitrate": "194"
        }
      ]
    },
    {
      "track": "05",
      "title": "Sitting On Top Of The World",
      "duration": 202.02,
      "formats": [
        {
          "format": "Flac",
          "filename": "gd66-07-16_d1t05.flac"
        },
        {
          "format": "VBR MP3",
          "filename": "gd66-07-16_d1t05.mp3",
          "bitrate": "190"
        }
      ]
    },
    {
      "track": "06",
      "title": "You Don't Have To Ask",
      "duration": 248.13,
      "formats": [
        {
          "format": "Flac",
          "filename": "gd66-07-16_d1t06.flac"
        },
        {
          "format": "VBR MP3",
          "filename": "gd66-07-16_d1t06.mp3",
          "bitrate": "190"
        }
      ]
    },
    {
      "track": "07",
      "title": "Cold Rain and Snow",
      "duration": 178.17,
      "formats": [
        {
          "format": "Flac",
          "filename": "gd66-07-16_d1t07.flac"
        },
        {
          "format": "VBR MP3",
          "filename": "gd66-07-16_d1t07.mp3",
          "bitrate": "194"
        }
      ]
    },
    {
      "track": "08",
      "title": "Good Morning Little School Girl",
      "duration": 623.1,
      "formats": [
        {
          "format": "Flac",
          "filename": "gd66-07-16_d1t08.flac"
        },
        {
          "format": "VBR MP3",
          "filename": "gd66-07-16_d1t08.mp3",
          "bitrate": "192"
        }
      ]
    },
    {
      "track": "09",
      "title": "It's All Over Now Baby Blue",
      "duration": 307.54,
      "formats": [
        {
          "format": "Flac",
          "filename": "gd66-07-16_d1t09.flac"
        },
        {
          "format": "VBR MP3",
          "filename": "gd66-07-16_d1t09.mp3",
          "bitrate": "191"
        }
      ]
    }
  ]
}