{
  "rating": 2.2857142857142856,
  "review_count": 7,
  "source_type": "UNKNOWN",
  "confidence": 1.0,
  "date": "1967-08-04",
  "venue": "O'Keefe Center",
  "location": "Toronto, ON",
  "raw_rating": 4.571428571428571,
  "high_ratings": 7,
  "low_ratings": 0,
  "tracks": [
    {
      "track": "01",
      "title": "New Potato Caboose",
      "duration": 222.44,
      "formats": [
        {
          "format": "VBR MP3",
          "filename": "gd67-08-04d1t01.mp3",
          "bitrate": "176"
        },
        {
          "format": "Shorten",
          "filename": "gd67-08-04d1t01.shn"
        }
      ]
    },
    {
      "track": "02",
      "title": "Viola Lee Blues > Feedback",
      "duration": 683.93,
      "formats": [
        {
          "format": "VBR MP3",
          "filename": "gd67-08-04d1t02.mp3",
          "bitrate": "175"
        },
        {
          "format": "Shorten",
          "filename": "gd67-08-04d1t02.shn"
        }
      ]
    }
  ]
}