{
  "rating": 0.0,
  "review_count": 0,
  "source_type": "UNKNOWN",
  "confidence": 0.0,
  "date": "1969-03-28",
  "venue": "Student Center, Modesto Jr. College",
  "location": "Modesto, CA",
  "raw_rating": 0.0,
  "high_ratings": 0,
  "low_ratings": 0,
  "tracks": [
    {
      "track": "01",
      "title": "Good Morning Little Schoolgirl",
      "duration": 786.2,
      "formats": [
        {
          "format": "Flac",
          "filename": "gd1969-03-28t01.flac"
        },
        {
          "format": "VBR MP3",
          "filename": "gd1969-03-28t01.mp3",
          "bitrate": "180"
        }
      ]
    },
    {
      "track": "02",
      "title": "Dark Star ->",
      "duration": 1369.16,
      "formats": [
        {
          "format": "Flac",
          "filename": "gd1969-03-28t02.flac"
        },
        {
          "format": "VBR MP3",
          "filename": "gd1969-03-28t02.mp3",
          "bitrate": "177"
        }
      ]
    },
    {
      "track": "03",
      "title": "St. Stephen ->",
      "duration": 542.43,
      "formats": [
        {
          "format": "Flac",
          "filename": "gd1969-03-28t03.flac"
        },
        {
          "format": "VBR MP3",
          "filename": "gd1969-03-28t03.mp3",
          "bitrate": "179"
        }
      ]
    },
    {
      "track": "04",
      "title": "The Eleven ->",
      "duration": 756.73,
      "formats": [
        {
          "format": "Flac",
          "filename": "gd1969-03-28t04.flac"
        },
        {
          "format": "VBR MP3",
          "filename": "gd1969-03-28t04.mp3",
          "bitrate": "179"
        }
      ]
    },
    {
      "track": "05",
      "title": "Death Don't Have No Mercy",
      "duration": 584.37,
      "formats": [
        {
          "format": "Flac",
          "filename": "gd1969-03-28t05.flac"
        },
        {
          "format": "VBR MP3",
          "filename": "gd1969-03-28t05.mp3",
          "bitrate": "178"
        }
      ]
    },
    {
      "track": "06",
      "title": "Turn On Your Lovelight",
      "duration": 1343.29,
      "formats": [
        {
          "format": "Flac",
          "filename": "gd1969-03-28t06.flac"
        },
        {
          "format": "VBR MP3",
          "filename": "gd1969-03-28t06.mp3",
          "bitrate": "180"
        }
      ]
    },
    {
      "track": "07",
      "title": "tuning-",
      "duration": 115.89,
      "formats": [
        {
          "format": "Flac",
          "filename": "gd1969-03-28t07.flac"
        },
        {
          "format": "VBR MP3",
          "filename": "gd1969-03-28t07.mp3",
          "bitrate": "175"
        }
      ]
    },
    {
      "track": "08",
      "title": "Cryptical Envelopment ->",
      "duration": 126.05,
      "formats": [
        {
          "format": "Flac",
          "filename": "gd1969-03-28t08.flac"
        },
        {
          "format": "VBR MP3",
          "filename": "gd1969-03-28t08.mp3",
          "bitrate": "177"
        }
      ]
    },
    {
      "track": "09",
      "title": "Drums ->",
      "duration": 17.79,
      "formats": [
        {
          "format": "Flac",
          "filename": "gd1969-03-28t09.flac"
        },
        {
          "format": "VBR MP3",
          "filename": "gd1969-03-28t09.mp3",
          "bitrate": "180"
        }
      ]
    },
    {
      "track": "10",
      "title": "The Other One ->",
      "duration": 526.68,
      "formats": [
        {
          "format": "Flac",
          "filename": "gd1969-03-28t10.flac"
        },
        {
          "format": "VBR MP3",
          "filename": "gd1969-03-28t10.mp3",
          "bitrate": "182"
        }
      ]
    },
    {
      "track": "11",
      "title": "Cryptical Envelopment",
      "duration": 671.95,
      "formats": [
        {
          "format": "Flac",
          "filename": "gd1969-03-28t11.flac"
        },
        {
          "format": "VBR MP3",
          "filename": "gd1969-03-28t11.mp3",
          "bitrate": "178"
        }
      ]
    }
  ]
}