{
  "rating": 0.84,
  "review_count": 1,
  "source_type": "AUD",
  "confidence": 0.2,
  "date": "1969-06-11",
  "venue": "California Hall",
  "location": "San Francisco, CA",
  "raw_rating": 2.0,
  "high_ratings": 0,
  "low_ratings": 1,
  "tracks": [
    {
      "track": "01",
      "title": "Let It Be Me",
      "duration": 21.24,
      "formats": [
        {
          "format": "Flac",
          "filename": "s1t01 gd69-06-11.flac"
        }
      ]
    },
    {
      "track": "02",
      "title": "Silver Threads",
      "duration": 635.88,
      "formats": [
        {
          "format": "Flac",
          "filename": "s1t02 gd69-06-11.flac"
        }
      ]
    },
    {
      "track": "03",
      "title": "Mama Tried",
      "duration": 166.83,
      "formats": [
        {
          "format": "Flac",
          "filename": "s1t03 gd69-06-11.flac"
        }
      ]
    },
    {
      "track": "04",
      "title": "Cathy's Clown",
      "duration": 217.49,
      "formats": [
        {
          "format": "Flac",
          "filename": "s1t04 gd69-06-11.flac"
        }
      ]
    },
    {
      "track": "05",
      "title": "Me And My Uncle//",
      "duration": 280.33,
      "formats": [
        {
          "format": "Flac",
          "filename": "s1t05 gd69-06-11.flac"
        }
      ]
    },
    {
      "track": "06",
      "title": "Slewfoot",
      "duration": 377.6,
      "formats": [
        {
          "format": "Flac",
          "filename": "s1t06 gd69-06-11.flac"
        }
      ]
    },
    {
      "track": "07",
      "title": "Dire Wolf",
      "duration": 440.55,
      "formats": [
        {
          "format": "Flac",
          "filename": "s1t07 gd69-06-11.flac"
        }
      ]
    },
    {
      "track": "08",
      "title": "Games People Play//",
      "duration": 331.77,
      "formats": [
        {
          "format": "Flac",
          "filename": "s1t08 gd69-06-11.flac"
        }
      ]
    },
    {
      "track": "09",
      "title": "The Race Is On",
      "duration": 203.67,
      "formats": [
        {
          "format": "Flac",
          "filename": "s1t09 gd69-06-11.flac"
        }
      ]
    },
    {
      "track": "10",
      "title": "Green Green Grass Of Home",
      "duration": 93.04,
      "formats": [
        {
          "format": "Flac",
          "filename": "s1t10 gd69-06-11.flac"
        }
      ]
    },
    {
      "track": "11",
      "title": "Tiger By The Tail//",
      "duration": 635.88,
      "formats": [
        {
          "format": "Flac",
          "filename": "s2t01 gd69-06-11.flac"
        }
      ]
    },
    {
      "track": "12",
      "title": "I've Just Seen A Face",
      "duration": 166.83,
      "formats": [
        {
          "format": "Flac",
          "filename": "s2t02 gd69-06-11.flac"
        }
      ]
    },
    {
      "track": "13",
      "title": "All I Have To Do Is Dream",
      "duration": 217.49,
      "formats": [
        {
          "format": "Flac",
          "filename": "s2t03 gd69-06-11.flac"
        }
      ]
    },
    {
      "track": "14",
      "title": "Wabash Cannonball",
      "duration": 280.33,
      "formats": [
        {
          "format": "Flac",
          "filename": "s2t04 gd69-06-11.flac"
        }
      ]
    },
    {
      "track": "15",
      "title": "Railroading Across The Great Divide//",
      "duration": 377.6,
      "formats": [
        {
          "format": "Flac",
          "filename": "s2t05 gd69-06-11.flac"
        }
      ]
    },
    {
      "track": "16",
      "title": "Dark Star >",
      "duration": 440.55,
      "formats": [
        {
          "format": "Flac",
          "filename": "s2t06 gd69-06-11.flac"
        }
      ]
    },
    {
      "track": "17",
      "title": "Alligator >",
      "duration": 331.77,
      "formats": [
        {
          "format": "Flac",
          "filename": "s2t07 gd69-06-11.flac"
        }
      ]
    },
    {
      "track": "18",
      "title": "Feed//back >",
      "duration": 203.67,
      "formats": [
        {
          "format": "Flac",
          "filename": "s2t08 gd69-06-11.flac"
        }
      ]
    },
    {
      "track": "19",
      "title": "Bid U Goodnight",
      "duration": 93.04,
      "formats": [
        {
          "format": "Flac",
          "filename": "s2t09 gd69-06-11.flac"
        }
      ]
    }
  ]
}