{
  "rating": 2.1,
  "review_count": 5,
  "source_type": "UNKNOWN",
  "confidence": 1.0,
  "date": "1969-04-21",
  "venue": "The Ark",
  "location": "Boston, MA",
  "raw_rating": 4.2,
  "high_ratings": 4,
  "low_ratings": 0,
  "tracks": [
    {
      "track": "01",
      "title": "Introduction",
      "duration": 167.09,
      "formats": [
        {
          "format": "Flac",
          "filename": "gd1969-04-21.sbd.menke.d1t01.flac"
        },
        {
          "format": "VBR MP3",
          "filename": "gd1969-04-21.sbd.menke.d1t01.mp3",
          "bitrate": "198"
        }
      ]
    },
    {
      "track": "02",
      "title": "Hard To Handle",
      "duration": 442.96,
      "formats": [
        {
          "format": "Flac",
          "filename": "gd1969-04-21.sbd.menke.d1t02.flac"
        },
        {
          "format": "VBR MP3",
          "filename": "gd1969-04-21.sbd.menke.d1t02.mp3",
          "bitrate": "231"
        }
      ]
    },
    {
      "track": "03",
      "title": "Morning Dew",
      "duration": 528.06,
      "formats": [
        {
          "format": "Flac",
          "filename": "gd1969-04-21.sbd.menke.d1t03.flac"
        },
        {
          "format": "VBR MP3",
          "filename": "gd1969-04-21.sbd.menke.d1t03.mp3",
          "bitrate": "226"
        }
      ]
    },
    {
      "track": "04",
      "title": "Cryptical Envelopment ->",
      "duration": 144.53,
      "formats": [
        {
          "format": "Flac",
          "filename": "gd1969-04-21.sbd.menke.d2t01.flac"
        },
        {
          "format": "VBR MP3",
          "filename": "gd1969-04-21.sbd.menke.d2t01.mp3",
          "bitrate": "205"
        }
      ]
    },
    {
      "track": "05",
      "title": "Drums ->",
      "duration": 38.29,
      "formats": [
        {
          "format": "Flac",
          "filename": "gd1969-04-21.sbd.menke.d2t02.flac"
        },
        {
          "format": "VBR MP3",
          "filename": "gd1969-04-21.sbd.menke.d2t02.mp3",
          "bitrate": "201"
        }
      ]
    },
    {
      "track": "06",
      "title": "The Other One ->",
      "duration": 571.77,
      "formats": [
        {
          "format": "Flac",
          "filename": "gd1969-04-21.sbd.menke.d2t03.flac"
        },
        {
          "format": "VBR MP3",
          "filename": "gd1969-04-21.sbd.menke.d2t03.mp3",
          "bitrate": "261"
        }
      ]
    },
    {
      "track": "07",
      "title": "Cryptical Envelopment ->",
      "duration": 510.65,
      "formats": [
        {
          "format": "Flac",
          "filename": "gd1969-04-21.sbd.menke.d2t04.flac"
        },
        {
          "format": "VBR MP3",
          "filename": "gd1969-04-21.sbd.menke.d2t04.mp3",
          "bitrate": "231"
        }
      ]
    },
    {
      "track": "08",
      "title": "Sittin' On Top Of The World",
      "duration": 334.09,
      "formats": [
        {
          "format": "Flac",
          "filename": "gd1969-04-21.sbd.menke.d2t05.flac"
        },
        {
          "format": "VBR MP3",
          "filename": "gd1969-04-21.sbd.menke.d2t05.mp3",
          "bitrate": "223"
        }
      ]
    },
    {
      "track": "09",
      "title": "Alligator ->",
      "duration": 277.85,
      "formats": [
        {
          "format": "Flac",
          "filename": "gd1969-04-21.sbd.menke.d2t06.flac"
        },
        {
          "format": "VBR MP3",
          "filename": "gd1969-04-21.sbd.menke.d2t06.mp3",
          "bitrate": "229"
        }
      ]
    },
    {
      "track": "10",
      "title": "Drums ->",
      "duration": 208.88,
      "formats": [
        {
          "format": "Flac",
          "filename": "gd1969-04-21.sbd.menke.d2t07.flac"
        },
        {
          "format": "VBR MP3",
          "filename": "gd1969-04-21.sbd.menke.d2t07.mp3",
          "bitrate": "218"
        }
      ]
    },
    {
      "track": "11",
      "title": "Jam ->",
      "duration": 472.33,
      "formats": [
        {
          "format": "Flac",
          "filename": "gd1969-04-21.sbd.menke.d2t08.flac"
        },
        {
          "format": "VBR MP3",
          "filename": "gd1969-04-21.sbd.menke.d2t08.mp3",
          "bitrate": "225"
        }
      ]
    },
    {
      "track": "12",
      "title": "Doin' That Rag",
      "duration": 442.77,
      "formats": [
        {
          "format": "Flac",
          "filename": "gd1969-04-21.sbd.menke.d2t09.flac"
        },
        {
          "format": "VBR MP3",
          "filename": "gd1969-04-21.sbd.menke.d2t09.mp3",
          "bitrate": "211"
        }
      ]
    },
    {
      "track": "13",
      "title": "Foxy Lady Jam",
      "duration": 195.32,
      "formats": [
        {
          "format": "Flac",
          "filename": "gd1969-04-21.sbd.menke.d3t01.flac"
        },
        {
          "format": "VBR MP3",
          "filename": "gd1969-04-21.sbd.menke.d3t01.mp3",
          "bitrate": "208"
        }
      ]
    },
    {
      "track": "14",
      "title": "Dark Star ->",
      "duration": 1453.17,
      "formats": [
        {
          "format": "Flac",
          "filename": "gd1969-04-21.sbd.menke.d3t02.flac"
        },
        {
          "format": "VBR MP3",
          "filename": "gd1969-04-21.sbd.menke.d3t02.mp3",
          "bitrate": "215"
        }
      ]
    },
    {
      "track": "15",
      "title": "St. Stephen ->",
      "duration": 355.48,
      "formats": [
        {
          "format": "Flac",
          "filename": "gd1969-04-21.sbd.menke.d3t03.flac"
        },
        {
          "format": "VBR MP3",
          "filename": "gd1969-04-21.sbd.menke.d3t03.mp3",
          "bitrate": "222"
        }
      ]
    },
    {
      "track": "16",
      "title": "The Eleven ->",
      "duration": 767.38,
      "formats": [
        {
          "format": "Flac",
          "filename": "gd1969-04-21.sbd.menke.d3t04.flac"
        },
        {
          "format": "VBR MP3",
          "filename": "gd1969-04-21.sbd.menke.d3t04.mp3",
          "bitrate": "235"
        }
      ]
    },
    {
      "track": "17",
      "title": "Turn On Your Lovelight",
      "duration": 1569.76,
      "formats": [
        {
          "format": "Flac",
          "filename": "gd1969-04-21.sbd.menke.d3t05.flac"
        },
        {
          "format": "VBR MP3",
          "filename": "gd1969-04-21.sbd.menke.d3t05.mp3",
          "bitrate": "228"
        }
      ]
    },
    {
      "track": "18",
      "title": "Tuning",
      "duration": 336.45,
      "formats": [
        {
          "format": "Flac",
          "filename": "gd1969-04-21.sbd.menke.d3t06.flac"
        },
        {
          "format": "VBR MP3",
          "filename": "gd1969-04-21.sbd.menke.d3t06.mp3",
          "bitrate": "189"
        }
      ]
    },
    {
      "track": "19",
      "title": "Viola Lee Blues ->",
      "duration": 895.97,
      "formats": [
        {
          "format": "Flac",
          "filename": "gd1969-04-21.sbd.menke.d3t07.flac"
        },
        {
          "format": "VBR MP3",
          "filename": "gd1969-04-21.sbd.menke.d3t07.mp3",
          "bitrate": "246"
        }
      ]
    },
    {
      "track": "20",
      "title": "Feedback",
      "duration": 264.68,
      "formats": [
        {
          "format": "Flac",
          "filename": "gd1969-04-21.sbd.menke.d3t08.flac"
        },
        {
          "format": "VBR MP3",
          "filename": "gd1969-04-21.sbd.menke.d3t08.mp3",
          "bitrate": "216"
        }
      ]
    }
  ]
}