{
  "rating": 2.357142857142857,
  "review_count": 7,
  "source_type": "UNKNOWN",
  "confidence": 1.0,
  "date": "1968-01-17",
  "venue": "Carousel Ballroom",
  "location": "San Francisco, CA",
  "raw_rating": 4.714285714285714,
  "high_ratings": 7,
  "low_ratings": 0,
  "tracks": [
    {
      "track": "01",
      "title": "Turn On Your Lovelight;",
      "duration": 436.41,
      "formats": [
        {
          "format": "VBR MP3",
          "filename": "gd68-01-17d1t01.mp3",
          "bitrate": "178"
        },
        {
          "format": "Shorten",
          "filename": "gd68-01-17d1t01.shn"
        }
      ]
    },
    {
      "track": "02",
      "title": "technical difficulties",
      "duration": 101.51,
      "formats": [
        {
          "format": "VBR MP3",
          "filename": "gd68-01-17d1t02.mp3",
          "bitrate": "177"
        },
        {
          "format": "Shorten",
          "filename": "gd68-01-17d1t02.shn"
        }
      ]
    },
    {
      "track": "03",
      "title": "Dark Star >",
      "duration": 160.46,
      "formats": [
        {
          "format": "VBR MP3",
          "filename": "gd68-01-17d1t03.mp3",
          "bitrate": "174"
        },
        {
          "format": "Shorten",
          "filename": "gd68-01-17d1t03.shn"
        }
      ]
    },
    {
      "track": "04",
      "title": "China Cat Sunflower >",
      "duration": 145.31,
      "formats": [
        {
          "format": "VBR MP3",
          "filename": "gd68-01-17d1t04.mp3",
          "bitrate": "177"
        },
        {
          "format": "Shorten",
          "filename": "gd68-01-17d1t04.shn"
        }
      ]
    },
    {
      "track": "05",
      "title": "The Eleven >",
      "duration": 307.0,
      "formats": [
        {
          "format": "VBR MP3",
          "filename": "gd68-01-17d1t05.mp3",
          "bitrate": "175"
        },
        {
          "format": "Shorten",
          "filename": "gd68-01-17d1t05.shn"
        }
      ]
    },
    {
      "track": "06",
      "title": "Feedback;",
      "duration": 38.96,
      "formats": [
        {
          "format": "VBR MP3",
          "filename": "gd68-01-17d1t06.mp3",
          "bitrate": "175"
        },
        {
          "format": "Shorten",
          "filename": "gd68-01-17d1t06.shn"
        }
      ]
    },
    {
      "track": "07",
      "title": "New Potato Caboose >",
      "duration": 287.95,
      "formats": [
        {
          "format": "VBR MP3",
          "filename": "gd68-01-17d1t07.mp3",
          "bitrate": "175"
        },
        {
          "format": "Shorten",
          "filename": "gd68-01-17d1t07.shn"
        }
      ]
    },
    {
      "track": "08",
      "title": "Born Cross-Eyed >",
      "duration": 88.98,
      "formats": [
        {
          "format": "VBR MP3",
          "filename": "gd68-01-17d1t08.mp3",
          "bitrate": "175"
        },
        {
          "format": "Shorten",
          "filename": "gd68-01-17d1t08.shn"
        }
      ]
    },
    {
      "track": "09",
      "title": "Feedback >",
      "duration": 20.45,
      "formats": [
        {
          "format": "VBR MP3",
          "filename": "gd68-01-17d1t09.mp3",
          "bitrate": "172"
        },
        {
          "format": "Shorten",
          "filename": "gd68-01-17d1t09.shn"
        }
      ]
    },
    {
      "track": "10",
      "title": "Spanish Jam;",
      "duration": 522.63,
      "formats": [
        {
          "format": "VBR MP3",
          "filename": "gd68-01-17d1t10-fixed.mp3",
          "bitrate": "175"
        },
        {
          "format": "Shorten",
          "filename": "gd68-01-17d1t10-fixed.shn"
        }
      ]
    },
    {
      "track": "11",
      "title": "Cryptical Envelopment >",
      "duration": 67.43,
      "formats": [
        {
          "format": "VBR MP3",
          "filename": "gd68-01-17d2t01-fixed.mp3",
          "bitrate": "176"
        },
        {
          "format": "Shorten",
          "filename": "gd68-01-17d2t01-fixed.shn"
        }
      ]
    },
    {
      "track": "12",
      "title": "The Other One >",
      "duration": 119.6,
      "formats": [
        {
          "format": "VBR MP3",
          "filename": "gd68-01-17d2t02-fixed.mp3",
          "bitrate": "178"
        },
        {
          "format": "Shorten",
          "filename": "gd68-01-17d2t02-fixed.shn"
        }
      ]
    },
    {
      "track": "13",
      "title": "Cryptical Envelopment >",
      "duration": 188.42,
      "formats": [
        {
          "format": "VBR MP3",
          "filename": "gd68-01-17d2t03-fixed.mp3",
          "bitrate": "178"
        },
        {
          "format": "Shorten",
          "filename": "gd68-01-17d2t03-fixed.shn"
        }
      ]
    },
    {
      "track": "14",
      "title": "Good Morning Little Schoolgirl",
      "duration": 490.2,
      "formats": [
        {
          "format": "VBR MP3",
          "filename": "gd68-01-17d2t04-fixed.mp3",
          "bitrate": "178"
        },
        {
          "format": "Shorten",
          "filename": "gd68-01-17d2t04-fixed.shn"
        }
      ]
    }
  ]
}