{
  "rating": 1.866666666666667,
  "review_count": 3,
  "source_type": "UNKNOWN",
  "confidence": 0.6,
  "date": "1969-05-31",
  "venue": "McArthur Court, University of Oregon",
  "location": "Eugene, OR",
  "raw_rating": 4.666666666666667,
  "high_ratings": 3,
  "low_ratings": 0,
  "tracks": [
    {
      "track": "01",
      "title": "Hard To Handle",
      "duration": 291.0,
      "formats": [
        {
          "format": "Flac",
          "filename": "01 Hard To Handle.flac"
        },
        {
          "format": "VBR MP3",
          "filename": "01 Hard To Handle.mp3",
          "bitrate": "199"
        }
      ]
    },
    {
      "track": "02",
      "title": "Cold Rain and Snow",
      "duration": 259.33,
      "formats": [
        {
          "format": "Flac",
          "filename": "02 Cold Rain and Snow.flac"
        },
        {
          "format": "VBR MP3",
          "filename": "02 Cold Rain and Snow.mp3",
          "bitrate": "211"
        }
      ]
    },
    {
      "track": "03",
      "title": "banter, yellow dog story",
      "duration": 620.27,
      "formats": [
        {
          "format": "Flac",
          "filename": "03 banter, yellow dog story.flac"
        },
        {
          "format": "VBR MP3",
          "filename": "03 banter, yellow dog story.mp3",
          "bitrate": "176"
        }
      ]
    },
    {
      "track": "04",
      "title": "Green Green Grass of Home",
      "duration": 311.53,
      "formats": [
        {
          "format": "Flac",
          "filename": "04 Green Green Grass of Home.flac"
        },
        {
          "format": "VBR MP3",
          "filename": "04 Green Green Grass of Home.mp3",
          "bitrate": "178"
        }
      ]
    },
    {
      "track": "05",
      "title": "Me and My Uncle",
      "duration": 225.71,
      "formats": [
        {
          "format": "Flac",
          "filename": "05 Me and My Uncle.flac"
        },
        {
          "format": "VBR MP3",
          "filename": "05 Me and My Uncle.mp3",
          "bitrate": "196"
        }
      ]
    },
    {
      "track": "06",
      "title": "Cryptical Envelopment >",
      "duration": 117.36,
      "formats": [
        {
          "format": "Flac",
          "filename": "06 Cryptical Envelopment.flac"
        },
        {
          "format": "VBR MP3",
          "filename": "06 Cryptical Envelopment.mp3",
          "bitrate": "190"
        }
      ]
    },
    {
      "track": "07",
      "title": "Drums >",
      "duration": 48.33,
      "formats": [
        {
          "format": "Flac",
          "filename": "07 Drums.flac"
        },
        {
          "format": "VBR MP3",
          "filename": "07 Drums.mp3",
          "bitrate": "184"
        }
      ]
    },
    {
      "track": "08",
      "title": "The Other One >",
      "duration": 644.72,
      "formats": [
        {
          "format": "Flac",
          "filename": "08 The Other One.flac"
        },
        {
          "format": "VBR MP3",
          "filename": "08 The Other One.mp3",
          "bitrate": "215"
        }
      ]
    },
    {
      "track": "09",
      "title": "Cryptical Envelopment >",
      "duration": 182.87,
      "formats": [
        {
          "format": "Flac",
          "filename": "09 Cryptical Envelopment.flac"
        },
        {
          "format": "VBR MP3",
          "filename": "09 Cryptical Envelopment.mp3",
          "bitrate": "198"
        }
      ]
    },
    {
      "track": "10",
      "title": "Sitting on Top of the World",
      "duration": 272.97,
      "formats": [
        {
          "format": "Flac",
          "filename": "10 Sitting on Top of the World.flac"
        },
        {
          "format": "VBR MP3",
          "filename": "10 Sitting on Top of the World.mp3",
          "bitrate": "203"
        }
      ]
    },
    {
      "track": "11",
      "title": "It Hurts Me Too",
      "duration": 387.51,
      "formats": [
        {
          "format": "Flac",
          "filename": "11 It Hurts Me Too.flac"
        },
        {
          "format": "VBR MP3",
          "filename": "11 It Hurts Me Too.mp3",
          "bitrate": "194"
        }
      ]
    },
    {
      "track": "12",
      "title": "Turn On Your Lovelight",
      "duration": 1750.13,
      "formats": [
        {
          "format": "Flac",
          "filename": "12 Turn On Your Lovelight.flac"
        },
        {
          "format": "VBR MP3",
          "filename": "12 Turn On Your Lovelight.mp3",
          "bitrate": "204"
        }
      ]
    },
    {
      "track": "13",
      "title": "He Was a Friend of Mine",
      "duration": 868.27,
      "formats": [
        {
          "format": "Flac",
          "filename": "13 He Was a Friend of Mine.flac"
        },
        {
          "format": "VBR MP3",
          "filename": "13 He Was a Friend of Mine.mp3",
          "bitrate": "184"
        }
      ]
    },
    {
      "track": "14",
      "title": "Dark Star >",
      "duration": 1428.44,
      "formats": [
        {
          "format": "Flac",
          "filename": "14 Dark Star.flac"
        },
        {
          "format": "VBR MP3",
          "filename": "14 Dark Star.mp3",
          "bitrate": "191"
        }
      ]
    },
    {
      "track": "15",
      "title": "Doin' That Rag",
      "duration": 274.72,
      "formats": [
        {
          "format": "Flac",
          "filename": "15 Doin' That Rag.flac"
        },
        {
          "format": "VBR MP3",
          "filename": "15 Doin' That Rag.mp3",
          "bitrate": "192"
        }
      ]
    },
    {
      "track": "16",
      "title": "Cosmic Charlie",
      "duration": 37.73,
      "formats": [
        {
          "format": "Flac",
          "filename": "16 Cosmic Charlie.flac"
        },
        {
          "format": "VBR MP3",
          "filename": "16 Cosmic Charlie.mp3",
          "bitrate": "178"
        }
      ]
    },
    {
      "track": "17",
      "title": "It's All Over Now Baby Blue",
      "duration": 545.17,
      "formats": [
        {
          "format": "Flac",
          "filename": "17 It's All Over Now Baby Blue.flac"
        },
        {
          "format": "VBR MP3",
          "filename": "17 It's All Over Now Baby Blue.mp3",
          "bitrate": "155"
        }
      ]
    },
    {
      "track": "18",
      "title": "And We Bid You Good Night",
      "duration": 222.35,
      "formats": [
        {
          "format": "Flac",
          "filename": "18 And We Bid You Good Night.flac"
        },
        {
          "format": "VBR MP3",
          "filename": "18 And We Bid You Good Night.mp3",
          "bitrate": "164"
        }
      ]
    }
  ]
}