{
  "rating": 2.25,
  "review_count": 6,
  "source_type": "UNKNOWN",
  "confidence": 1.0,
  "date": "1969-08-23",
  "venue": "Pelletier Farm",
  "location": "St. Helens, OR",
  "raw_rating": 4.5,
  "high_ratings": 6,
  "low_ratings": 0,
  "tracks": [
    {
      "track": "01",
      "title": "Hard to Handle",
      "duration": 305.39,
      "formats": [
        {
          "format": "VBR MP3",
          "filename": "gd69-08-23d1t101.mp3",
          "bitrate": "178"
        },
        {
          "format": "Shorten",
          "filename": "gd69-08-23d1t101.shn"
        }
      ]
    },
    {
      "track": "02",
      "title": "Mama Tried >",
      "duration": 95.93,
      "formats": [
        {
          "format": "VBR MP3",
          "filename": "gd69-08-23d1t102.mp3",
          "bitrate": "176"
        },
        {
          "format": "Shorten",
          "filename": "gd69-08-23d1t102.shn"
        }
      ]
    },
    {
      "track": "03",
      "title": "High Time",
      "duration": 189.43,
      "formats": [
        {
          "format": "VBR MP3",
          "filename": "gd69-08-23d1t103.mp3",
          "bitrate": "175"
        },
        {
          "format": "Shorten",
          "filename": "gd69-08-23d1t103.shn"
        }
      ]
    },
    {
      "track": "04",
      "title": "Casey Jones",
      "duration": 184.33,
      "formats": [
        {
          "format": "VBR MP3",
          "filename": "gd69-08-23d1t104.mp3",
          "bitrate": "177"
        },
        {
          "format": "Shorten",
          "filename": "gd69-08-23d1t104.shn"
        }
      ]
    },
    {
      "track": "05",
      "title": "Easy Wind",
      "duration": 346.64,
      "formats": [
        {
          "format": "VBR MP3",
          "filename": "gd69-08-23d1t105.mp3",
          "bitrate": "177"
        },
        {
          "format": "Shorten",
          "filename": "gd69-08-23d1t105.shn"
        }
      ]
    },
    {
      "track": "06",
      "title": "Sittin' On Top of the World",
      "duration": 145.39,
      "formats": [
        {
          "format": "VBR MP3",
          "filename": "gd69-08-23d1t106.mp3",
          "bitrate": "178"
        },
        {
          "format": "Shorten",
          "filename": "gd69-08-23d1t106.shn"
        }
      ]
    },
    {
      "track": "07",
      "title": "Tuning :15",
      "duration": 7.23,
      "formats": [
        {
          "format": "VBR MP3",
          "filename": "gd69-08-23d2t201.mp3",
          "bitrate": "181"
        },
        {
          "format": "Shorten",
          "filename": "gd69-08-23d2t201.shn"
        }
      ]
    },
    {
      "track": "08",
      "title": "DarkStar >",
      "duration": 905.06,
      "formats": [
        {
          "format": "VBR MP3",
          "filename": "gd69-08-23d2t202.mp3",
          "bitrate": "178"
        },
        {
          "format": "Shorten",
          "filename": "gd69-08-23d2t202.shn"
        }
      ]
    },
    {
      "track": "09",
      "title": "St. Stephen >",
      "duration": 265.76,
      "formats": [
        {
          "format": "VBR MP3",
          "filename": "gd69-08-23d2t203.mp3",
          "bitrate": "180"
        },
        {
          "format": "Shorten",
          "filename": "gd69-08-23d2t203.shn"
        }
      ]
    },
    {
      "track": "10",
      "title": "The Eleven >",
      "duration": 447.96,
      "formats": [
        {
          "format": "VBR MP3",
          "filename": "gd69-08-23d2t204.mp3",
          "bitrate": "179"
        },
        {
          "format": "Shorten",
          "filename": "gd69-08-23d2t204.shn"
        }
      ]
    },
    {
      "track": "11",
      "title": "Lovelight",
      "duration": 911.8,
      "formats": [
        {
          "format": "VBR MP3",
          "filename": "gd69-08-23d2t205.mp3",
          "bitrate": "175"
        },
        {
          "format": "Shorten",
          "filename": "gd69-08-23d2t205.shn"
        }
      ]
    },
    {
      "track": "12",
      "title": "We Bid You Good Night",
      "duration": 118.13,
      "formats": [
        {
          "format": "VBR MP3",
          "filename": "gd69-08-23d2t206.mp3",
          "bitrate": "104"
        },
        {
          "format": "Shorten",
          "filename": "gd69-08-23d2t206.shn"
        }
      ]
    }
  ]
}