{
  "rating": 1.75,
  "review_count": 2,
  "source_type": "UNKNOWN",
  "confidence": 0.4,
  "date": "1969-03-01",
  "venue": "Fillmore West",
  "location": "San Francisco, CA",
  "raw_rating": 5.0,
  "high_ratings": 2,
  "low_ratings": 0,
  "tracks": [
    {
      "track": "01",
      "title": "Cryptical Envelopment >",
      "duration": 90.71,
      "formats": [
        {
          "format": "VBR MP3",
          "filename": "gd69-03-01d1t01-nayfield.mp3",
          "bitrate": "179"
        },
        {
          "format": "Shorten",
          "filename": "gd69-03-01d1t01-nayfield.shn"
        }
      ]
    },
    {
      "track": "02",
      "title": "The Other One >",
      "duration": 390.44,
      "formats": [
        {
          "format": "VBR MP3",
          "filename": "gd69-03-01d1t02-nayfield.mp3",
          "bitrate": "184"
        },
        {
          "format": "Shorten",
          "filename": "gd69-03-01d1t02-nayfield.shn"
        }
      ]
    },
    {
      "track": "03",
      "title": "Cryptical Envelopment >",
      "duration": 332.75,
      "formats": [
        {
          "format": "VBR MP3",
          "filename": "gd69-03-01d1t03-nayfield.mp3",
          "bitrate": "184"
        },
        {
          "format": "Shorten",
          "filename": "gd69-03-01d1t03-nayfield.shn"
        }
      ]
    },
    {
      "track": "04",
      "title": "New Potato Caboose >",
      "duration": 449.65,
      "formats": [
        {
          "format": "VBR MP3",
          "filename": "gd69-03-01d1t04-nayfield.mp3",
          "bitrate": "182"
        },
        {
          "format": "Shorten",
          "filename": "gd69-03-01d1t04-nayfield.shn"
        }
      ]
    },
    {
      "track": "05",
      "title": "Doing That Rag >",
      "duration": 225.77,
      "formats": [
        {
          "format": "VBR MP3",
          "filename": "gd69-03-01d1t05-nayfield.mp3",
          "bitrate": "183"
        },
        {
          "format": "Shorten",
          "filename": "gd69-03-01d1t05-nayfield.shn"
        }
      ]
    },
    {
      "track": "06",
      "title": "Cosmic Charlie",
      "duration": 221.99,
      "formats": [
        {
          "format": "VBR MP3",
          "filename": "gd69-03-01d1t06-nayfield.mp3",
          "bitrate": "179"
        },
        {
          "format": "Shorten",
          "filename": "gd69-03-01d1t06-nayfield.shn"
        }
      ]
    },
    {
      "track": "07",
      "title": "Dupree's Diamond Blues",
      "duration": 138.21,
      "formats": [
        {
          "format": "VBR MP3",
          "filename": "gd69-03-01d1t07-nayfield.mp3",
          "bitrate": "182"
        },
        {
          "format": "Shorten",
          "filename": "gd69-03-01d1t07-nayfield.shn"
        }
      ]
    },
    {
      "track": "08",
      "title": "Mountains of the Moon",
      "duration": 144.78,
      "formats": [
        {
          "format": "VBR MP3",
          "filename": "gd69-03-01d1t08-nayfield.mp3",
          "bitrate": "176"
        },
        {
          "format": "Shorten",
          "filename": "gd69-03-01d1t08-nayfield.shn"
        }
      ]
    },
    {
      "track": "09",
      "title": "Dark Star >",
      "duration": 715.42,
      "formats": [
        {
          "format": "VBR MP3",
          "filename": "gd69-03-01d2t01-nayfield.mp3",
          "bitrate": "186"
        },
        {
          "format": "Shorten",
          "filename": "gd69-03-01d2t01-nayfield.shn"
        }
      ]
    },
    {
      "track": "10",
      "title": "Saint Stephen >",
      "duration": 264.1,
      "formats": [
        {
          "format": "VBR MP3",
          "filename": "gd69-03-01d2t02-nayfield.mp3",
          "bitrate": "181"
        },
        {
          "format": "Shorten",
          "filename": "gd69-03-01d2t02-nayfield.shn"
        }
      ]
    },
    {
      "track": "11",
      "title": "The Eleven >",
      "duration": 202.0,
      "formats": [
        {
          "format": "VBR MP3",
          "filename": "gd69-03-01d2t03-nayfield.mp3",
          "bitrate": "188"
        },
        {
          "format": "Shorten",
          "filename": "gd69-03-01d2t03-nayfield.shn"
        }
      ]
    },
    {
      "track": "12",
      "title": "Lovelight",
      "duration": 691.54,
      "formats": [
        {
          "format": "VBR MP3",
          "filename": "gd69-03-01d2t04-nayfield.mp3",
          "bitrate": "183"
        },
        {
          "format": "Shorten",
          "filename": "gd69-03-01d2t04-nayfield.shn"
        }
      ]
    },
    {
      "track": "13",
      "title": "Hey Jude",
      "duration": 252.45,
      "formats": [
        {
          "format": "VBR MP3",
          "filename": "gd69-03-01d2t05-nayfield.mp3",
          "bitrate": "181"
        },
        {
          "format": "Shorten",
          "filename": "gd69-03-01d2t05-nayfield.shn"
        }
      ]
    }
  ]
}