{
  "rating": 0.0,
  "review_count": 0,
  "source_type": "UNKNOWN",
  "confidence": 0.0,
  "date": "1969-03-01",
  "venue": "Fillmore West",
  "location": "San Francisco, CA",
  "raw_rating": 0.0,
  "high_ratings": 0,
  "low_ratings": 0,
  "tracks": [
    {
      "track": "01",
      "title": "Bill Graham Intro >> Cryptical Envelopment >>",
      "duration": 68.15,
      "formats": [
        {
          "format": "VBR MP3",
          "filename": "gd69-03-01d1t01.mp3",
          "bitrate": "177"
        },
        {
          "format": "Shorten",
          "filename": "gd69-03-01d1t01.shn"
        }
      ]
    },
    {
      "track": "02",
      "title": "Drums >",
      "duration": 5.69,
      "formats": [
        {
          "format": "VBR MP3",
          "filename": "gd69-03-01d1t02.mp3",
          "bitrate": "188"
        },
        {
          "format": "Shorten",
          "filename": "gd69-03-01d1t02.shn"
        }
      ]
    },
    {
      "track": "03",
      "title": "That's It For The Other One ->",
      "duration": 404.74,
      "formats": [
        {
          "format": "VBR MP3",
          "filename": "gd69-03-01d1t03.mp3",
          "bitrate": "192"
        },
        {
          "format": "Shorten",
          "filename": "gd69-03-01d1t03.shn"
        }
      ]
    },
    {
      "track": "04",
      "title": "Cryptical Envelopment ->",
      "duration": 323.13,
      "formats": [
        {
          "format": "VBR MP3",
          "filename": "gd69-03-01d1t04.mp3",
          "bitrate": "190"
        },
        {
          "format": "Shorten",
          "filename": "gd69-03-01d1t04.shn"
        }
      ]
    },
    {
      "track": "05",
      "title": "New Potato Caboose ->",
      "duration": 427.87,
      "formats": [
        {
          "format": "VBR MP3",
          "filename": "gd69-03-01d1t05.mp3",
          "bitrate": "185"
        },
        {
          "format": "Shorten",
          "filename": "gd69-03-01d1t05.shn"
        }
      ]
    },
    {
      "track": "06",
      "title": "Doin' That Rag ->",
      "duration": 217.89,
      "formats": [
        {
          "format": "VBR MP3",
          "filename": "gd69-03-01d1t06.mp3",
          "bitrate": "183"
        },
        {
          "format": "Shorten",
          "filename": "gd69-03-01d1t06.shn"
        }
      ]
    },
    {
      "track": "07",
      "title": "Cosmic Charlie",
      "duration": 212.54,
      "formats": [
        {
          "format": "VBR MP3",
          "filename": "gd69-03-01d1t07.mp3",
          "bitrate": "181"
        },
        {
          "format": "Shorten",
          "filename": "gd69-03-01d1t07.shn"
        }
      ]
    },
    {
      "track": "08",
      "title": "Dupree's Diamond Blues",
      "duration": 148.03,
      "formats": [
        {
          "format": "VBR MP3",
          "filename": "gd69-03-01d2t01.mp3",
          "bitrate": "181"
        },
        {
          "format": "Shorten",
          "filename": "gd69-03-01d2t01.shn"
        }
      ]
    },
    {
      "track": "09",
      "title": "Mountains Of The Moon",
      "duration": 134.15,
      "formats": [
        {
          "format": "VBR MP3",
          "filename": "gd69-03-01d2t02.mp3",
          "bitrate": "172"
        },
        {
          "format": "Shorten",
          "filename": "gd69-03-01d2t02.shn"
        }
      ]
    },
    {
      "track": "10",
      "title": "Dark Star ->",
      "duration": 730.07,
      "formats": [
        {
          "format": "VBR MP3",
          "filename": "gd69-03-01d2t03.mp3",
          "bitrate": "190"
        },
        {
          "format": "Shorten",
          "filename": "gd69-03-01d2t03.shn"
        }
      ]
    },
    {
      "track": "11",
      "title": "St. Stephen ->",
      "duration": 187.61,
      "formats": [
        {
          "format": "VBR MP3",
          "filename": "gd69-03-01d2t04.mp3",
          "bitrate": "181"
        },
        {
          "format": "Shorten",
          "filename": "gd69-03-01d2t04.shn"
        }
      ]
    },
    {
      "track": "12",
      "title": "William Tell -> The Eleven ->",
      "duration": 288.65,
      "formats": [
        {
          "format": "VBR MP3",
          "filename": "gd69-03-01d2t05.mp3",
          "bitrate": "189"
        },
        {
          "format": "Shorten",
          "filename": "gd69-03-01d2t05.shn"
        }
      ]
    },
    {
      "track": "13",
      "title": "Turn On Your Lovelight",
      "duration": 570.67,
      "formats": [
        {
          "format": "VBR MP3",
          "filename": "gd69-03-01d2t06.mp3",
          "bitrate": "185"
        },
        {
          "format": "Shorten",
          "filename": "gd69-03-01d2t06.shn"
        }
      ]
    },
    {
      "track": "14",
      "title": "Broken String Banter",
      "duration": 103.66,
      "formats": [
        {
          "format": "VBR MP3",
          "filename": "gd69-03-01d3t01.mp3",
          "bitrate": "174"
        },
        {
          "format": "Shorten",
          "filename": "gd69-03-01d3t01.shn"
        }
      ]
    },
    {
      "track": "15",
      "title": "Encore: Hey Jude",
      "duration": 266.26,
      "formats": [
        {
          "format": "VBR MP3",
          "filename": "gd69-03-01d3t02.mp3",
          "bitrate": "181"
        },
        {
          "format": "Shorten",
          "filename": "gd69-03-01d3t02.shn"
        }
      ]
    }
  ]
}