{
  "rating": 2.25,
  "review_count": 4,
  "source_type": "UNKNOWN",
  "confidence": 0.8,
  "date": "1969-03-28",
  "venue": "Student Center, Modesto Jr College",
  "location": "Modesto, CA",
  "raw_rating": 5.0,
  "high_ratings": 4,
  "low_ratings": 0,
  "tracks": [
    {
      "track": "01",
      "title": "Good Morning Little Schoolgirl",
      "duration": 782.86,
      "formats": [
        {
          "format": "Flac",
          "filename": "gd1969-03-28d1t01.flac"
        },
        {
          "format": "VBR MP3",
          "filename": "gd1969-03-28d1t01.mp3",
          "bitrate": "218"
        }
      ]
    },
    {
      "track": "02",
      "title": "Dark Star >",
      "duration": 1375.42,
      "formats": [
        {
          "format": "Flac",
          "filename": "gd1969-03-28d1t02.flac"
        },
        {
          "format": "VBR MP3",
          "filename": "gd1969-03-28d1t02.mp3",
          "bitrate": "211"
        }
      ]
    },
    {
      "track": "03",
      "title": "St Stephen >",
      "duration": 371.61,
      "formats": [
        {
          "format": "Flac",
          "filename": "gd1969-03-28d1t03.flac"
        },
        {
          "format": "VBR MP3",
          "filename": "gd1969-03-28d1t03.mp3",
          "bitrate": "222"
        }
      ]
    },
    {
      "track": "04",
      "title": "The Eleven >",
      "duration": 930.84,
      "formats": [
        {
          "format": "Flac",
          "filename": "gd1969-03-28d1t04.flac"
        },
        {
          "format": "VBR MP3",
          "filename": "gd1969-03-28d1t04.mp3",
          "bitrate": "228"
        }
      ]
    },
    {
      "track": "05",
      "title": "Death Don't Have No Mercy",
      "duration": 591.33,
      "formats": [
        {
          "format": "Flac",
          "filename": "gd1969-03-28d1t05.flac"
        },
        {
          "format": "VBR MP3",
          "filename": "gd1969-03-28d1t05.mp3",
          "bitrate": "212"
        }
      ]
    },
    {
      "track": "06",
      "title": "Turn On Your Lovelight",
      "duration": 1473.24,
      "formats": [
        {
          "format": "Flac",
          "filename": "gd1969-03-28d2t01.flac"
        },
        {
          "format": "VBR MP3",
          "filename": "gd1969-03-28d2t01.mp3",
          "bitrate": "219"
        }
      ]
    },
    {
      "track": "07",
      "title": "Cryptical Envelopment >",
      "duration": 127.06,
      "formats": [
        {
          "format": "Flac",
          "filename": "gd1969-03-28d2t02.flac"
        },
        {
          "format": "VBR MP3",
          "filename": "gd1969-03-28d2t02.mp3",
          "bitrate": "205"
        }
      ]
    },
    {
      "track": "08",
      "title": "Drums >",
      "duration": 17.9,
      "formats": [
        {
          "format": "Flac",
          "filename": "gd1969-03-28d2t03.flac"
        },
        {
          "format": "VBR MP3",
          "filename": "gd1969-03-28d2t03.mp3",
          "bitrate": "190"
        }
      ]
    },
    {
      "track": "09",
      "title": "The Other One >",
      "duration": 530.5,
      "formats": [
        {
          "format": "Flac",
          "filename": "gd1969-03-28d2t04.flac"
        },
        {
          "format": "VBR MP3",
          "filename": "gd1969-03-28d2t04.mp3",
          "bitrate": "251"
        }
      ]
    },
    {
      "track": "10",
      "title": "Cryptical Envelopment",
      "duration": 676.93,
      "formats": [
        {
          "format": "Flac",
          "filename": "gd1969-03-28d2t05.flac"
        },
        {
          "format": "VBR MP3",
          "filename": "gd1969-03-28d2t05.mp3",
          "bitrate": "221"
        }
      ]
    }
  ]
}