{
  "rating": 1.35,
  "review_count": 4,
  "source_type": "UNKNOWN",
  "confidence": 0.8,
  "date": "1966-03-12",
  "venue": "Danish Center",
  "location": "Los Angeles, CA",
  "raw_rating": 3.0,
  "high_ratings": 2,
  "low_ratings": 1,
  "tracks": [
    {
      "track": "01",
      "title": "Viola Lee Blues",
      "duration": 364.47,
      "formats": [
        {
          "format": "VBR MP3",
          "filename": "gd66-03-12t01.mp3",
          "bitrate": "197"
        },
        {
          "format": "Shorten",
          "filename": "gd66-03-12t01.shn"
        }
      ]
    },
    {
      "track": "02",
      "title": "One Kind Favor",
      "duration": 120.85,
      "formats": [
        {
          "format": "VBR MP3",
          "filename": "gd66-03-12t02.mp3",
          "bitrate": "189"
        },
        {
          "format": "Shorten",
          "filename": "gd66-03-12t02.shn"
        }
      ]
    },
    {
      "track": "03",
      "title": "I Know You Rider",
      "duration": 81.81,
      "formats": [
        {
          "format": "VBR MP3",
          "filename": "gd66-03-12t03.mp3",
          "bitrate": "190"
        },
        {
          "format": "Shorten",
          "filename": "gd66-03-12t03.shn"
        }
      ]
    },
    {
      "track": "04",
      "title": "You See A Broken Broken Heart",
      "duration": 93.12,
      "formats": [
        {
          "format": "VBR MP3",
          "filename": "gd66-03-12t04.mp3",
          "bitrate": "194"
        },
        {
          "format": "Shorten",
          "filename": "gd66-03-12t04.shn"
        }
      ]
    },
    {
      "track": "05",
      "title": "It's A Sin",
      "duration": 90.81,
      "formats": [
        {
          "format": "VBR MP3",
          "filename": "gd66-03-12t05.mp3",
          "bitrate": "181"
        },
        {
          "format": "Shorten",
          "filename": "gd66-03-12t05.shn"
        }
      ]
    },
    {
      "track": "06",
      "title": "PA Complaints",
      "duration": 34.47,
      "formats": [
        {
          "format": "VBR MP3",
          "filename": "gd66-03-12t06.mp3",
          "bitrate": "182"
        },
        {
          "format": "Shorten",
          "filename": "gd66-03-12t06.shn"
        }
      ]
    },
    {
      "track": "07",
      "title": "Beat It On Down The Line",
      "duration": 95.72,
      "formats": [
        {
          "format": "VBR MP3",
          "filename": "gd66-03-12t07.mp3",
          "bitrate": "196"
        },
        {
          "format": "Shorten",
          "filename": "gd66-03-12t07.shn"
        }
      ]
    },
    {
      "track": "08",
      "title": "PA, Etc.",
      "duration": 26.55,
      "formats": [
        {
          "format": "VBR MP3",
          "filename": "gd66-03-12t08.mp3",
          "bitrate": "175"
        },
        {
          "format": "Shorten",
          "filename": "gd66-03-12t08.shn"
        }
      ]
    },
    {
      "track": "09",
      "title": "Heads Up (Instrumental)",
      "duration": 121.88,
      "formats": [
        {
          "format": "VBR MP3",
          "filename": "gd66-03-12t09.mp3",
          "bitrate": "198"
        },
        {
          "format": "Shorten",
          "filename": "gd66-03-12t09.shn"
        }
      ]
    },
    {
      "track": "10",
      "title": "PA, Etc.",
      "duration": 50.59,
      "formats": [
        {
          "format": "VBR MP3",
          "filename": "gd66-03-12t10.mp3",
          "bitrate": "175"
        },
        {
          "format": "Shorten",
          "filename": "gd66-03-12t10.shn"
        }
      ]
    },
    {
      "track": "11",
      "title": "Next Time You See Me",
      "duration": 82.83,
      "formats": [
        {
          "format": "VBR MP3",
          "filename": "gd66-03-12t11.mp3",
          "bitrate": "187"
        },
        {
          "format": "Shorten",
          "filename": "gd66-03-12t11.shn"
        }
      ]
    },
    {
      "track": "12",
      "title": "Ice Cream Break",
      "duration": 32.43,
      "formats": [
        {
          "format": "VBR MP3",
          "filename": "gd66-03-12t12.mp3",
          "bitrate": "177"
        },
        {
          "format": "Shorten",
          "filename": "gd66-03-12t12.shn"
        }
      ]
    },
    {
      "track": "13",
      "title": "Stormy Monday Jam",
      "duration": 198.85,
      "formats": [
        {
          "format": "VBR MP3",
          "filename": "gd66-03-12t13.mp3",
          "bitrate": "193"
        },
        {
          "format": "Shorten",
          "filename": "gd66-03-12t13.shn"
        }
      ]
    },
    {
      "track": "14",
      "title": "Death Don't Have No Mercy",
      "duration": 154.9,
      "formats": [
        {
          "format": "VBR MP3",
          "filename": "gd66-03-12t14.mp3",
          "bitrate": "185"
        },
        {
          "format": "Shorten",
          "filename": "gd66-03-12t14.shn"
        }
      ]
    },
    {
      "track": "15",
      "title": "In The Midnite Hour//",
      "duration": 311.88,
      "formats": [
        {
          "format": "VBR MP3",
          "filename": "gd66-03-12t15.mp3",
          "bitrate": "191"
        },
        {
          "format": "Shorten",
          "filename": "gd66-03-12t15.shn"
        }
      ]
    }
  ]
}