{
  "rating": 2.3365384615384617,
  "review_count": 104,
  "source_type": "UNKNOWN",
  "confidence": 1.0,
  "date": "1965-11-03",
  "venue": "Golden State Studios",
  "location": "San Francisco, CA",
  "raw_rating": 4.673076923076923,
  "high_ratings": 97,
  "low_ratings": 4,
  "tracks": [
    {
      "track": "1",
      "title": "Grateful Dead 1965-11-03",
      "duration": 126.44,
      "formats": [
        {
          "format": "Checksums",
          "filename": "gd1965-11-03-shn.md5"
        },
        {
          "format": "VBR MP3",
          "filename": "gd65-11-03d1t01.mp3",
          "bitrate": "193"
        },
        {
          "format": "Shorten",
          "filename": "gd65-11-03d1t01.shn"
        }
      ]
    },
    {
      "track": "2",
      "title": "1965-11-03 - Golden State Recorders Studios",
      "duration": 104.97,
      "formats": [
        {
          "format": "Checksums",
          "filename": "gd1965-11-03-wav.md5"
        },
        {
          "format": "VBR MP3",
          "filename": "gd65-11-03d1t02.mp3",
          "bitrate": "190"
        },
        {
          "format": "Shorten",
          "filename": "gd65-11-03d1t02.shn"
        }
      ]
    },
    {
      "track": "3",
      "title": "The Only Time Is Now",
      "duration": 113.56,
      "formats": [
        {
          "format": "VBR MP3",
          "filename": "gd65-11-03d1t03.mp3",
          "bitrate": "194"
        },
        {
          "format": "Shorten",
          "filename": "gd65-11-03d1t03.shn"
        }
      ]
    },
    {
      "track": "4",
      "title": "Caution",
      "duration": 139.67,
      "formats": [
        {
          "format": "VBR MP3",
          "filename": "gd65-11-03d1t04.mp3",
          "bitrate": "198"
        },
        {
          "format": "Shorten",
          "filename": "gd65-11-03d1t04.shn"
        }
      ]
    },
    {
      "track": "5",
      "title": "I Know You Rider",
      "duration": 110.55,
      "formats": [
        {
          "format": "VBR MP3",
          "filename": "gd65-11-03d1t05.mp3",
          "bitrate": "201"
        },
        {
          "format": "Shorten",
          "filename": "gd65-11-03d1t05.shn"
        }
      ]
    },
    {
      "track": "6",
      "title": "Early Morning Rain",
      "duration": 127.52,
      "formats": [
        {
          "format": "VBR MP3",
          "filename": "gd65-11-03d1t06.mp3",
          "bitrate": "197"
        },
        {
          "format": "Shorten",
          "filename": "gd65-11-03d1t06.shn"
        }
      ]
    }
  ]
}