{
  "rating": 2.4313725490196076,
  "review_count": 51,
  "source_type": "UNKNOWN",
  "confidence": 1.0,
  "date": "1966-02-25",
  "venue": "Ivar Theater",
  "location": "Los Angeles, CA",
  "raw_rating": 4.862745098039215,
  "high_ratings": 51,
  "low_ratings": 0,
  "tracks": [
    {
      "track": "1",
      "title": "She's On The Road Again",
      "duration": 93.47,
      "formats": [
        {
          "format": "VBR MP3",
          "filename": "gd66-02-25d1t01.mp3",
          "bitrate": "191"
        },
        {
          "format": "Shorten",
          "filename": "gd66-02-25d1t01.shn"
        }
      ]
    },
    {
      "track": "2",
      "title": "Next Time You See Me",
      "duration": 114.33,
      "formats": [
        {
          "format": "VBR MP3",
          "filename": "gd66-02-25d1t02.mp3",
          "bitrate": "191"
        },
        {
          "format": "Shorten",
          "filename": "gd66-02-25d1t02.shn"
        }
      ]
    },
    {
      "track": "3",
      "title": "I Know You Rider",
      "duration": 102.77,
      "formats": [
        {
          "format": "VBR MP3",
          "filename": "gd66-02-25d1t03.mp3",
          "bitrate": "192"
        },
        {
          "format": "Shorten",
          "filename": "gd66-02-25d1t03.shn"
        }
      ]
    },
    {
      "track": "4",
      "title": "Hey Little One",
      "duration": 167.86,
      "formats": [
        {
          "format": "VBR MP3",
          "filename": "gd66-02-25d1t04.mp3",
          "bitrate": "188"
        },
        {
          "format": "Shorten",
          "filename": "gd66-02-25d1t04.shn"
        }
      ]
    },
    {
      "track": "5",
      "title": "Cold Rain & Snow",
      "duration": 107.72,
      "formats": [
        {
          "format": "VBR MP3",
          "filename": "gd66-02-25d1t05.mp3",
          "bitrate": "190"
        },
        {
          "format": "Shorten",
          "filename": "gd66-02-25d1t05.shn"
        }
      ]
    },
    {
      "track": "6",
      "title": "King Bee >",
      "duration": 193.24,
      "formats": [
        {
          "format": "VBR MP3",
          "filename": "gd66-02-25d1t06.mp3",
          "bitrate": "196"
        },
        {
          "format": "Shorten",
          "filename": "gd66-02-25d1t06.shn"
        }
      ]
    },
    {
      "track": "7",
      "title": "Caution",
      "duration": 294.39,
      "formats": [
        {
          "format": "VBR MP3",
          "filename": "gd66-02-25d1t07.mp3",
          "bitrate": "194"
        },
        {
          "format": "Shorten",
          "filename": "gd66-02-25d1t07.shn"
        }
      ]
    },
    {
      "track": "8",
      "title": "Stealin'",
      "duration": 37.91,
      "formats": [
        {
          "format": "VBR MP3",
          "filename": "gd66-02-25d1t08.mp3",
          "bitrate": "182"
        },
        {
          "format": "Shorten",
          "filename": "gd66-02-25d1t08.shn"
        }
      ]
    },
    {
      "track": "9",
      "title": "Stealin'",
      "duration": 105.11,
      "formats": [
        {
          "format": "VBR MP3",
          "filename": "gd66-02-25d1t09.mp3",
          "bitrate": "191"
        },
        {
          "format": "Shorten",
          "filename": "gd66-02-25d1t09.shn"
        }
      ]
    },
    {
      "track": "10",
      "title": "Good Morning, Lil' School Girl >",
      "duration": 321.93,
      "formats": [
        {
          "format": "VBR MP3",
          "filename": "gd66-02-25d1t10.mp3",
          "bitrate": "187"
        },
        {
          "format": "Shorten",
          "filename": "gd66-02-25d1t10.shn"
        }
      ]
    },
    {
      "track": "11",
      "title": "You Don't Love Me >",
      "duration": 244.66,
      "formats": [
        {
          "format": "VBR MP3",
          "filename": "gd66-02-25d1t11.mp3",
          "bitrate": "188"
        },
        {
          "format": "Shorten",
          "filename": "gd66-02-25d1t11.shn"
        }
      ]
    },
    {
      "track": "12",
      "title": "Good Morning, Lil' School Girl",
      "duration": 271.44,
      "formats": [
        {
          "format": "VBR MP3",
          "filename": "gd66-02-25d1t12.mp3",
          "bitrate": "184"
        },
        {
          "format": "Shorten",
          "filename": "gd66-02-25d1t12.shn"
        }
      ]
    }
  ]
}