{
  "rating": 2.3823529411764706,
  "review_count": 17,
  "source_type": "UNKNOWN",
  "confidence": 1.0,
  "date": "1966-09-16",
  "venue": "Avalon Ballroom",
  "location": "San Francisco, CA",
  "raw_rating": 4.764705882352941,
  "high_ratings": 17,
  "low_ratings": 0,
  "tracks": [
    {
      "track": "1",
      "title": "I Know You Rider",
      "duration": 158.37,
      "formats": [
        {
          "format": "VBR MP3",
          "filename": "gd66-09-16d1t01.mp3",
          "bitrate": "180"
        },
        {
          "format": "Shorten",
          "filename": "gd66-09-16d1t01.shn"
        }
      ]
    },
    {
      "track": "3",
      "title": "It Hurts Me Too",
      "duration": 148.26,
      "formats": [
        {
          "format": "VBR MP3",
          "filename": "gd66-09-16d1t02.mp3",
          "bitrate": "177"
        },
        {
          "format": "Shorten",
          "filename": "gd66-09-16d1t02.shn"
        }
      ]
    },
    {
      "track": "5",
      "title": "It's All Over Now Baby Blue",
      "duration": 157.57,
      "formats": [
        {
          "format": "VBR MP3",
          "filename": "gd66-09-16d1t03.mp3",
          "bitrate": "174"
        },
        {
          "format": "Shorten",
          "filename": "gd66-09-16d1t03.shn"
        }
      ]
    },
    {
      "track": "7",
      "title": "Good Morning Little Schoolgirl",
      "duration": 387.16,
      "formats": [
        {
          "format": "VBR MP3",
          "filename": "gd66-09-16d1t04.mp3",
          "bitrate": "184"
        },
        {
          "format": "Shorten",
          "filename": "gd66-09-16d1t04.shn"
        }
      ]
    },
    {
      "track": "9",
      "title": "Lindy",
      "duration": 106.12,
      "formats": [
        {
          "format": "VBR MP3",
          "filename": "gd66-09-16d1t05.mp3",
          "bitrate": "188"
        },
        {
          "format": "Shorten",
          "filename": "gd66-09-16d1t05.shn"
        }
      ]
    },
    {
      "track": "11",
      "title": "Dancin' in the Streets",
      "duration": 246.49,
      "formats": [
        {
          "format": "VBR MP3",
          "filename": "gd66-09-16d1t06.mp3",
          "bitrate": "181"
        },
        {
          "format": "Shorten",
          "filename": "gd66-09-16d1t06.shn"
        }
      ]
    },
    {
      "track": "13",
      "title": "Midnight Hour",
      "duration": 594.18,
      "formats": [
        {
          "format": "VBR MP3",
          "filename": "gd66-09-16d1t07.mp3",
          "bitrate": "176"
        },
        {
          "format": "Shorten",
          "filename": "gd66-09-16d1t07.shn"
        }
      ]
    },
    {
      "track": "15",
      "title": "Stealin'",
      "duration": 91.8,
      "formats": [
        {
          "format": "VBR MP3",
          "filename": "gd66-09-16d1t08.mp3",
          "bitrate": "175"
        },
        {
          "format": "Shorten",
          "filename": "gd66-09-16d1t08.shn"
        }
      ]
    },
    {
      "track": "16",
      "title": "Same Thing",
      "duration": 378.57,
      "formats": [
        {
          "format": "VBR MP3",
          "filename": "gd66-09-16d1t09.mp3",
          "bitrate": "169"
        },
        {
          "format": "Shorten",
          "filename": "gd66-09-16d1t09.shn"
        }
      ]
    }
  ]
}