{
  "rating": 2.6599999999999997,
  "review_count": 5,
  "source_type": "AUD",
  "confidence": 1.0,
  "date": "1966-07-30",
  "venue": "P.N.E. Garden Auditorium",
  "location": "Vancouver B.C., CA",
  "raw_rating": 3.8,
  "high_ratings": 3,
  "low_ratings": 0,
  "tracks": [
    {
      "track": "1",
      "title": "Microphone Test and Band Intro",
      "duration": 25.17,
      "formats": [
        {
          "format": "VBR MP3",
          "filename": "gd66-07-30d1t01.mp3",
          "bitrate": "176"
        },
        {
          "format": "Shorten",
          "filename": "gd66-07-30d1t01.shn"
        }
      ]
    },
    {
      "track": "2",
      "title": "Dancing In The Streets",
      "duration": 363.26,
      "formats": [
        {
          "format": "VBR MP3",
          "filename": "gd66-07-30d1t02.mp3",
          "bitrate": "191"
        },
        {
          "format": "Shorten",
          "filename": "gd66-07-30d1t02.shn"
        }
      ]
    },
    {
      "track": "3",
      "title": "I'm A King Bee",
      "duration": 285.38,
      "formats": [
        {
          "format": "VBR MP3",
          "filename": "gd66-07-30d1t03.mp3",
          "bitrate": "191"
        },
        {
          "format": "Shorten",
          "filename": "gd66-07-30d1t03.shn"
        }
      ]
    },
    {
      "track": "4",
      "title": "One Kind Favor",
      "duration": 148.76,
      "formats": [
        {
          "format": "VBR MP3",
          "filename": "gd66-07-30d1t04.mp3",
          "bitrate": "189"
        },
        {
          "format": "Shorten",
          "filename": "gd66-07-30d1t04.shn"
        }
      ]
    },
    {
      "track": "5",
      "title": "Get Us a Coke",
      "duration": 12.67,
      "formats": [
        {
          "format": "VBR MP3",
          "filename": "gd66-07-30d1t05.mp3",
          "bitrate": "182"
        },
        {
          "format": "Shorten",
          "filename": "gd66-07-30d1t05.shn"
        }
      ]
    },
    {
      "track": "6",
      "title": "Hey Little One",
      "duration": 208.25,
      "formats": [
        {
          "format": "VBR MP3",
          "filename": "gd66-07-30d1t06.mp3",
          "bitrate": "190"
        },
        {
          "format": "Shorten",
          "filename": "gd66-07-30d1t06.shn"
        }
      ]
    },
    {
      "track": "7",
      "title": "New Minglewood Blues",
      "duration": 125.3,
      "formats": [
        {
          "format": "VBR MP3",
          "filename": "gd66-07-30d1t07.mp3",
          "bitrate": "193"
        },
        {
          "format": "Shorten",
          "filename": "gd66-07-30d1t07.shn"
        }
      ]
    },
    {
      "track": "8",
      "title": "See You Later",
      "duration": 3.13,
      "formats": [
        {
          "format": "VBR MP3",
          "filename": "gd66-07-30d1t08.mp3",
          "bitrate": "152"
        },
        {
          "format": "Shorten",
          "filename": "gd66-07-30d1t08.shn"
        }
      ]
    }
  ]
}