{
  "rating": 1.9722222222222223,
  "review_count": 18,
  "source_type": "UNKNOWN",
  "confidence": 1.0,
  "date": "1967-09-15",
  "venue": "Hollywood Bowl",
  "location": "Hollywood, CA",
  "raw_rating": 3.9444444444444446,
  "high_ratings": 12,
  "low_ratings": 1,
  "tracks": [
    {
      "track": "1",
      "title": "Viola Lee Blues",
      "duration": 922.3,
      "formats": [
        {
          "format": "VBR MP3",
          "filename": "gd67-09-15d1t01.mp3",
          "bitrate": "178"
        },
        {
          "format": "Ogg Vorbis",
          "filename": "gd67-09-15d1t01.ogg"
        },
        {
          "format": "Shorten",
          "filename": "gd67-09-15d1t01.shn"
        }
      ]
    },
    {
      "track": "2",
      "title": "Cold Rain And Snow",
      "duration": 218.2,
      "formats": [
        {
          "format": "VBR MP3",
          "filename": "gd67-09-15d1t02.mp3",
          "bitrate": "179"
        },
        {
          "format": "Ogg Vorbis",
          "filename": "gd67-09-15d1t02.ogg"
        },
        {
          "format": "Shorten",
          "filename": "gd67-09-15d1t02.shn"
        }
      ]
    },
    {
      "track": "3",
      "title": "Beat It On Down The Line",
      "duration": 155.6,
      "formats": [
        {
          "format": "VBR MP3",
          "filename": "gd67-09-15d1t03.mp3",
          "bitrate": "178"
        },
        {
          "format": "Ogg Vorbis",
          "filename": "gd67-09-15d1t03.ogg"
        },
        {
          "format": "Shorten",
          "filename": "gd67-09-15d1t03.shn"
        }
      ]
    },
    {
      "track": "4",
      "title": "Good Morning Little Schoolgirl",
      "duration": 645.7,
      "formats": [
        {
          "format": "VBR MP3",
          "filename": "gd67-09-15d1t04.mp3",
          "bitrate": "178"
        },
        {
          "format": "Ogg Vorbis",
          "filename": "gd67-09-15d1t04.ogg"
        },
        {
          "format": "Shorten",
          "filename": "gd67-09-15d1t04.shn"
        }
      ]
    },
    {
      "track": "5",
      "title": "Morning Dew",
      "duration": 360.4,
      "formats": [
        {
          "format": "VBR MP3",
          "filename": "gd67-09-15d1t05.mp3",
          "bitrate": "177"
        },
        {
          "format": "Ogg Vorbis",
          "filename": "gd67-09-15d1t05.ogg"
        },
        {
          "format": "Shorten",
          "filename": "gd67-09-15d1t05.shn"
        }
      ]
    },
    {
      "track": "6",
      "title": "Alligator",
      "duration": 666.1,
      "formats": [
        {
          "format": "VBR MP3",
          "filename": "gd67-09-15d1t06.mp3",
          "bitrate": "177"
        },
        {
          "format": "Ogg Vorbis",
          "filename": "gd67-09-15d1t06.ogg"
        },
        {
          "format": "Shorten",
          "filename": "gd67-09-15d1t06.shn"
        }
      ]
    },
    {
      "track": "7",
      "title": "Caution (Do Not Stop on Tracks)",
      "duration": 931.2,
      "formats": [
        {
          "format": "VBR MP3",
          "filename": "gd67-09-15d1t07.mp3",
          "bitrate": "175"
        },
        {
          "format": "Ogg Vorbis",
          "filename": "gd67-09-15d1t07.ogg"
        },
        {
          "format": "Shorten",
          "filename": "gd67-09-15d1t07.shn"
        }
      ]
    },
    {
      "track": "8",
      "title": "Feedback",
      "duration": 79.7,
      "formats": [
        {
          "format": "VBR MP3",
          "filename": "gd67-09-15d1t08.mp3",
          "bitrate": "176"
        },
        {
          "format": "Ogg Vorbis",
          "filename": "gd67-09-15d1t08.ogg"
        },
        {
          "format": "Shorten",
          "filename": "gd67-09-15d1t08.shn"
        }
      ]
    },
    {
      "track": "9",
      "title": "Vaudeville Chorus",
      "duration": 55.2,
      "formats": [
        {
          "format": "VBR MP3",
          "filename": "gd67-09-15d1t09.mp3",
          "bitrate": "157"
        },
        {
          "format": "Ogg Vorbis",
          "filename": "gd67-09-15d1t09.ogg"
        },
        {
          "format": "Shorten",
          "filename": "gd67-09-15d1t09.shn"
        }
      ]
    }
  ]
}