{
  "rating": 1.7058823529411764,
  "review_count": 17,
  "source_type": "UNKNOWN",
  "confidence": 1.0,
  "date": "1968-11-22",
  "venue": "Columbus Veterans Hall",
  "location": "Columbus, OH",
  "raw_rating": 3.411764705882353,
  "high_ratings": 6,
  "low_ratings": 4,
  "tracks": [
    {
      "track": "1",
      "title": "Morning Dew",
      "duration": 265.91,
      "formats": [
        {
          "format": "VBR MP3",
          "filename": "gd68-11-22d1t01.mp3",
          "bitrate": "191"
        },
        {
          "format": "Shorten",
          "filename": "gd68-11-22d1t01.shn"
        }
      ]
    },
    {
      "track": "2",
      "title": "Good Morning, Little Schoolgirl",
      "duration": 338.11,
      "formats": [
        {
          "format": "VBR MP3",
          "filename": "gd68-11-22d1t02.mp3",
          "bitrate": "194"
        },
        {
          "format": "Shorten",
          "filename": "gd68-11-22d1t02.shn"
        }
      ]
    },
    {
      "track": "3",
      "title": "Dark Star",
      "duration": 391.21,
      "formats": [
        {
          "format": "VBR MP3",
          "filename": "gd68-11-22d1t03.mp3",
          "bitrate": "189"
        },
        {
          "format": "Shorten",
          "filename": "gd68-11-22d1t03.shn"
        }
      ]
    },
    {
      "track": "4",
      "title": "St. Stephen",
      "duration": 154.67,
      "formats": [
        {
          "format": "VBR MP3",
          "filename": "gd68-11-22d1t04.mp3",
          "bitrate": "184"
        },
        {
          "format": "Shorten",
          "filename": "gd68-11-22d1t04.shn"
        }
      ]
    },
    {
      "track": "5",
      "title": "The Eleven",
      "duration": 349.42,
      "formats": [
        {
          "format": "VBR MP3",
          "filename": "gd68-11-22d1t05.mp3",
          "bitrate": "204"
        },
        {
          "format": "Shorten",
          "filename": "gd68-11-22d1t05.shn"
        }
      ]
    },
    {
      "track": "06",
      "title": "Lovelight",
      "duration": 329.95,
      "formats": [
        {
          "format": "VBR MP3",
          "filename": "gd68-11-22d1t06.mp3",
          "bitrate": "196"
        },
        {
          "format": "Shorten",
          "filename": "gd68-11-22d1t06.shn"
        }
      ]
    },
    {
      "track": "6",
      "title": "Cryptical Envelopment",
      "duration": 54.91,
      "formats": [
        {
          "format": "VBR MP3",
          "filename": "gd68-11-22d2t01.mp3",
          "bitrate": "200"
        },
        {
          "format": "Shorten",
          "filename": "gd68-11-22d2t01.shn"
        }
      ]
    },
    {
      "track": "7",
      "title": "The Other One",
      "duration": 171.04,
      "formats": [
        {
          "format": "VBR MP3",
          "filename": "gd68-11-22d2t02.mp3",
          "bitrate": "206"
        },
        {
          "format": "Shorten",
          "filename": "gd68-11-22d2t02.shn"
        }
      ]
    },
    {
      "track": "8",
      "title": "Cryptical Envelopment",
      "duration": 279.18,
      "formats": [
        {
          "format": "VBR MP3",
          "filename": "gd68-11-22d2t03.mp3",
          "bitrate": "205"
        },
        {
          "format": "Shorten",
          "filename": "gd68-11-22d2t03.shn"
        }
      ]
    },
    {
      "track": "9",
      "title": "New Potato Caboose",
      "duration": 357.47,
      "formats": [
        {
          "format": "VBR MP3",
          "filename": "gd68-11-22d2t04.mp3",
          "bitrate": "192"
        },
        {
          "format": "Shorten",
          "filename": "gd68-11-22d2t04.shn"
        }
      ]
    },
    {
      "track": "11",
      "title": "We Bid You Goodnight",
      "duration": 89.18,
      "formats": [
        {
          "format": "VBR MP3",
          "filename": "gd68-11-22d2t05.mp3",
          "bitrate": "212"
        },
        {
          "format": "Shorten",
          "filename": "gd68-11-22d2t05.shn"
        }
      ]
    }
  ]
}