{
  "rating": 3.15,
  "review_count": 10,
  "source_type": "MATRIX",
  "confidence": 1.0,
  "date": "1968-10-08",
  "venue": "The Matrix",
  "location": "San Francisco, CA",
  "raw_rating": 3.5,
  "high_ratings": 4,
  "low_ratings": 1,
  "tracks": [
    {
      "track": "1",
      "title": "Clementine Jam",
      "duration": 133.76,
      "formats": [
        {
          "format": "VBR MP3",
          "filename": "gd68-10-08d1t01.mp3",
          "bitrate": "179"
        },
        {
          "format": "Shorten",
          "filename": "gd68-10-08d1t01.shn"
        }
      ]
    },
    {
      "track": "2",
      "title": "Clementine Jam",
      "duration": 456.82,
      "formats": [
        {
          "format": "VBR MP3",
          "filename": "gd68-10-08d1t02.mp3",
          "bitrate": "198"
        },
        {
          "format": "Shorten",
          "filename": "gd68-10-08d1t02.shn"
        }
      ]
    },
    {
      "track": "3",
      "title": "The Eleven Jam",
      "duration": 234.95,
      "formats": [
        {
          "format": "VBR MP3",
          "filename": "gd68-10-08d1t03.mp3",
          "bitrate": "214"
        },
        {
          "format": "Shorten",
          "filename": "gd68-10-08d1t03.shn"
        }
      ]
    },
    {
      "track": "4",
      "title": "Death Don't Have No Mercy",
      "duration": 257.27,
      "formats": [
        {
          "format": "VBR MP3",
          "filename": "gd68-10-08d1t04.mp3",
          "bitrate": "185"
        },
        {
          "format": "Shorten",
          "filename": "gd68-10-08d1t04.shn"
        }
      ]
    },
    {
      "track": "5",
      "title": "The Seven",
      "duration": 551.71,
      "formats": [
        {
          "format": "VBR MP3",
          "filename": "gd68-10-08d1t05.mp3",
          "bitrate": "201"
        },
        {
          "format": "Shorten",
          "filename": "gd68-10-08d1t05.shn"
        }
      ]
    },
    {
      "track": "6",
      "title": "Dark Star Jam",
      "duration": 309.67,
      "formats": [
        {
          "format": "VBR MP3",
          "filename": "gd68-10-08d1t06.mp3",
          "bitrate": "182"
        },
        {
          "format": "Shorten",
          "filename": "gd68-10-08d1t06.shn"
        }
      ]
    },
    {
      "track": "7",
      "title": "Cosmic Charlie",
      "duration": 139.86,
      "formats": [
        {
          "format": "VBR MP3",
          "filename": "gd68-10-08d1t07.mp3",
          "bitrate": "219"
        },
        {
          "format": "Shorten",
          "filename": "gd68-10-08d1t07.shn"
        }
      ]
    },
    {
      "track": "8",
      "title": "Next Time You See Me Jam",
      "duration": 549.17,
      "formats": [
        {
          "format": "VBR MP3",
          "filename": "gd68-10-08d2t01.mp3",
          "bitrate": "207"
        },
        {
          "format": "Shorten",
          "filename": "gd68-10-08d2t01.shn"
        }
      ]
    },
    {
      "track": "9",
      "title": "Jam",
      "duration": 254.4,
      "formats": [
        {
          "format": "VBR MP3",
          "filename": "gd68-10-08d2t02.mp3",
          "bitrate": "179"
        },
        {
          "format": "Shorten",
          "filename": "gd68-10-08d2t02.shn"
        }
      ]
    },
    {
      "track": "10",
      "title": "The Other One",
      "duration": 377.53,
      "formats": [
        {
          "format": "VBR MP3",
          "filename": "gd68-10-08d2t03.mp3",
          "bitrate": "182"
        },
        {
          "format": "Shorten",
          "filename": "gd68-10-08d2t03.shn"
        }
      ]
    },
    {
      "track": "11",
      "title": "Jam",
      "duration": 208.35,
      "formats": [
        {
          "format": "VBR MP3",
          "filename": "gd68-10-08d2t04.mp3",
          "bitrate": "184"
        },
        {
          "format": "Shorten",
          "filename": "gd68-10-08d2t04.shn"
        }
      ]
    },
    {
      "track": "12",
      "title": "Jam",
      "duration": 180.51,
      "formats": [
        {
          "format": "VBR MP3",
          "filename": "gd68-10-08d3t01.mp3",
          "bitrate": "195"
        },
        {
          "format": "Shorten",
          "filename": "gd68-10-08d3t01.shn"
        }
      ]
    },
    {
      "track": "13",
      "title": "Jam",
      "duration": 239.87,
      "formats": [
        {
          "format": "VBR MP3",
          "filename": "gd68-10-08d3t02.mp3",
          "bitrate": "202"
        },
        {
          "format": "Shorten",
          "filename": "gd68-10-08d3t02.shn"
        }
      ]
    },
    {
      "track": "14",
      "title": "Jam",
      "duration": 233.5,
      "formats": [
        {
          "format": "VBR MP3",
          "filename": "gd68-10-08d3t03.mp3",
          "bitrate": "207"
        },
        {
          "format": "Shorten",
          "filename": "gd68-10-08d3t03.shn"
        }
      ]
    },
    {
      "track": "15",
      "title": "Prisoner Blues",
      "duration": 323.86,
      "formats": [
        {
          "format": "VBR MP3",
          "filename": "gd68-10-08d3t04.mp3",
          "bitrate": "175"
        },
        {
          "format": "Shorten",
          "filename": "gd68-10-08d3t04.shn"
        }
      ]
    },
    {
      "track": "16",
      "title": "Jam",
      "duration": 554.35,
      "formats": [
        {
          "format": "VBR MP3",
          "filename": "gd68-10-08d3t05.mp3",
          "bitrate": "181"
        },
        {
          "format": "Shorten",
          "filename": "gd68-10-08d3t05.shn"
        }
      ]
    }
  ]
}