{
  "rating": 2.380434782608696,
  "review_count": 46,
  "source_type": "UNKNOWN",
  "confidence": 1.0,
  "date": "1968-08-21",
  "venue": "Fillmore West",
  "location": "San Francisco, CA",
  "raw_rating": 4.760869565217392,
  "high_ratings": 45,
  "low_ratings": 1,
  "tracks": [
    {
      "track": "1",
      "title": "Cryptical Envelopment -->",
      "duration": 17.04,
      "formats": [
        {
          "format": "VBR MP3",
          "filename": "gd68-08-21d1t01.mp3",
          "bitrate": "185"
        },
        {
          "format": "Shorten",
          "filename": "gd68-08-21d1t01.shn"
        }
      ]
    },
    {
      "track": "2",
      "title": "drums -->",
      "duration": 8.48,
      "formats": [
        {
          "format": "VBR MP3",
          "filename": "gd68-08-21d1t02.mp3",
          "bitrate": "196"
        },
        {
          "format": "Shorten",
          "filename": "gd68-08-21d1t02.shn"
        }
      ]
    },
    {
      "track": "3",
      "title": "The Other One -->",
      "duration": 232.48,
      "formats": [
        {
          "format": "VBR MP3",
          "filename": "gd68-08-21d1t03.mp3",
          "bitrate": "209"
        },
        {
          "format": "Shorten",
          "filename": "gd68-08-21d1t03.shn"
        }
      ]
    },
    {
      "track": "4",
      "title": "Cryptical Envelopment",
      "duration": 398.69,
      "formats": [
        {
          "format": "VBR MP3",
          "filename": "gd68-08-21d1t04.mp3",
          "bitrate": "202"
        },
        {
          "format": "Shorten",
          "filename": "gd68-08-21d1t04.shn"
        }
      ]
    },
    {
      "track": "5",
      "title": "Good Morning Little Schoolgirl",
      "duration": 648.9,
      "formats": [
        {
          "format": "VBR MP3",
          "filename": "gd68-08-21d1t05.mp3",
          "bitrate": "206"
        },
        {
          "format": "Shorten",
          "filename": "gd68-08-21d1t05.shn"
        }
      ]
    },
    {
      "track": "6",
      "title": "Alligator -->",
      "duration": 158.01,
      "formats": [
        {
          "format": "VBR MP3",
          "filename": "gd68-08-21d1t06.mp3",
          "bitrate": "208"
        },
        {
          "format": "Shorten",
          "filename": "gd68-08-21d1t06.shn"
        }
      ]
    },
    {
      "track": "7",
      "title": "drums -->",
      "duration": 146.83,
      "formats": [
        {
          "format": "VBR MP3",
          "filename": "gd68-08-21d1t07.mp3",
          "bitrate": "204"
        },
        {
          "format": "Shorten",
          "filename": "gd68-08-21d1t07.shn"
        }
      ]
    },
    {
      "track": "8",
      "title": "jam (Garcia and drums) -->",
      "duration": 150.57,
      "formats": [
        {
          "format": "VBR MP3",
          "filename": "gd68-08-21d1t08.mp3",
          "bitrate": "198"
        },
        {
          "format": "Shorten",
          "filename": "gd68-08-21d1t08.shn"
        }
      ]
    },
    {
      "track": "9",
      "title": "Alligator -->",
      "duration": 421.84,
      "formats": [
        {
          "format": "VBR MP3",
          "filename": "gd68-08-21d1t09.mp3",
          "bitrate": "213"
        },
        {
          "format": "Shorten",
          "filename": "gd68-08-21d1t09.shn"
        }
      ]
    },
    {
      "track": "10",
      "title": "Feedback",
      "duration": 70.23,
      "formats": [
        {
          "format": "VBR MP3",
          "filename": "gd68-08-21d1t10.mp3",
          "bitrate": "204"
        },
        {
          "format": "Shorten",
          "filename": "gd68-08-21d1t10.shn"
        }
      ]
    },
    {
      "track": "11",
      "title": "Dark Star -->",
      "duration": 580.55,
      "formats": [
        {
          "format": "VBR MP3",
          "filename": "gd68-08-21d2t01.mp3",
          "bitrate": "203"
        },
        {
          "format": "Shorten",
          "filename": "gd68-08-21d2t01.shn"
        }
      ]
    },
    {
      "track": "12",
      "title": "Saint Stephen -->",
      "duration": 153.95,
      "formats": [
        {
          "format": "VBR MP3",
          "filename": "gd68-08-21d2t02.mp3",
          "bitrate": "202"
        },
        {
          "format": "Shorten",
          "filename": "gd68-08-21d2t02.shn"
        }
      ]
    },
    {
      "track": "13",
      "title": "The Eleven -->",
      "duration": 575.4,
      "formats": [
        {
          "format": "VBR MP3",
          "filename": "gd68-08-21d2t03.mp3",
          "bitrate": "212"
        },
        {
          "format": "Shorten",
          "filename": "gd68-08-21d2t03.shn"
        }
      ]
    },
    {
      "track": "14",
      "title": "Death Don't Have No Mercy",
      "duration": 318.47,
      "formats": [
        {
          "format": "VBR MP3",
          "filename": "gd68-08-21d2t04.mp3",
          "bitrate": "195"
        },
        {
          "format": "Shorten",
          "filename": "gd68-08-21d2t04.shn"
        }
      ]
    },
    {
      "track": "15",
      "title": "Turn On Your Lovelight",
      "duration": 466.17,
      "formats": [
        {
          "format": "VBR MP3",
          "filename": "gd68-08-21d2t05.mp3",
          "bitrate": "208"
        },
        {
          "format": "Shorten",
          "filename": "gd68-08-21d2t05.shn"
        }
      ]
    },
    {
      "track": "16",
      "title": "In The Midnight Hour",
      "duration": 490.99,
      "formats": [
        {
          "format": "VBR MP3",
          "filename": "gd68-08-21d2t06.mp3",
          "bitrate": "209"
        },
        {
          "format": "Shorten",
          "filename": "gd68-08-21d2t06.shn"
        }
      ]
    }
  ]
}