{
  "rating": 2.125,
  "review_count": 16,
  "source_type": "UNKNOWN",
  "confidence": 1.0,
  "date": "1968-09-02",
  "venue": "Betty Nelson's Organic Raspberry Farm",
  "location": "Sultan, WA",
  "raw_rating": 4.25,
  "high_ratings": 12,
  "low_ratings": 0,
  "tracks": [
    {
      "track": "1",
      "title": "Introduction",
      "duration": 44.02,
      "formats": [
        {
          "format": "VBR MP3",
          "filename": "gd68-09-02alt1.mp3",
          "bitrate": "188"
        },
        {
          "format": "Shorten",
          "filename": "gd68-09-02alt1.shn"
        },
        {
          "format": "VBR MP3",
          "filename": "gd68-09-02d1t01.mp3",
          "bitrate": "186"
        },
        {
          "format": "Shorten",
          "filename": "gd68-09-02d1t01.shn"
        }
      ]
    },
    {
      "track": "2",
      "title": "Dark Star",
      "duration": 501.26,
      "formats": [
        {
          "format": "VBR MP3",
          "filename": "gd68-09-02alt2.mp3",
          "bitrate": "184"
        },
        {
          "format": "Shorten",
          "filename": "gd68-09-02alt2.shn"
        },
        {
          "format": "VBR MP3",
          "filename": "gd68-09-02d1t02.mp3",
          "bitrate": "190"
        },
        {
          "format": "Shorten",
          "filename": "gd68-09-02d1t02.shn"
        }
      ]
    },
    {
      "track": "3",
      "title": "Death Don't Have No Mercy",
      "duration": 119.53,
      "formats": [
        {
          "format": "VBR MP3",
          "filename": "gd68-09-02d1t03.mp3",
          "bitrate": "186"
        },
        {
          "format": "Shorten",
          "filename": "gd68-09-02d1t03.shn"
        }
      ]
    },
    {
      "track": "4",
      "title": "Cryptical Envelopment",
      "duration": 544.12,
      "formats": [
        {
          "format": "VBR MP3",
          "filename": "gd68-09-02d1t04.mp3",
          "bitrate": "190"
        },
        {
          "format": "Shorten",
          "filename": "gd68-09-02d1t04.shn"
        }
      ]
    },
    {
      "track": "5",
      "title": "Drums",
      "duration": 22.08,
      "formats": [
        {
          "format": "VBR MP3",
          "filename": "gd68-09-02d1t05.mp3",
          "bitrate": "186"
        },
        {
          "format": "Shorten",
          "filename": "gd68-09-02d1t05.shn"
        }
      ]
    },
    {
      "track": "6",
      "title": "The Other One",
      "duration": 49.06,
      "formats": [
        {
          "format": "VBR MP3",
          "filename": "gd68-09-02d1t06.mp3",
          "bitrate": "189"
        },
        {
          "format": "Shorten",
          "filename": "gd68-09-02d1t06.shn"
        }
      ]
    },
    {
      "track": "7",
      "title": "Cryptical Envelopment",
      "duration": 7.79,
      "formats": [
        {
          "format": "VBR MP3",
          "filename": "gd68-09-02d1t07.mp3",
          "bitrate": "199"
        },
        {
          "format": "Shorten",
          "filename": "gd68-09-02d1t07.shn"
        }
      ]
    },
    {
      "track": "8",
      "title": "Alligator",
      "duration": 153.03,
      "formats": [
        {
          "format": "VBR MP3",
          "filename": "gd68-09-02d1t08.mp3",
          "bitrate": "189"
        },
        {
          "format": "Shorten",
          "filename": "gd68-09-02d1t08.shn"
        }
      ]
    },
    {
      "track": "9",
      "title": "Caution (Do Not Stop On Tracks)",
      "duration": 258.83,
      "formats": [
        {
          "format": "VBR MP3",
          "filename": "gd68-09-02d1t09.mp3",
          "bitrate": "188"
        },
        {
          "format": "Shorten",
          "filename": "gd68-09-02d1t09.shn"
        }
      ]
    },
    {
      "track": "10",
      "title": "Feedback",
      "duration": 530.07,
      "formats": [
        {
          "format": "VBR MP3",
          "filename": "gd68-09-02d1t10.mp3",
          "bitrate": "197"
        },
        {
          "format": "Shorten",
          "filename": "gd68-09-02d1t10.shn"
        }
      ]
    },
    {
      "track": "11",
      "title": "Stage Announcements",
      "duration": 296.68,
      "formats": [
        {
          "format": "VBR MP3",
          "filename": "gd68-09-02d1t11.mp3",
          "bitrate": "192"
        },
        {
          "format": "Shorten",
          "filename": "gd68-09-02d1t11.shn"
        }
      ]
    }
  ]
}