{
  "rating": 4.078125,
  "review_count": 32,
  "source_type": "MATRIX",
  "confidence": 1.0,
  "date": "1968-10-10",
  "venue": "The Matrix",
  "location": "San Francisco, CA",
  "raw_rating": 4.53125,
  "high_ratings": 29,
  "low_ratings": 1,
  "tracks": [
    {
      "track": "1",
      "title": "Jam",
      "duration": 981.82,
      "formats": [
        {
          "format": "VBR MP3",
          "filename": "gd1968-10-10d1t01.mp3",
          "bitrate": "186"
        },
        {
          "format": "Shorten",
          "filename": "gd1968-10-10d1t01.shn"
        }
      ]
    },
    {
      "track": "2",
      "title": "It's A Sin",
      "duration": 262.18,
      "formats": [
        {
          "format": "VBR MP3",
          "filename": "gd1968-10-10d1t02.mp3",
          "bitrate": "181"
        },
        {
          "format": "Shorten",
          "filename": "gd1968-10-10d1t02.shn"
        }
      ]
    },
    {
      "track": "3",
      "title": "Next Time You See Me Jam",
      "duration": 316.38,
      "formats": [
        {
          "format": "VBR MP3",
          "filename": "gd1968-10-10d1t03.mp3",
          "bitrate": "186"
        },
        {
          "format": "Shorten",
          "filename": "gd1968-10-10d1t03.shn"
        }
      ]
    },
    {
      "track": "4",
      "title": "The Rub Jam",
      "duration": 223.71,
      "formats": [
        {
          "format": "VBR MP3",
          "filename": "gd1968-10-10d1t04.mp3",
          "bitrate": "186"
        },
        {
          "format": "Shorten",
          "filename": "gd1968-10-10d1t04.shn"
        }
      ]
    },
    {
      "track": "5",
      "title": "Look On Yonder Wall",
      "duration": 146.78,
      "formats": [
        {
          "format": "VBR MP3",
          "filename": "gd1968-10-10d1t05.mp3",
          "bitrate": "185"
        },
        {
          "format": "Shorten",
          "filename": "gd1968-10-10d1t05.shn"
        }
      ]
    },
    {
      "track": "6",
      "title": "Jam >",
      "duration": 784.43,
      "formats": [
        {
          "format": "VBR MP3",
          "filename": "gd1968-10-10d2t01.mp3",
          "bitrate": "183"
        },
        {
          "format": "Shorten",
          "filename": "gd1968-10-10d2t01.shn"
        }
      ]
    },
    {
      "track": "7",
      "title": "Turn On Your Lovelight Jam >",
      "duration": 511.37,
      "formats": [
        {
          "format": "VBR MP3",
          "filename": "gd1968-10-10d2t02.mp3",
          "bitrate": "185"
        },
        {
          "format": "Shorten",
          "filename": "gd1968-10-10d2t02.shn"
        }
      ]
    },
    {
      "track": "8",
      "title": "Drums >",
      "duration": 205.38,
      "formats": [
        {
          "format": "VBR MP3",
          "filename": "gd1968-10-10d2t03.mp3",
          "bitrate": "187"
        },
        {
          "format": "Shorten",
          "filename": "gd1968-10-10d2t03.shn"
        }
      ]
    },
    {
      "track": "9",
      "title": "Jam >",
      "duration": 748.73,
      "formats": [
        {
          "format": "VBR MP3",
          "filename": "gd1968-10-10d2t04.mp3",
          "bitrate": "186"
        },
        {
          "format": "Shorten",
          "filename": "gd1968-10-10d2t04.shn"
        }
      ]
    },
    {
      "track": "10",
      "title": "Death Don't Have No Mercy",
      "duration": 325.1,
      "formats": [
        {
          "format": "VBR MP3",
          "filename": "gd1968-10-10d2t05.mp3",
          "bitrate": "182"
        },
        {
          "format": "Shorten",
          "filename": "gd1968-10-10d2t05.shn"
        }
      ]
    },
    {
      "track": "11",
      "title": "Dark Star Jam >",
      "duration": 503.28,
      "formats": [
        {
          "format": "VBR MP3",
          "filename": "gd1968-10-10d3t01.mp3",
          "bitrate": "181"
        },
        {
          "format": "Shorten",
          "filename": "gd1968-10-10d3t01.shn"
        }
      ]
    },
    {
      "track": "12",
      "title": "The Eleven Jam >",
      "duration": 219.39,
      "formats": [
        {
          "format": "VBR MP3",
          "filename": "gd1968-10-10d3t02.mp3",
          "bitrate": "187"
        },
        {
          "format": "Shorten",
          "filename": "gd1968-10-10d3t02.shn"
        }
      ]
    },
    {
      "track": "13",
      "title": "The Seven",
      "duration": 367.09,
      "formats": [
        {
          "format": "VBR MP3",
          "filename": "gd1968-10-10d3t03.mp3",
          "bitrate": "184"
        },
        {
          "format": "Shorten",
          "filename": "gd1968-10-10d3t03.shn"
        }
      ]
    }
  ]
}