{
  "rating": 2.0,
  "review_count": 14,
  "source_type": "UNKNOWN",
  "confidence": 1.0,
  "date": "1968-11-01",
  "venue": "The Silver Dollar Fair",
  "location": "Chico, CA",
  "raw_rating": 4.0,
  "high_ratings": 12,
  "low_ratings": 1,
  "tracks": [
    {
      "track": "1",
      "title": "Dark Star-->",
      "duration": 456.44,
      "formats": [
        {
          "format": "VBR MP3",
          "filename": "gd68-11-01d1t01.mp3",
          "bitrate": "161"
        },
        {
          "format": "Shorten",
          "filename": "gd68-11-01d1t01.shn"
        }
      ]
    },
    {
      "track": "2",
      "title": "Cryptical Envelopment-->",
      "duration": 58.84,
      "formats": [
        {
          "format": "VBR MP3",
          "filename": "gd68-11-01d1t02.mp3",
          "bitrate": "176"
        },
        {
          "format": "Shorten",
          "filename": "gd68-11-01d1t02.shn"
        }
      ]
    },
    {
      "track": "3",
      "title": "Drums-->",
      "duration": 6.64,
      "formats": [
        {
          "format": "VBR MP3",
          "filename": "gd68-11-01d1t03.mp3",
          "bitrate": "180"
        },
        {
          "format": "Shorten",
          "filename": "gd68-11-01d1t03.shn"
        }
      ]
    },
    {
      "track": "4",
      "title": "The Other One-->",
      "duration": 382.41,
      "formats": [
        {
          "format": "VBR MP3",
          "filename": "gd68-11-01d1t04.mp3",
          "bitrate": "176"
        },
        {
          "format": "Shorten",
          "filename": "gd68-11-01d1t04.shn"
        }
      ]
    },
    {
      "track": "5",
      "title": "Cryptical Envelopment-->",
      "duration": 240.25,
      "formats": [
        {
          "format": "VBR MP3",
          "filename": "gd68-11-01d1t05.mp3",
          "bitrate": "177"
        },
        {
          "format": "Shorten",
          "filename": "gd68-11-01d1t05.shn"
        }
      ]
    },
    {
      "track": "6",
      "title": "New Potato Caboose",
      "duration": 72.1,
      "formats": [
        {
          "format": "VBR MP3",
          "filename": "gd68-11-01d1t06.mp3",
          "bitrate": "175"
        },
        {
          "format": "Shorten",
          "filename": "gd68-11-01d1t06.shn"
        }
      ]
    },
    {
      "track": "7",
      "title": "Alligator-->",
      "duration": 80.14,
      "formats": [
        {
          "format": "VBR MP3",
          "filename": "gd68-11-01d1t07.mp3",
          "bitrate": "180"
        },
        {
          "format": "Shorten",
          "filename": "gd68-11-01d1t07.shn"
        }
      ]
    },
    {
      "track": "8",
      "title": "Drums-->",
      "duration": 148.01,
      "formats": [
        {
          "format": "VBR MP3",
          "filename": "gd68-11-01d1t08.mp3",
          "bitrate": "180"
        },
        {
          "format": "Shorten",
          "filename": "gd68-11-01d1t08.shn"
        }
      ]
    },
    {
      "track": "9",
      "title": "Alligator-->",
      "duration": 139.96,
      "formats": [
        {
          "format": "VBR MP3",
          "filename": "gd68-11-01d1t09.mp3",
          "bitrate": "180"
        },
        {
          "format": "Shorten",
          "filename": "gd68-11-01d1t09.shn"
        }
      ]
    },
    {
      "track": "10",
      "title": "Caution-->",
      "duration": 75.26,
      "formats": [
        {
          "format": "VBR MP3",
          "filename": "gd68-11-01d1t10.mp3",
          "bitrate": "178"
        },
        {
          "format": "Shorten",
          "filename": "gd68-11-01d1t10.shn"
        }
      ]
    },
    {
      "track": "11",
      "title": "Feedback-->",
      "duration": 218.94,
      "formats": [
        {
          "format": "VBR MP3",
          "filename": "gd68-11-01d1t11.mp3",
          "bitrate": "173"
        },
        {
          "format": "Shorten",
          "filename": "gd68-11-01d1t11.shn"
        }
      ]
    },
    {
      "track": "12",
      "title": "We Bid You Goodnight",
      "duration": 36.18,
      "formats": [
        {
          "format": "VBR MP3",
          "filename": "gd68-11-01d1t12.mp3",
          "bitrate": "168"
        },
        {
          "format": "Shorten",
          "filename": "gd68-11-01d1t12.shn"
        }
      ]
    }
  ]
}