{
  "rating": 2.3157894736842106,
  "review_count": 19,
  "source_type": "UNKNOWN",
  "confidence": 1.0,
  "date": "1968-08-22",
  "venue": "Fillmore West",
  "location": "San Francisco, CA",
  "raw_rating": 4.631578947368421,
  "high_ratings": 18,
  "low_ratings": 0,
  "tracks": [
    {
      "track": "1",
      "title": "St. Stephen",
      "duration": 152.17,
      "formats": [
        {
          "format": "VBR MP3",
          "filename": "gd68-08-22d1t01.mp3",
          "bitrate": "126"
        },
        {
          "format": "Shorten",
          "filename": "gd68-08-22d1t01.shn"
        }
      ]
    },
    {
      "track": "2",
      "title": "The Eleven",
      "duration": 530.81,
      "formats": [
        {
          "format": "VBR MP3",
          "filename": "gd68-08-22d1t02.mp3",
          "bitrate": "130"
        },
        {
          "format": "Shorten",
          "filename": "gd68-08-22d1t02.shn"
        }
      ]
    },
    {
      "track": "3",
      "title": "Death Don't Have No Mercy",
      "duration": 277.45,
      "formats": [
        {
          "format": "VBR MP3",
          "filename": "gd68-08-22d1t03.mp3",
          "bitrate": "127"
        },
        {
          "format": "Shorten",
          "filename": "gd68-08-22d1t03.shn"
        }
      ]
    },
    {
      "track": "4",
      "title": "Dark Star",
      "duration": 415.63,
      "formats": [
        {
          "format": "VBR MP3",
          "filename": "gd68-08-22d2t01.mp3",
          "bitrate": "127"
        },
        {
          "format": "Shorten",
          "filename": "gd68-08-22d2t01.shn"
        }
      ]
    },
    {
      "track": "5",
      "title": "Cryptical Envelopment",
      "duration": 62.61,
      "formats": [
        {
          "format": "VBR MP3",
          "filename": "gd68-08-22d2t02.mp3",
          "bitrate": "128"
        },
        {
          "format": "Shorten",
          "filename": "gd68-08-22d2t02.shn"
        }
      ]
    },
    {
      "track": "6",
      "title": "The Other One",
      "duration": 157.32,
      "formats": [
        {
          "format": "VBR MP3",
          "filename": "gd68-08-22d2t03.mp3",
          "bitrate": "129"
        },
        {
          "format": "Shorten",
          "filename": "gd68-08-22d2t03.shn"
        }
      ]
    },
    {
      "track": "7",
      "title": "Cryptical Envelopment",
      "duration": 229.75,
      "formats": [
        {
          "format": "VBR MP3",
          "filename": "gd68-08-22d2t04.mp3",
          "bitrate": "131"
        },
        {
          "format": "Shorten",
          "filename": "gd68-08-22d2t04.shn"
        }
      ]
    },
    {
      "track": "8",
      "title": "New Potato Caboose",
      "duration": 499.44,
      "formats": [
        {
          "format": "VBR MP3",
          "filename": "gd68-08-22d2t05.mp3",
          "bitrate": "137"
        },
        {
          "format": "Shorten",
          "filename": "gd68-08-22d2t05.shn"
        }
      ]
    },
    {
      "track": "9",
      "title": "Alligator",
      "duration": 124.19,
      "formats": [
        {
          "format": "VBR MP3",
          "filename": "gd68-08-22d2t06.mp3",
          "bitrate": "192"
        },
        {
          "format": "Shorten",
          "filename": "gd68-08-22d2t06.shn"
        }
      ]
    },
    {
      "track": "10",
      "title": "Drums",
      "duration": 188.7,
      "formats": [
        {
          "format": "VBR MP3",
          "filename": "gd68-08-22d2t07.mp3",
          "bitrate": "199"
        },
        {
          "format": "Shorten",
          "filename": "gd68-08-22d2t07.shn"
        }
      ]
    },
    {
      "track": "11",
      "title": "Jam",
      "duration": 353.13,
      "formats": [
        {
          "format": "VBR MP3",
          "filename": "gd68-08-22d2t08.mp3",
          "bitrate": "190"
        },
        {
          "format": "Shorten",
          "filename": "gd68-08-22d2t08.shn"
        }
      ]
    },
    {
      "track": "12",
      "title": "Caution (Do Not Stop on Tracks)",
      "duration": 210.03,
      "formats": [
        {
          "format": "VBR MP3",
          "filename": "gd68-08-22d2t09.mp3",
          "bitrate": "190"
        },
        {
          "format": "Shorten",
          "filename": "gd68-08-22d2t09.shn"
        }
      ]
    },
    {
      "track": "13",
      "title": "Feedback",
      "duration": 128.19,
      "formats": [
        {
          "format": "VBR MP3",
          "filename": "gd68-08-22d2t10.mp3",
          "bitrate": "186"
        },
        {
          "format": "Shorten",
          "filename": "gd68-08-22d2t10.shn"
        }
      ]
    },
    {
      "track": "14",
      "title": "We Bid You Goodnight",
      "duration": 25.5,
      "formats": [
        {
          "format": "VBR MP3",
          "filename": "gd68-08-22d2t11.mp3",
          "bitrate": "177"
        },
        {
          "format": "Shorten",
          "filename": "gd68-08-22d2t11.shn"
        }
      ]
    }
  ]
}