{
  "rating": 2.3088235294117645,
  "review_count": 34,
  "source_type": "UNKNOWN",
  "confidence": 1.0,
  "date": "1969-02-22",
  "venue": "Dream Bowl",
  "location": "Vallejo, CA",
  "raw_rating": 4.617647058823529,
  "high_ratings": 32,
  "low_ratings": 1,
  "tracks": [
    {
      "track": "1",
      "title": "Dupree's Diamond Blues",
      "duration": 116.34,
      "formats": [
        {
          "format": "VBR MP3",
          "filename": "gd69-02-22d1t01.mp3",
          "bitrate": "204"
        },
        {
          "format": "Shorten",
          "filename": "gd69-02-22d1t01.shn"
        }
      ]
    },
    {
      "track": "2",
      "title": "Mountains of the Moon",
      "duration": 145.69,
      "formats": [
        {
          "format": "VBR MP3",
          "filename": "gd69-02-22d1t02.mp3",
          "bitrate": "193"
        },
        {
          "format": "Shorten",
          "filename": "gd69-02-22d1t02.shn"
        }
      ]
    },
    {
      "track": "3",
      "title": "Dark Star",
      "duration": 659.93,
      "formats": [
        {
          "format": "VBR MP3",
          "filename": "gd69-02-22d1t03.mp3",
          "bitrate": "213"
        },
        {
          "format": "Shorten",
          "filename": "gd69-02-22d1t03.shn"
        }
      ]
    },
    {
      "track": "4",
      "title": "Cryptical Envelopment",
      "duration": 56.06,
      "formats": [
        {
          "format": "VBR MP3",
          "filename": "gd69-02-22d1t04.mp3",
          "bitrate": "208"
        },
        {
          "format": "Shorten",
          "filename": "gd69-02-22d1t04.shn"
        }
      ]
    },
    {
      "track": "5",
      "title": "Drums",
      "duration": 5.46,
      "formats": [
        {
          "format": "VBR MP3",
          "filename": "gd69-02-22d1t05.mp3",
          "bitrate": "206"
        },
        {
          "format": "Shorten",
          "filename": "gd69-02-22d1t05.shn"
        }
      ]
    },
    {
      "track": "6",
      "title": "The Other One",
      "duration": 267.51,
      "formats": [
        {
          "format": "VBR MP3",
          "filename": "gd69-02-22d1t06.mp3",
          "bitrate": "234"
        },
        {
          "format": "Shorten",
          "filename": "gd69-02-22d1t06.shn"
        }
      ]
    },
    {
      "track": "7",
      "title": "Cryptical Envelopment",
      "duration": 295.52,
      "formats": [
        {
          "format": "VBR MP3",
          "filename": "gd69-02-22d1t07.mp3",
          "bitrate": "219"
        },
        {
          "format": "Shorten",
          "filename": "gd69-02-22d1t07.shn"
        }
      ]
    },
    {
      "track": "8",
      "title": "Death Don't Have No Mercy",
      "duration": 195.91,
      "formats": [
        {
          "format": "VBR MP3",
          "filename": "gd69-02-22d1t08.mp3",
          "bitrate": "210"
        },
        {
          "format": "Shorten",
          "filename": "gd69-02-22d1t08.shn"
        }
      ]
    },
    {
      "track": "9",
      "title": "Break Announcement",
      "duration": 14.43,
      "formats": [
        {
          "format": "VBR MP3",
          "filename": "gd69-02-22d1t09.mp3",
          "bitrate": "195"
        },
        {
          "format": "Shorten",
          "filename": "gd69-02-22d1t09.shn"
        }
      ]
    },
    {
      "track": "10",
      "title": "Doin' That Rag",
      "duration": 203.6,
      "formats": [
        {
          "format": "VBR MP3",
          "filename": "gd69-02-22d2t01.mp3",
          "bitrate": "211"
        },
        {
          "format": "Shorten",
          "filename": "gd69-02-22d2t01.shn"
        }
      ]
    },
    {
      "track": "11",
      "title": "Saint Stephen",
      "duration": 205.77,
      "formats": [
        {
          "format": "VBR MP3",
          "filename": "gd69-02-22d2t02.mp3",
          "bitrate": "219"
        },
        {
          "format": "Shorten",
          "filename": "gd69-02-22d2t02.shn"
        }
      ]
    },
    {
      "track": "12",
      "title": "The Eleven",
      "duration": 575.65,
      "formats": [
        {
          "format": "VBR MP3",
          "filename": "gd69-02-22d2t03.mp3",
          "bitrate": "224"
        },
        {
          "format": "Shorten",
          "filename": "gd69-02-22d2t03.shn"
        }
      ]
    },
    {
      "track": "13",
      "title": "Turn On Your Lovelight",
      "duration": 658.04,
      "formats": [
        {
          "format": "VBR MP3",
          "filename": "gd69-02-22d2t04.mp3",
          "bitrate": "189"
        },
        {
          "format": "Shorten",
          "filename": "gd69-02-22d2t04.shn"
        }
      ]
    }
  ]
}