{
  "rating": 2.0,
  "review_count": 9,
  "source_type": "UNKNOWN",
  "confidence": 1.0,
  "date": "1969-07-12",
  "venue": "NY State Pavilion, Flushing Meadow Park",
  "location": "Queens, NY",
  "raw_rating": 4.0,
  "high_ratings": 6,
  "low_ratings": 1,
  "tracks": [
    {
      "track": "1",
      "title": "Mountains Of The Moon",
      "duration": 133.89,
      "formats": [
        {
          "format": "VBR MP3",
          "filename": "gd69-07-12d1t01.mp3",
          "bitrate": "179"
        },
        {
          "format": "Shorten",
          "filename": "gd69-07-12d1t01.shn"
        }
      ]
    },
    {
      "track": "2",
      "title": "Green Green Grass of Home",
      "duration": 123.04,
      "formats": [
        {
          "format": "VBR MP3",
          "filename": "gd69-07-12d1t02.mp3",
          "bitrate": "185"
        },
        {
          "format": "Shorten",
          "filename": "gd69-07-12d1t02.shn"
        }
      ]
    },
    {
      "track": "3",
      "title": "Slewfoot",
      "duration": 287.95,
      "formats": [
        {
          "format": "VBR MP3",
          "filename": "gd69-07-12d1t03.mp3",
          "bitrate": "175"
        },
        {
          "format": "Shorten",
          "filename": "gd69-07-12d1t03.shn"
        }
      ]
    },
    {
      "track": "4",
      "title": "Doin' That Rag",
      "duration": 257.53,
      "formats": [
        {
          "format": "VBR MP3",
          "filename": "gd69-07-12d1t04.mp3",
          "bitrate": "185"
        },
        {
          "format": "Shorten",
          "filename": "gd69-07-12d1t04.shn"
        }
      ]
    },
    {
      "track": "5",
      "title": "China Cat Sunflower",
      "duration": 254.08,
      "formats": [
        {
          "format": "VBR MP3",
          "filename": "gd69-07-12d1t05.mp3",
          "bitrate": "186"
        },
        {
          "format": "Shorten",
          "filename": "gd69-07-12d1t05.shn"
        }
      ]
    },
    {
      "track": "6",
      "title": "Mama Tried",
      "duration": 86.02,
      "formats": [
        {
          "format": "VBR MP3",
          "filename": "gd69-07-12d1t06.mp3",
          "bitrate": "181"
        },
        {
          "format": "Shorten",
          "filename": "gd69-07-12d1t06.shn"
        }
      ]
    },
    {
      "track": "7",
      "title": "High Time",
      "duration": 159.5,
      "formats": [
        {
          "format": "VBR MP3",
          "filename": "gd69-07-12d1t07.mp3",
          "bitrate": "174"
        },
        {
          "format": "Shorten",
          "filename": "gd69-07-12d1t07.shn"
        }
      ]
    },
    {
      "track": "8",
      "title": "Dark Star",
      "duration": 339.34,
      "formats": [
        {
          "format": "VBR MP3",
          "filename": "gd69-07-12d2t01.mp3",
          "bitrate": "188"
        },
        {
          "format": "Shorten",
          "filename": "gd69-07-12d2t01.shn"
        }
      ]
    },
    {
      "track": "9",
      "title": "The Other One",
      "duration": 202.95,
      "formats": [
        {
          "format": "VBR MP3",
          "filename": "gd69-07-12d2t02.mp3",
          "bitrate": "194"
        },
        {
          "format": "Shorten",
          "filename": "gd69-07-12d2t02.shn"
        }
      ]
    },
    {
      "track": "10",
      "title": "Saint Stephen",
      "duration": 238.59,
      "formats": [
        {
          "format": "VBR MP3",
          "filename": "gd69-07-12d2t03.mp3",
          "bitrate": "189"
        },
        {
          "format": "Shorten",
          "filename": "gd69-07-12d2t03.shn"
        }
      ]
    },
    {
      "track": "11",
      "title": "The Eleven",
      "duration": 483.4,
      "formats": [
        {
          "format": "VBR MP3",
          "filename": "gd69-07-12d2t04.mp3",
          "bitrate": "193"
        },
        {
          "format": "Shorten",
          "filename": "gd69-07-12d2t04.shn"
        }
      ]
    },
    {
      "track": "12",
      "title": "Turn On Your Lovelight",
      "duration": 767.81,
      "formats": [
        {
          "format": "VBR MP3",
          "filename": "gd69-07-12d2t05.mp3",
          "bitrate": "188"
        },
        {
          "format": "Shorten",
          "filename": "gd69-07-12d2t05.shn"
        }
      ]
    }
  ]
}