{
  "rating": 2.3947368421052633,
  "review_count": 19,
  "source_type": "UNKNOWN",
  "confidence": 1.0,
  "date": "1969-04-22",
  "venue": "The Ark",
  "location": "Boston, MA",
  "raw_rating": 4.7894736842105265,
  "high_ratings": 19,
  "low_ratings": 0,
  "tracks": [
    {
      "track": "1",
      "title": "Sitting on Top of the World",
      "duration": 116.07,
      "formats": [
        {
          "format": "VBR MP3",
          "filename": "gd69-4-22d1t01.mp3",
          "bitrate": "186"
        },
        {
          "format": "Shorten",
          "filename": "gd69-4-22d1t01.shn"
        }
      ]
    },
    {
      "track": "2",
      "title": "Morning Dew",
      "duration": 322.38,
      "formats": [
        {
          "format": "VBR MP3",
          "filename": "gd69-4-22d1t02.mp3",
          "bitrate": "186"
        },
        {
          "format": "Shorten",
          "filename": "gd69-4-22d1t02.shn"
        }
      ]
    },
    {
      "track": "3",
      "title": "Beat it on Down the Line",
      "duration": 88.91,
      "formats": [
        {
          "format": "VBR MP3",
          "filename": "gd69-4-22d1t03.mp3",
          "bitrate": "190"
        },
        {
          "format": "Shorten",
          "filename": "gd69-4-22d1t03.shn"
        }
      ]
    },
    {
      "track": "4",
      "title": "Good Morning Little Schoolgirl",
      "duration": 300.07,
      "formats": [
        {
          "format": "VBR MP3",
          "filename": "gd69-4-22d1t04.mp3",
          "bitrate": "186"
        },
        {
          "format": "Shorten",
          "filename": "gd69-4-22d1t04.shn"
        }
      ]
    },
    {
      "track": "5",
      "title": "Doin' that Rag",
      "duration": 271.75,
      "formats": [
        {
          "format": "VBR MP3",
          "filename": "gd69-4-22d1t05.mp3",
          "bitrate": "187"
        },
        {
          "format": "Shorten",
          "filename": "gd69-4-22d1t05.shn"
        }
      ]
    },
    {
      "track": "6",
      "title": "Cryptical Envelopment",
      "duration": 61.78,
      "formats": [
        {
          "format": "VBR MP3",
          "filename": "gd69-4-22d1t06.mp3",
          "bitrate": "183"
        },
        {
          "format": "Shorten",
          "filename": "gd69-4-22d1t06.shn"
        }
      ]
    },
    {
      "track": "7",
      "title": "Drums",
      "duration": 15.23,
      "formats": [
        {
          "format": "VBR MP3",
          "filename": "gd69-4-22d1t07.mp3",
          "bitrate": "180"
        },
        {
          "format": "Shorten",
          "filename": "gd69-4-22d1t07.shn"
        }
      ]
    },
    {
      "track": "8",
      "title": "The Other One",
      "duration": 72.51,
      "formats": [
        {
          "format": "VBR MP3",
          "filename": "gd69-4-22d1t08.mp3",
          "bitrate": "202"
        },
        {
          "format": "Shorten",
          "filename": "gd69-4-22d1t08.shn"
        }
      ]
    },
    {
      "track": "9",
      "title": "Cryptical Envelopment",
      "duration": 299.05,
      "formats": [
        {
          "format": "VBR MP3",
          "filename": "gd69-4-22d1t09.mp3",
          "bitrate": "192"
        },
        {
          "format": "Shorten",
          "filename": "gd69-4-22d1t09.shn"
        }
      ]
    },
    {
      "track": "10",
      "title": "Death Don't Have No Mercy",
      "duration": 321.9,
      "formats": [
        {
          "format": "VBR MP3",
          "filename": "gd69-4-22d1t10.mp3",
          "bitrate": "187"
        },
        {
          "format": "Shorten",
          "filename": "gd69-4-22d1t10.shn"
        }
      ]
    },
    {
      "track": "11",
      "title": "Dupree's Diamond Blues",
      "duration": 230.99,
      "formats": [
        {
          "format": "VBR MP3",
          "filename": "gd69-4-22d2t01.mp3",
          "bitrate": "183"
        },
        {
          "format": "Shorten",
          "filename": "gd69-4-22d2t01.shn"
        }
      ]
    },
    {
      "track": "12",
      "title": "Mountains of the Moon",
      "duration": 198.66,
      "formats": [
        {
          "format": "VBR MP3",
          "filename": "gd69-4-22d2t02.mp3",
          "bitrate": "179"
        },
        {
          "format": "Shorten",
          "filename": "gd69-4-22d2t02.shn"
        }
      ]
    },
    {
      "track": "13",
      "title": "Dark Star",
      "duration": 886.34,
      "formats": [
        {
          "format": "VBR MP3",
          "filename": "gd69-4-22d2t03.mp3",
          "bitrate": "190"
        },
        {
          "format": "Shorten",
          "filename": "gd69-4-22d2t03.shn"
        }
      ]
    },
    {
      "track": "14",
      "title": "Saint Stephen",
      "duration": 167.96,
      "formats": [
        {
          "format": "VBR MP3",
          "filename": "gd69-4-22d2t04.mp3",
          "bitrate": "196"
        },
        {
          "format": "Shorten",
          "filename": "gd69-4-22d2t04.shn"
        }
      ]
    },
    {
      "track": "15",
      "title": "The Eleven",
      "duration": 441.93,
      "formats": [
        {
          "format": "VBR MP3",
          "filename": "gd69-4-22d2t05.mp3",
          "bitrate": "200"
        },
        {
          "format": "Shorten",
          "filename": "gd69-4-22d2t05.shn"
        }
      ]
    },
    {
      "track": "16",
      "title": "Turn On Your Lovelight",
      "duration": 571.79,
      "formats": [
        {
          "format": "VBR MP3",
          "filename": "gd69-4-22d3t01.mp3",
          "bitrate": "194"
        },
        {
          "format": "Shorten",
          "filename": "gd69-4-22d3t01.shn"
        }
      ]
    },
    {
      "track": "17",
      "title": "Caution (Do Not Step on Tracks) Jam",
      "duration": 107.95,
      "formats": [
        {
          "format": "VBR MP3",
          "filename": "gd69-4-22d3t02.mp3",
          "bitrate": "204"
        },
        {
          "format": "Shorten",
          "filename": "gd69-4-22d3t02.shn"
        }
      ]
    },
    {
      "track": "18",
      "title": "Turn On Your Lovelight",
      "duration": 268.21,
      "formats": [
        {
          "format": "VBR MP3",
          "filename": "gd69-4-22d3t03.mp3",
          "bitrate": "190"
        },
        {
          "format": "Shorten",
          "filename": "gd69-4-22d3t03.shn"
        }
      ]
    }
  ]
}