{
  "rating": 2.1153846153846154,
  "review_count": 13,
  "source_type": "UNKNOWN",
  "confidence": 1.0,
  "date": "1969-04-12",
  "venue": "Student Union Ballroom, U. Utah",
  "location": "Salt Lake City, UT",
  "raw_rating": 4.230769230769231,
  "high_ratings": 11,
  "low_ratings": 0,
  "tracks": [
    {
      "track": "1",
      "title": "Introduction",
      "duration": 19.1,
      "formats": [
        {
          "format": "VBR MP3",
          "filename": "gd69-04-12d1t01.mp3",
          "bitrate": "176"
        },
        {
          "format": "Ogg Vorbis",
          "filename": "gd69-04-12d1t01.ogg"
        },
        {
          "format": "Shorten",
          "filename": "gd69-04-12d1t01.shn"
        }
      ]
    },
    {
      "track": "2",
      "title": "Morning Dew",
      "duration": 318.66,
      "formats": [
        {
          "format": "VBR MP3",
          "filename": "gd69-04-12d1t02.mp3",
          "bitrate": "176"
        },
        {
          "format": "Ogg Vorbis",
          "filename": "gd69-04-12d1t02.ogg"
        },
        {
          "format": "Shorten",
          "filename": "gd69-04-12d1t02.shn"
        }
      ]
    },
    {
      "track": "3",
      "title": "Yellow Dog Story Part 1",
      "duration": 35.53,
      "formats": [
        {
          "format": "VBR MP3",
          "filename": "gd69-04-12d1t03.mp3",
          "bitrate": "175"
        },
        {
          "format": "Ogg Vorbis",
          "filename": "gd69-04-12d1t03.ogg"
        },
        {
          "format": "Shorten",
          "filename": "gd69-04-12d1t03.shn"
        }
      ]
    },
    {
      "track": "4",
      "title": "Good Morning Little Schoolgirl",
      "duration": 312.4,
      "formats": [
        {
          "format": "VBR MP3",
          "filename": "gd69-04-12d1t04.mp3",
          "bitrate": "177"
        },
        {
          "format": "Ogg Vorbis",
          "filename": "gd69-04-12d1t04.ogg"
        },
        {
          "format": "Shorten",
          "filename": "gd69-04-12d1t04.shn"
        }
      ]
    },
    {
      "track": "5",
      "title": "Yellow Dog Story Part 2",
      "duration": 82.89,
      "formats": [
        {
          "format": "VBR MP3",
          "filename": "gd69-04-12d1t05.mp3",
          "bitrate": "176"
        },
        {
          "format": "Ogg Vorbis",
          "filename": "gd69-04-12d1t05.ogg"
        },
        {
          "format": "Shorten",
          "filename": "gd69-04-12d1t05.shn"
        }
      ]
    },
    {
      "track": "6",
      "title": "Doin' That Rag",
      "duration": 255.13,
      "formats": [
        {
          "format": "VBR MP3",
          "filename": "gd69-04-12d1t06.mp3",
          "bitrate": "176"
        },
        {
          "format": "Ogg Vorbis",
          "filename": "gd69-04-12d1t06.ogg"
        },
        {
          "format": "Shorten",
          "filename": "gd69-04-12d1t06.shn"
        }
      ]
    },
    {
      "track": "7",
      "title": "He Was A Friend Of Mine",
      "duration": 406.97,
      "formats": [
        {
          "format": "VBR MP3",
          "filename": "gd69-04-12d1t07.mp3",
          "bitrate": "175"
        },
        {
          "format": "Ogg Vorbis",
          "filename": "gd69-04-12d1t07.ogg"
        },
        {
          "format": "Shorten",
          "filename": "gd69-04-12d1t07.shn"
        }
      ]
    },
    {
      "track": "8",
      "title": "Cryptical Envelopment",
      "duration": 35.06,
      "formats": [
        {
          "format": "VBR MP3",
          "filename": "gd69-04-12d1t08.mp3",
          "bitrate": "174"
        },
        {
          "format": "Ogg Vorbis",
          "filename": "gd69-04-12d1t08.ogg"
        },
        {
          "format": "Shorten",
          "filename": "gd69-04-12d1t08.shn"
        }
      ]
    },
    {
      "track": "9",
      "title": "Cryptical Envelopment",
      "duration": 193.92,
      "formats": [
        {
          "format": "VBR MP3",
          "filename": "gd69-04-12d1t09.mp3",
          "bitrate": "176"
        },
        {
          "format": "Ogg Vorbis",
          "filename": "gd69-04-12d1t09.ogg"
        },
        {
          "format": "Shorten",
          "filename": "gd69-04-12d1t09.shn"
        }
      ]
    },
    {
      "track": "10",
      "title": "Dark Star",
      "duration": 738.96,
      "formats": [
        {
          "format": "VBR MP3",
          "filename": "gd69-04-12d2t01.mp3",
          "bitrate": "178"
        },
        {
          "format": "Ogg Vorbis",
          "filename": "gd69-04-12d2t01.ogg"
        },
        {
          "format": "Shorten",
          "filename": "gd69-04-12d2t01.shn"
        }
      ]
    },
    {
      "track": "11",
      "title": "Saint Stephen",
      "duration": 231.59,
      "formats": [
        {
          "format": "VBR MP3",
          "filename": "gd69-04-12d2t02.mp3",
          "bitrate": "180"
        },
        {
          "format": "Ogg Vorbis",
          "filename": "gd69-04-12d2t02.ogg"
        },
        {
          "format": "Shorten",
          "filename": "gd69-04-12d2t02.shn"
        }
      ]
    },
    {
      "track": "12",
      "title": "The Eleven",
      "duration": 364.76,
      "formats": [
        {
          "format": "VBR MP3",
          "filename": "gd69-04-12d2t03.mp3",
          "bitrate": "181"
        },
        {
          "format": "Ogg Vorbis",
          "filename": "gd69-04-12d2t03.ogg"
        },
        {
          "format": "Shorten",
          "filename": "gd69-04-12d2t03.shn"
        }
      ]
    },
    {
      "track": "13",
      "title": "Turn On Your Lovelight",
      "duration": 517.72,
      "formats": [
        {
          "format": "VBR MP3",
          "filename": "gd69-04-12d2t04.mp3",
          "bitrate": "177"
        },
        {
          "format": "Ogg Vorbis",
          "filename": "gd69-04-12d2t04.ogg"
        },
        {
          "format": "Shorten",
          "filename": "gd69-04-12d2t04.shn"
        }
      ]
    },
    {
      "track": "14",
      "title": "Feedback",
      "duration": 39.35,
      "formats": [
        {
          "format": "VBR MP3",
          "filename": "gd69-04-12d2t05.mp3",
          "bitrate": "165"
        },
        {
          "format": "Ogg Vorbis",
          "filename": "gd69-04-12d2t05.ogg"
        },
        {
          "format": "Shorten",
          "filename": "gd69-04-12d2t05.shn"
        }
      ]
    }
  ]
}