{
  "rating": 2.3055555555555554,
  "review_count": 18,
  "source_type": "UNKNOWN",
  "confidence": 1.0,
  "date": "1969-06-08",
  "venue": "Fillmore West",
  "location": "San Francisco, CA",
  "raw_rating": 4.611111111111111,
  "high_ratings": 16,
  "low_ratings": 0,
  "tracks": [
    {
      "track": "1",
      "title": "Dancin' In The Streets",
      "duration": 477.72,
      "formats": [
        {
          "format": "VBR MP3",
          "filename": "gd69-06-08d1t01.mp3",
          "bitrate": "186"
        },
        {
          "format": "Shorten",
          "filename": "gd69-06-08d1t01.shn"
        }
      ]
    },
    {
      "track": "2",
      "title": "He Was a Friend of Mine",
      "duration": 398.1,
      "formats": [
        {
          "format": "VBR MP3",
          "filename": "gd69-06-08d1t02.mp3",
          "bitrate": "183"
        },
        {
          "format": "Shorten",
          "filename": "gd69-06-08d1t02.shn"
        }
      ]
    },
    {
      "track": "3",
      "title": "China Cat Sunflower",
      "duration": 160.02,
      "formats": [
        {
          "format": "VBR MP3",
          "filename": "gd69-06-08d1t03.mp3",
          "bitrate": "187"
        },
        {
          "format": "Shorten",
          "filename": "gd69-06-08d1t03.shn"
        }
      ]
    },
    {
      "track": "4",
      "title": "New Potato Caboose",
      "duration": 494.6,
      "formats": [
        {
          "format": "VBR MP3",
          "filename": "gd69-06-08d1t04.mp3",
          "bitrate": "186"
        },
        {
          "format": "Shorten",
          "filename": "gd69-06-08d1t04.shn"
        }
      ]
    },
    {
      "track": "5",
      "title": "Me and My Uncle",
      "duration": 142.58,
      "formats": [
        {
          "format": "VBR MP3",
          "filename": "gd69-06-08d1t05.mp3",
          "bitrate": "184"
        },
        {
          "format": "Shorten",
          "filename": "gd69-06-08d1t05.shn"
        }
      ]
    },
    {
      "track": "6",
      "title": "Tuning",
      "duration": 9.67,
      "formats": [
        {
          "format": "VBR MP3",
          "filename": "gd69-06-08d2t01.mp3",
          "bitrate": "175"
        },
        {
          "format": "Shorten",
          "filename": "gd69-06-08d2t01.shn"
        }
      ]
    },
    {
      "track": "7",
      "title": "Turn On Your Lovelight",
      "duration": 1211.33,
      "formats": [
        {
          "format": "VBR MP3",
          "filename": "gd69-06-08d2t02.mp3",
          "bitrate": "183"
        },
        {
          "format": "Shorten",
          "filename": "gd69-06-08d2t02.shn"
        }
      ]
    },
    {
      "track": "8",
      "title": "The Things I Used To Do",
      "duration": 250.55,
      "formats": [
        {
          "format": "VBR MP3",
          "filename": "gd69-06-08d2t03.mp3",
          "bitrate": "169"
        },
        {
          "format": "Shorten",
          "filename": "gd69-06-08d2t03.shn"
        }
      ]
    },
    {
      "track": "9",
      "title": "Who's Lovin' You Tonight",
      "duration": 172.25,
      "formats": [
        {
          "format": "VBR MP3",
          "filename": "gd69-06-08d2t04.mp3",
          "bitrate": "178"
        },
        {
          "format": "Shorten",
          "filename": "gd69-06-08d2t04.shn"
        }
      ]
    },
    {
      "track": "10",
      "title": "Cryptical Envelopment",
      "duration": 62.12,
      "formats": [
        {
          "format": "VBR MP3",
          "filename": "gd69-06-08d2t05.mp3",
          "bitrate": "175"
        },
        {
          "format": "Shorten",
          "filename": "gd69-06-08d2t05.shn"
        }
      ]
    },
    {
      "track": "11",
      "title": "Drums",
      "duration": 25.18,
      "formats": [
        {
          "format": "VBR MP3",
          "filename": "gd69-06-08d2t06.mp3",
          "bitrate": "179"
        },
        {
          "format": "Shorten",
          "filename": "gd69-06-08d2t06.shn"
        }
      ]
    },
    {
      "track": "12",
      "title": "The Other One",
      "duration": 363.49,
      "formats": [
        {
          "format": "VBR MP3",
          "filename": "gd69-06-08d2t07.mp3",
          "bitrate": "180"
        },
        {
          "format": "Shorten",
          "filename": "gd69-06-08d2t07.shn"
        }
      ]
    },
    {
      "track": "13",
      "title": "Cosmic Charlie",
      "duration": 239.35,
      "formats": [
        {
          "format": "VBR MP3",
          "filename": "gd69-06-08d2t08.mp3",
          "bitrate": "174"
        },
        {
          "format": "Shorten",
          "filename": "gd69-06-08d2t08.shn"
        }
      ]
    }
  ]
}