{
  "rating": 2.3636363636363638,
  "review_count": 22,
  "source_type": "UNKNOWN",
  "confidence": 1.0,
  "date": "1969-05-24",
  "venue": "Seminole Indian Village",
  "location": "Hollywood, FL",
  "raw_rating": 4.7272727272727275,
  "high_ratings": 22,
  "low_ratings": 0,
  "tracks": [
    {
      "track": "1",
      "title": "Turn On Your Lovelight",
      "duration": 969.07,
      "formats": [
        {
          "format": "VBR MP3",
          "filename": "gd69-05-24d1t01.mp3",
          "bitrate": "184"
        },
        {
          "format": "Shorten",
          "filename": "gd69-05-24d1t01.shn"
        }
      ]
    },
    {
      "track": "2",
      "title": "Doin' That Rag",
      "duration": 231.45,
      "formats": [
        {
          "format": "VBR MP3",
          "filename": "gd69-05-24d1t02.mp3",
          "bitrate": "181"
        },
        {
          "format": "Shorten",
          "filename": "gd69-05-24d1t02.shn"
        }
      ]
    },
    {
      "track": "3",
      "title": "He Was A Friend Of Mine",
      "duration": 256.21,
      "formats": [
        {
          "format": "VBR MP3",
          "filename": "gd69-05-24d1t03.mp3",
          "bitrate": "181"
        },
        {
          "format": "Shorten",
          "filename": "gd69-05-24d1t03.shn"
        }
      ]
    },
    {
      "track": "4",
      "title": "China Cat Sunflower",
      "duration": 195.38,
      "formats": [
        {
          "format": "VBR MP3",
          "filename": "gd69-05-24d1t04.mp3",
          "bitrate": "184"
        },
        {
          "format": "Shorten",
          "filename": "gd69-05-24d1t04.shn"
        }
      ]
    },
    {
      "track": "5",
      "title": "The Eleven",
      "duration": 305.11,
      "formats": [
        {
          "format": "VBR MP3",
          "filename": "gd69-05-24d1t05.mp3",
          "bitrate": "183"
        },
        {
          "format": "Shorten",
          "filename": "gd69-05-24d1t05.shn"
        }
      ]
    },
    {
      "track": "6",
      "title": "Death Don't Have No Mercy",
      "duration": 214.64,
      "formats": [
        {
          "format": "VBR MP3",
          "filename": "gd69-05-24d1t06.mp3",
          "bitrate": "179"
        },
        {
          "format": "Shorten",
          "filename": "gd69-05-24d1t06.shn"
        }
      ]
    },
    {
      "track": "7",
      "title": "Yellow Dog Story",
      "duration": 93.31,
      "formats": [
        {
          "format": "VBR MP3",
          "filename": "gd69-05-24d2t01.mp3",
          "bitrate": "178"
        },
        {
          "format": "Shorten",
          "filename": "gd69-05-24d2t01.shn"
        }
      ]
    },
    {
      "track": "8",
      "title": "Alligator > Drums",
      "duration": 375.53,
      "formats": [
        {
          "format": "VBR MP3",
          "filename": "gd69-05-24d2t02.mp3",
          "bitrate": "188"
        },
        {
          "format": "Shorten",
          "filename": "gd69-05-24d2t02.shn"
        }
      ]
    },
    {
      "track": "9",
      "title": "Saint Stephen > Feedback",
      "duration": 340.37,
      "formats": [
        {
          "format": "VBR MP3",
          "filename": "gd69-05-24d2t03.mp3",
          "bitrate": "181"
        },
        {
          "format": "Shorten",
          "filename": "gd69-05-24d2t03.shn"
        }
      ]
    },
    {
      "track": "10",
      "title": "We Bid You Goodnight",
      "duration": 104.39,
      "formats": [
        {
          "format": "VBR MP3",
          "filename": "gd69-05-24d2t04.mp3",
          "bitrate": "174"
        },
        {
          "format": "Shorten",
          "filename": "gd69-05-24d2t04.shn"
        }
      ]
    }
  ]
}