{
  "rating": 2.0833333333333335,
  "review_count": 6,
  "source_type": "UNKNOWN",
  "confidence": 1.0,
  "date": "1969-02-14",
  "venue": "Electric Factory",
  "location": "Philadelphia, PA",
  "raw_rating": 4.166666666666667,
  "high_ratings": 4,
  "low_ratings": 0,
  "tracks": [
    {
      "track": "1",
      "title": "Good Morning, Little Schoolgirl",
      "duration": 377.74,
      "formats": [
        {
          "format": "VBR MP3",
          "filename": "gd69-02-14d1t01.mp3",
          "bitrate": "187"
        },
        {
          "format": "Shorten",
          "filename": "gd69-02-14d1t01.shn"
        }
      ]
    },
    {
      "track": "2",
      "title": "Tuning",
      "duration": 62.34,
      "formats": [
        {
          "format": "VBR MP3",
          "filename": "gd69-02-14d1t02.mp3",
          "bitrate": "175"
        },
        {
          "format": "Shorten",
          "filename": "gd69-02-14d1t02.shn"
        }
      ]
    },
    {
      "track": "3",
      "title": "Dark Star",
      "duration": 725.14,
      "formats": [
        {
          "format": "VBR MP3",
          "filename": "gd69-02-14d1t03.mp3",
          "bitrate": "182"
        },
        {
          "format": "Shorten",
          "filename": "gd69-02-14d1t03.shn"
        }
      ]
    },
    {
      "track": "4",
      "title": "Saint Stephen",
      "duration": 279.23,
      "formats": [
        {
          "format": "VBR MP3",
          "filename": "gd69-02-14d1t04.mp3",
          "bitrate": "176"
        },
        {
          "format": "Shorten",
          "filename": "gd69-02-14d1t04.shn"
        }
      ]
    },
    {
      "track": "5",
      "title": "The Eleven",
      "duration": 567.86,
      "formats": [
        {
          "format": "VBR MP3",
          "filename": "gd69-02-14d1t05.mp3",
          "bitrate": "186"
        },
        {
          "format": "Shorten",
          "filename": "gd69-02-14d1t05.shn"
        }
      ]
    },
    {
      "track": "6",
      "title": "Turn on Your Lovelight",
      "duration": 472.47,
      "formats": [
        {
          "format": "VBR MP3",
          "filename": "gd69-02-14d1t06.mp3",
          "bitrate": "177"
        },
        {
          "format": "Shorten",
          "filename": "gd69-02-14d1t06.shn"
        }
      ]
    },
    {
      "track": "7",
      "title": "Morning Dew",
      "duration": 371.75,
      "formats": [
        {
          "format": "VBR MP3",
          "filename": "gd69-02-14d2t01.mp3",
          "bitrate": "172"
        },
        {
          "format": "Shorten",
          "filename": "gd69-02-14d2t01.shn"
        }
      ]
    },
    {
      "track": "8",
      "title": "Cryptical Envelopment",
      "duration": 75.11,
      "formats": [
        {
          "format": "VBR MP3",
          "filename": "gd69-02-14d2t02.mp3",
          "bitrate": "189"
        },
        {
          "format": "Shorten",
          "filename": "gd69-02-14d2t02.shn"
        }
      ]
    },
    {
      "track": "9",
      "title": "The Other One",
      "duration": 338.38,
      "formats": [
        {
          "format": "VBR MP3",
          "filename": "gd69-02-14d2t03.mp3",
          "bitrate": "191"
        },
        {
          "format": "Shorten",
          "filename": "gd69-02-14d2t03.shn"
        }
      ]
    },
    {
      "track": "10",
      "title": "Cryptical Envelopment",
      "duration": 462.5,
      "formats": [
        {
          "format": "VBR MP3",
          "filename": "gd69-02-14d2t04.mp3",
          "bitrate": "189"
        },
        {
          "format": "Shorten",
          "filename": "gd69-02-14d2t04.shn"
        }
      ]
    },
    {
      "track": "11",
      "title": "Death Don't Have No Mercy",
      "duration": 481.7,
      "formats": [
        {
          "format": "VBR MP3",
          "filename": "gd69-02-14d2t05.mp3",
          "bitrate": "185"
        },
        {
          "format": "Shorten",
          "filename": "gd69-02-14d2t05.shn"
        }
      ]
    }
  ]
}