{
  "rating": 2.3833333333333333,
  "review_count": 30,
  "source_type": "UNKNOWN",
  "confidence": 1.0,
  "date": "1969-05-31",
  "venue": "McArthur Court, University of Oregon",
  "location": "Eugene, OR",
  "raw_rating": 4.766666666666667,
  "high_ratings": 30,
  "low_ratings": 0,
  "tracks": [
    {
      "track": "1",
      "title": "Hard to Handle",
      "duration": 168.31,
      "formats": [
        {
          "format": "VBR MP3",
          "filename": "gd69-05-31d1t01.mp3",
          "bitrate": "179"
        },
        {
          "format": "Shorten",
          "filename": "gd69-05-31d1t01.shn"
        }
      ]
    },
    {
      "track": "2",
      "title": "Cold Rain and Snow",
      "duration": 155.38,
      "formats": [
        {
          "format": "VBR MP3",
          "filename": "gd69-05-31d1t02.mp3",
          "bitrate": "179"
        },
        {
          "format": "Shorten",
          "filename": "gd69-05-31d1t02.shn"
        }
      ]
    },
    {
      "track": "3",
      "title": "Yellow Dog Story",
      "duration": 316.11,
      "formats": [
        {
          "format": "VBR MP3",
          "filename": "gd69-05-31d1t03.mp3",
          "bitrate": "176"
        },
        {
          "format": "Shorten",
          "filename": "gd69-05-31d1t03.shn"
        }
      ]
    },
    {
      "track": "4",
      "title": "Green Grass",
      "duration": 161.35,
      "formats": [
        {
          "format": "VBR MP3",
          "filename": "gd69-05-31d1t04.mp3",
          "bitrate": "175"
        },
        {
          "format": "Shorten",
          "filename": "gd69-05-31d1t04.shn"
        }
      ]
    },
    {
      "track": "5",
      "title": "Me and My Uncle",
      "duration": 126.34,
      "formats": [
        {
          "format": "VBR MP3",
          "filename": "gd69-05-31d1t05.mp3",
          "bitrate": "177"
        },
        {
          "format": "Shorten",
          "filename": "gd69-05-31d1t05.shn"
        }
      ]
    },
    {
      "track": "6",
      "title": "Cryptical Envelopment",
      "duration": 65.88,
      "formats": [
        {
          "format": "VBR MP3",
          "filename": "gd69-05-31d1t06.mp3",
          "bitrate": "176"
        },
        {
          "format": "Shorten",
          "filename": "gd69-05-31d1t06.shn"
        }
      ]
    },
    {
      "track": "7",
      "title": "Drums",
      "duration": 26.71,
      "formats": [
        {
          "format": "VBR MP3",
          "filename": "gd69-05-31d1t07.mp3",
          "bitrate": "183"
        },
        {
          "format": "Shorten",
          "filename": "gd69-05-31d1t07.shn"
        }
      ]
    },
    {
      "track": "8",
      "title": "The Other One",
      "duration": 390.52,
      "formats": [
        {
          "format": "VBR MP3",
          "filename": "gd69-05-31d1t08.mp3",
          "bitrate": "181"
        },
        {
          "format": "Shorten",
          "filename": "gd69-05-31d1t08.shn"
        }
      ]
    },
    {
      "track": "9",
      "title": "Cryptical Envelopment",
      "duration": 107.53,
      "formats": [
        {
          "format": "VBR MP3",
          "filename": "gd69-05-31d1t09.mp3",
          "bitrate": "181"
        },
        {
          "format": "Shorten",
          "filename": "gd69-05-31d1t09.shn"
        }
      ]
    },
    {
      "track": "10",
      "title": "Sitting on Top of the World",
      "duration": 156.09,
      "formats": [
        {
          "format": "VBR MP3",
          "filename": "gd69-05-31d1t10.mp3",
          "bitrate": "181"
        },
        {
          "format": "Shorten",
          "filename": "gd69-05-31d1t10.shn"
        }
      ]
    },
    {
      "track": "11",
      "title": "Hurts Me Too",
      "duration": 216.24,
      "formats": [
        {
          "format": "VBR MP3",
          "filename": "gd69-05-31d1t11.mp3",
          "bitrate": "180"
        },
        {
          "format": "Shorten",
          "filename": "gd69-05-31d1t11.shn"
        }
      ]
    },
    {
      "track": "12",
      "title": "It's All Over Now Baby Blue",
      "duration": 299.51,
      "formats": [
        {
          "format": "VBR MP3",
          "filename": "gd69-05-31d1t12.mp3",
          "bitrate": "177"
        },
        {
          "format": "Shorten",
          "filename": "gd69-05-31d1t12.shn"
        }
      ]
    },
    {
      "track": "13",
      "title": "And We Bid You Goodnight",
      "duration": 110.24,
      "formats": [
        {
          "format": "VBR MP3",
          "filename": "gd69-05-31d1t13.mp3",
          "bitrate": "176"
        },
        {
          "format": "Shorten",
          "filename": "gd69-05-31d1t13.shn"
        }
      ]
    },
    {
      "track": "14",
      "title": "Turn On Your Lovelight",
      "duration": 1036.36,
      "formats": [
        {
          "format": "VBR MP3",
          "filename": "gd69-05-31d2t01.mp3",
          "bitrate": "182"
        },
        {
          "format": "Shorten",
          "filename": "gd69-05-31d2t01.shn"
        }
      ]
    },
    {
      "track": "15",
      "title": "He Was A Friend of Mine",
      "duration": 468.12,
      "formats": [
        {
          "format": "VBR MP3",
          "filename": "gd69-05-31d2t02.mp3",
          "bitrate": "178"
        },
        {
          "format": "Shorten",
          "filename": "gd69-05-31d2t02.shn"
        }
      ]
    },
    {
      "track": "16",
      "title": "Dark Star",
      "duration": 826.55,
      "formats": [
        {
          "format": "VBR MP3",
          "filename": "gd69-05-31d2t03.mp3",
          "bitrate": "179"
        },
        {
          "format": "Shorten",
          "filename": "gd69-05-31d2t03.shn"
        }
      ]
    },
    {
      "track": "17",
      "title": "Doin' That Rag",
      "duration": 157.99,
      "formats": [
        {
          "format": "VBR MP3",
          "filename": "gd69-05-31d2t04.mp3",
          "bitrate": "178"
        },
        {
          "format": "Shorten",
          "filename": "gd69-05-31d2t04.shn"
        }
      ]
    },
    {
      "track": "18",
      "title": "Cosmic Charlie",
      "duration": 19.81,
      "formats": [
        {
          "format": "VBR MP3",
          "filename": "gd69-05-31d2t05.mp3",
          "bitrate": "175"
        },
        {
          "format": "Shorten",
          "filename": "gd69-05-31d2t05.shn"
        }
      ]
    }
  ]
}