{
  "rating": 1.7916666666666667,
  "review_count": 12,
  "source_type": "UNKNOWN",
  "confidence": 1.0,
  "date": "1969-08-02",
  "venue": "Family Dog at the Great Highway",
  "location": "San Francisco, CA",
  "raw_rating": 3.5833333333333335,
  "high_ratings": 6,
  "low_ratings": 0,
  "tracks": [
    {
      "track": "1",
      "title": "Casey Jones",
      "duration": 528.3,
      "formats": [
        {
          "format": "Flac",
          "filename": "gd69-08-02d1t01.flac"
        },
        {
          "format": "VBR MP3",
          "filename": "gd69-08-02d1t01.mp3",
          "bitrate": "177"
        }
      ]
    },
    {
      "track": "2",
      "title": "Hard To Handle",
      "duration": 515.4,
      "formats": [
        {
          "format": "Flac",
          "filename": "gd69-08-02d1t02.flac"
        },
        {
          "format": "VBR MP3",
          "filename": "gd69-08-02d1t02.mp3",
          "bitrate": "179"
        }
      ]
    },
    {
      "track": "3",
      "title": "Mama Tried",
      "duration": 180.58,
      "formats": [
        {
          "format": "Flac",
          "filename": "gd69-08-02d1t03.flac"
        },
        {
          "format": "VBR MP3",
          "filename": "gd69-08-02d1t03.mp3",
          "bitrate": "176"
        }
      ]
    },
    {
      "track": "4",
      "title": "High Time",
      "duration": 370.72,
      "formats": [
        {
          "format": "Flac",
          "filename": "gd69-08-02d1t04.flac"
        },
        {
          "format": "VBR MP3",
          "filename": "gd69-08-02d1t04.mp3",
          "bitrate": "178"
        }
      ]
    },
    {
      "track": "5",
      "title": "Seasons",
      "duration": 218.04,
      "formats": [
        {
          "format": "Flac",
          "filename": "gd69-08-02d1t05.flac"
        },
        {
          "format": "VBR MP3",
          "filename": "gd69-08-02d1t05.mp3",
          "bitrate": "177"
        }
      ]
    },
    {
      "track": "6",
      "title": "Slewfoot",
      "duration": 194.98,
      "formats": [
        {
          "format": "Flac",
          "filename": "gd69-08-02d1t06.flac"
        },
        {
          "format": "VBR MP3",
          "filename": "gd69-08-02d1t06.mp3",
          "bitrate": "175"
        }
      ]
    },
    {
      "track": "7",
      "title": "Big Boss Man//",
      "duration": 95.93,
      "formats": [
        {
          "format": "Flac",
          "filename": "gd69-08-02d1t07.flac"
        },
        {
          "format": "VBR MP3",
          "filename": "gd69-08-02d1t07.mp3",
          "bitrate": "176"
        }
      ]
    },
    {
      "track": "8",
      "title": "//Cryptical Envelopment ->",
      "duration": 74.18,
      "formats": [
        {
          "format": "Flac",
          "filename": "gd69-08-02d2t01.flac"
        },
        {
          "format": "VBR MP3",
          "filename": "gd69-08-02d2t01.mp3",
          "bitrate": "175"
        }
      ]
    },
    {
      "track": "9",
      "title": "Drums ->",
      "duration": 47.02,
      "formats": [
        {
          "format": "Flac",
          "filename": "gd69-08-02d2t02.flac"
        },
        {
          "format": "VBR MP3",
          "filename": "gd69-08-02d2t02.mp3",
          "bitrate": "181"
        }
      ]
    },
    {
      "track": "10",
      "title": "The Other One ->",
      "duration": 942.33,
      "formats": [
        {
          "format": "Flac",
          "filename": "gd69-08-02d2t03.flac"
        },
        {
          "format": "VBR MP3",
          "filename": "gd69-08-02d2t03.mp3",
          "bitrate": "176"
        }
      ]
    },
    {
      "track": "11",
      "title": "Cryptical Envelopment ->",
      "duration": 421.85,
      "formats": [
        {
          "format": "Flac",
          "filename": "gd69-08-02d2t04.flac"
        },
        {
          "format": "VBR MP3",
          "filename": "gd69-08-02d2t04.mp3",
          "bitrate": "176"
        }
      ]
    },
    {
      "track": "12",
      "title": "Turn On Your Lovelight",
      "duration": 1637.62,
      "formats": [
        {
          "format": "Flac",
          "filename": "gd69-08-02d2t05.flac"
        },
        {
          "format": "VBR MP3",
          "filename": "gd69-08-02d2t05.mp3",
          "bitrate": "175"
        }
      ]
    }
  ]
}