{
  "rating": 2.0,
  "review_count": 18,
  "source_type": "UNKNOWN",
  "confidence": 1.0,
  "date": "1969-07-11",
  "venue": "NY State Pavilion, Flushing Meadow Park",
  "location": "Queens, NY",
  "raw_rating": 4.0,
  "high_ratings": 12,
  "low_ratings": 2,
  "tracks": [
    {
      "track": "1",
      "title": "Introduction",
      "duration": 140.49,
      "formats": [
        {
          "format": "VBR MP3",
          "filename": "gd69-07-11d1t01.mp3",
          "bitrate": "183"
        },
        {
          "format": "Shorten",
          "filename": "gd69-07-11d1t01.shn"
        }
      ]
    },
    {
      "track": "2",
      "title": "Dupree's Diamond Blues",
      "duration": 138.14,
      "formats": [
        {
          "format": "VBR MP3",
          "filename": "gd69-07-11d1t02.mp3",
          "bitrate": "198"
        },
        {
          "format": "Shorten",
          "filename": "gd69-07-11d1t02.shn"
        }
      ]
    },
    {
      "track": "3",
      "title": "Dire Wolf",
      "duration": 160.25,
      "formats": [
        {
          "format": "VBR MP3",
          "filename": "gd69-07-11d1t03.mp3",
          "bitrate": "191"
        },
        {
          "format": "Shorten",
          "filename": "gd69-07-11d1t03.shn"
        }
      ]
    },
    {
      "track": "4",
      "title": "Hard to Handle",
      "duration": 161.31,
      "formats": [
        {
          "format": "VBR MP3",
          "filename": "gd69-07-11d1t04.mp3",
          "bitrate": "201"
        },
        {
          "format": "Shorten",
          "filename": "gd69-07-11d1t04.shn"
        }
      ]
    },
    {
      "track": "5",
      "title": "Silver Threads and Golden Needles",
      "duration": 158.73,
      "formats": [
        {
          "format": "VBR MP3",
          "filename": "gd69-07-11d1t05.mp3",
          "bitrate": "190"
        },
        {
          "format": "Shorten",
          "filename": "gd69-07-11d1t05.shn"
        }
      ]
    },
    {
      "track": "6",
      "title": "Casey Jones",
      "duration": 202.44,
      "formats": [
        {
          "format": "VBR MP3",
          "filename": "gd69-07-11d1t06.mp3",
          "bitrate": "207"
        },
        {
          "format": "Shorten",
          "filename": "gd69-07-11d1t06.shn"
        }
      ]
    },
    {
      "track": "7",
      "title": "Sitting On Top Of The World",
      "duration": 114.08,
      "formats": [
        {
          "format": "VBR MP3",
          "filename": "gd69-07-11d1t07.mp3",
          "bitrate": "209"
        },
        {
          "format": "Shorten",
          "filename": "gd69-07-11d1t07.shn"
        }
      ]
    },
    {
      "track": "8",
      "title": "Big Boss Man",
      "duration": 212.32,
      "formats": [
        {
          "format": "VBR MP3",
          "filename": "gd69-07-11d1t08.mp3",
          "bitrate": "196"
        },
        {
          "format": "Shorten",
          "filename": "gd69-07-11d1t08.shn"
        }
      ]
    },
    {
      "track": "9",
      "title": "Mama Tried",
      "duration": 122.91,
      "formats": [
        {
          "format": "VBR MP3",
          "filename": "gd69-07-11d1t09.mp3",
          "bitrate": "194"
        },
        {
          "format": "Shorten",
          "filename": "gd69-07-11d1t09.shn"
        }
      ]
    },
    {
      "track": "10",
      "title": "High Time",
      "duration": 64.98,
      "formats": [
        {
          "format": "VBR MP3",
          "filename": "gd69-07-11d1t10.mp3",
          "bitrate": "181"
        },
        {
          "format": "Shorten",
          "filename": "gd69-07-11d1t10.shn"
        }
      ]
    },
    {
      "track": "11",
      "title": "Alligator",
      "duration": 114.29,
      "formats": [
        {
          "format": "VBR MP3",
          "filename": "gd69-07-11d2t01.mp3",
          "bitrate": "171"
        },
        {
          "format": "Shorten",
          "filename": "gd69-07-11d2t01.shn"
        }
      ]
    },
    {
      "track": "12",
      "title": "Drums",
      "duration": 194.77,
      "formats": [
        {
          "format": "VBR MP3",
          "filename": "gd69-07-11d2t02.mp3",
          "bitrate": "193"
        },
        {
          "format": "Shorten",
          "filename": "gd69-07-11d2t02.shn"
        }
      ]
    },
    {
      "track": "13",
      "title": "Jam",
      "duration": 472.88,
      "formats": [
        {
          "format": "VBR MP3",
          "filename": "gd69-07-11d2t03.mp3",
          "bitrate": "205"
        },
        {
          "format": "Shorten",
          "filename": "gd69-07-11d2t03.shn"
        }
      ]
    },
    {
      "track": "14",
      "title": "The Other One",
      "duration": 265.9,
      "formats": [
        {
          "format": "VBR MP3",
          "filename": "gd69-07-11d2t04.mp3",
          "bitrate": "209"
        },
        {
          "format": "Shorten",
          "filename": "gd69-07-11d2t04.shn"
        }
      ]
    },
    {
      "track": "15",
      "title": "Death Don't Have No Mercy",
      "duration": 328.64,
      "formats": [
        {
          "format": "VBR MP3",
          "filename": "gd69-07-11d2t05.mp3",
          "bitrate": "191"
        },
        {
          "format": "Shorten",
          "filename": "gd69-07-11d2t05.shn"
        }
      ]
    },
    {
      "track": "16",
      "title": "Turn On Your Lovelight",
      "duration": 278.69,
      "formats": [
        {
          "format": "VBR MP3",
          "filename": "gd69-07-11d2t06.mp3",
          "bitrate": "211"
        },
        {
          "format": "Shorten",
          "filename": "gd69-07-11d2t06.shn"
        }
      ]
    }
  ]
}