{
  "rating": 2.5,
  "review_count": 29,
  "source_type": "UNKNOWN",
  "confidence": 1.0,
  "date": "1969-03-01",
  "venue": "Fillmore West",
  "location": "San Francisco, CA",
  "raw_rating": 5.0,
  "high_ratings": 29,
  "low_ratings": 0,
  "tracks": [
    {
      "track": "1",
      "title": "Bill Graham Intro",
      "duration": 26.13,
      "formats": [
        {
          "format": "VBR MP3",
          "filename": "gd69-03-01d1t01.mp3",
          "bitrate": "174"
        },
        {
          "format": "Shorten",
          "filename": "gd69-03-01d1t01.shn"
        }
      ]
    },
    {
      "track": "2",
      "title": "Cryptical Envelopment",
      "duration": 64.45,
      "formats": [
        {
          "format": "VBR MP3",
          "filename": "gd69-03-01d1t02.mp3",
          "bitrate": "177"
        },
        {
          "format": "Shorten",
          "filename": "gd69-03-01d1t02.shn"
        }
      ]
    },
    {
      "track": "3",
      "title": "Drums",
      "duration": 5.68,
      "formats": [
        {
          "format": "VBR MP3",
          "filename": "gd69-03-01d1t03.mp3",
          "bitrate": "189"
        },
        {
          "format": "Shorten",
          "filename": "gd69-03-01d1t03.shn"
        }
      ]
    },
    {
      "track": "4",
      "title": "The Other One",
      "duration": 403.5,
      "formats": [
        {
          "format": "VBR MP3",
          "filename": "gd69-03-01d1t04.mp3",
          "bitrate": "192"
        },
        {
          "format": "Shorten",
          "filename": "gd69-03-01d1t04.shn"
        }
      ]
    },
    {
      "track": "5",
      "title": "Cryptical Envelopment",
      "duration": 322.1,
      "formats": [
        {
          "format": "VBR MP3",
          "filename": "gd69-03-01d1t05.mp3",
          "bitrate": "190"
        },
        {
          "format": "Shorten",
          "filename": "gd69-03-01d1t05.shn"
        }
      ]
    },
    {
      "track": "6",
      "title": "New Potato Caboose",
      "duration": 426.43,
      "formats": [
        {
          "format": "VBR MP3",
          "filename": "gd69-03-01d1t06.mp3",
          "bitrate": "185"
        },
        {
          "format": "Shorten",
          "filename": "gd69-03-01d1t06.shn"
        }
      ]
    },
    {
      "track": "7",
      "title": "Doin' That Rag",
      "duration": 217.2,
      "formats": [
        {
          "format": "VBR MP3",
          "filename": "gd69-03-01d1t07.mp3",
          "bitrate": "183"
        },
        {
          "format": "Shorten",
          "filename": "gd69-03-01d1t07.shn"
        }
      ]
    },
    {
      "track": "8",
      "title": "Cosmic Charlie",
      "duration": 214.42,
      "formats": [
        {
          "format": "VBR MP3",
          "filename": "gd69-03-01d1t08.mp3",
          "bitrate": "181"
        },
        {
          "format": "Shorten",
          "filename": "gd69-03-01d1t08.shn"
        }
      ]
    },
    {
      "track": "9",
      "title": "Bill Graham Intro",
      "duration": 22.33,
      "formats": [
        {
          "format": "VBR MP3",
          "filename": "gd69-03-01d2t01.mp3",
          "bitrate": "173"
        },
        {
          "format": "Shorten",
          "filename": "gd69-03-01d2t01.shn"
        }
      ]
    },
    {
      "track": "10",
      "title": "Dupree's Diamond Blues",
      "duration": 130.74,
      "formats": [
        {
          "format": "VBR MP3",
          "filename": "gd69-03-01d2t02.mp3",
          "bitrate": "180"
        },
        {
          "format": "Shorten",
          "filename": "gd69-03-01d2t02.shn"
        }
      ]
    },
    {
      "track": "11",
      "title": "Mountains of the Moon",
      "duration": 131.35,
      "formats": [
        {
          "format": "VBR MP3",
          "filename": "gd69-03-01d2t03.mp3",
          "bitrate": "171"
        },
        {
          "format": "Shorten",
          "filename": "gd69-03-01d2t03.shn"
        }
      ]
    },
    {
      "track": "12",
      "title": "Dark Star",
      "duration": 727.13,
      "formats": [
        {
          "format": "VBR MP3",
          "filename": "gd69-03-01d2t04.mp3",
          "bitrate": "187"
        },
        {
          "format": "Shorten",
          "filename": "gd69-03-01d2t04.shn"
        }
      ]
    },
    {
      "track": "13",
      "title": "Saint Stephen",
      "duration": 183.73,
      "formats": [
        {
          "format": "VBR MP3",
          "filename": "gd69-03-01d2t05.mp3",
          "bitrate": "180"
        },
        {
          "format": "Shorten",
          "filename": "gd69-03-01d2t05.shn"
        }
      ]
    },
    {
      "track": "14",
      "title": "William Tell",
      "duration": 35.48,
      "formats": [
        {
          "format": "VBR MP3",
          "filename": "gd69-03-01d2t06.mp3",
          "bitrate": "173"
        },
        {
          "format": "Shorten",
          "filename": "gd69-03-01d2t06.shn"
        }
      ]
    },
    {
      "track": "15",
      "title": "The Eleven",
      "duration": 245.45,
      "formats": [
        {
          "format": "VBR MP3",
          "filename": "gd69-03-01d2t07.mp3",
          "bitrate": "191"
        },
        {
          "format": "Shorten",
          "filename": "gd69-03-01d2t07.shn"
        }
      ]
    },
    {
      "track": "16",
      "title": "Turn On Your Lovelight",
      "duration": 615.16,
      "formats": [
        {
          "format": "VBR MP3",
          "filename": "gd69-03-01d2t08.mp3",
          "bitrate": "183"
        },
        {
          "format": "Shorten",
          "filename": "gd69-03-01d2t08.shn"
        }
      ]
    },
    {
      "track": "17",
      "title": "Tuning",
      "duration": 165.27,
      "formats": [
        {
          "format": "VBR MP3",
          "filename": "gd69-03-01d2t09.mp3",
          "bitrate": "176"
        },
        {
          "format": "Shorten",
          "filename": "gd69-03-01d2t09.shn"
        }
      ]
    },
    {
      "track": "18",
      "title": "Hey Jude",
      "duration": 261.21,
      "formats": [
        {
          "format": "VBR MP3",
          "filename": "gd69-03-01d2t10.mp3",
          "bitrate": "180"
        },
        {
          "format": "Shorten",
          "filename": "gd69-03-01d2t10.shn"
        }
      ]
    }
  ]
}