{
  "rating": 2.3181818181818183,
  "review_count": 11,
  "source_type": "UNKNOWN",
  "confidence": 1.0,
  "date": "1969-02-07",
  "venue": "Stanley Theater",
  "location": "Pittsburgh, PA",
  "raw_rating": 4.636363636363637,
  "high_ratings": 11,
  "low_ratings": 0,
  "tracks": [
    {
      "track": "1",
      "title": "George Washington Story",
      "duration": 41.78,
      "formats": [
        {
          "format": "VBR MP3",
          "filename": "gd69-02-07late_d1t01.mp3",
          "bitrate": "180"
        },
        {
          "format": "Shorten",
          "filename": "gd69-02-07late_d1t01.shn"
        }
      ]
    },
    {
      "track": "2",
      "title": "Cryptical Envelopment->",
      "duration": 59.87,
      "formats": [
        {
          "format": "VBR MP3",
          "filename": "gd69-02-07late_d1t02.mp3",
          "bitrate": "174"
        },
        {
          "format": "Shorten",
          "filename": "gd69-02-07late_d1t02.shn"
        }
      ]
    },
    {
      "track": "3",
      "title": "The Other One->",
      "duration": 254.26,
      "formats": [
        {
          "format": "VBR MP3",
          "filename": "gd69-02-07late_d1t03.mp3",
          "bitrate": "175"
        },
        {
          "format": "Shorten",
          "filename": "gd69-02-07late_d1t03.shn"
        }
      ]
    },
    {
      "track": "4",
      "title": "Cryptical Envelopment->",
      "duration": 304.3,
      "formats": [
        {
          "format": "VBR MP3",
          "filename": "gd69-02-07late_d1t04.mp3",
          "bitrate": "175"
        },
        {
          "format": "Shorten",
          "filename": "gd69-02-07late_d1t04.shn"
        }
      ]
    },
    {
      "track": "5",
      "title": "Death Don't Have No Mercy",
      "duration": 373.47,
      "formats": [
        {
          "format": "VBR MP3",
          "filename": "gd69-02-07late_d1t05.mp3",
          "bitrate": "177"
        },
        {
          "format": "Shorten",
          "filename": "gd69-02-07late_d1t05.shn"
        }
      ]
    },
    {
      "track": "6",
      "title": "Alligator->",
      "duration": 130.25,
      "formats": [
        {
          "format": "VBR MP3",
          "filename": "gd69-02-07late_d1t06.mp3",
          "bitrate": "174"
        },
        {
          "format": "Shorten",
          "filename": "gd69-02-07late_d1t06.shn"
        }
      ]
    },
    {
      "track": "7",
      "title": "Drums->",
      "duration": 126.75,
      "formats": [
        {
          "format": "VBR MP3",
          "filename": "gd69-02-07late_d1t07.mp3",
          "bitrate": "182"
        },
        {
          "format": "Shorten",
          "filename": "gd69-02-07late_d1t07.shn"
        }
      ]
    },
    {
      "track": "8",
      "title": "Jam->",
      "duration": 38.39,
      "formats": [
        {
          "format": "VBR MP3",
          "filename": "gd69-02-07late_d1t08.mp3",
          "bitrate": "176"
        },
        {
          "format": "Shorten",
          "filename": "gd69-02-07late_d1t08.shn"
        }
      ]
    },
    {
      "track": "9",
      "title": "China Cat jam->",
      "duration": 44.67,
      "formats": [
        {
          "format": "VBR MP3",
          "filename": "gd69-02-07late_d1t09.mp3",
          "bitrate": "175"
        },
        {
          "format": "Shorten",
          "filename": "gd69-02-07late_d1t09.shn"
        }
      ]
    },
    {
      "track": "10",
      "title": "Primal Alligator Jam->",
      "duration": 260.24,
      "formats": [
        {
          "format": "VBR MP3",
          "filename": "gd69-02-07late_d1t10.mp3",
          "bitrate": "174"
        },
        {
          "format": "Shorten",
          "filename": "gd69-02-07late_d1t10.shn"
        }
      ]
    },
    {
      "track": "11",
      "title": "Caution (Do Not Stop On Tracks)->",
      "duration": 230.57,
      "formats": [
        {
          "format": "VBR MP3",
          "filename": "gd69-02-07late_d1t11.mp3",
          "bitrate": "176"
        },
        {
          "format": "Shorten",
          "filename": "gd69-02-07late_d1t11.shn"
        }
      ]
    },
    {
      "track": "12",
      "title": "Feedback->",
      "duration": 151.57,
      "formats": [
        {
          "format": "VBR MP3",
          "filename": "gd69-02-07late_d1t12.mp3",
          "bitrate": "176"
        },
        {
          "format": "Shorten",
          "filename": "gd69-02-07late_d1t12.shn"
        }
      ]
    },
    {
      "track": "13",
      "title": "And We Bid You Good Night",
      "duration": 54.06,
      "formats": [
        {
          "format": "VBR MP3",
          "filename": "gd69-02-07late_d1t13.mp3",
          "bitrate": "179"
        },
        {
          "format": "Shorten",
          "filename": "gd69-02-07late_d1t13.shn"
        }
      ]
    }
  ]
}