{
  "rating": 2.265625,
  "review_count": 32,
  "source_type": "UNKNOWN",
  "confidence": 1.0,
  "date": "1969-06-14",
  "venue": "Monterey Performing Arts Center",
  "location": "Monterey, CA",
  "raw_rating": 4.53125,
  "high_ratings": 30,
  "low_ratings": 1,
  "tracks": [
    {
      "track": "1",
      "title": "Dark Star",
      "duration": 915.46,
      "formats": [
        {
          "format": "VBR MP3",
          "filename": "GD69-06-14--d2t01.mp3",
          "bitrate": "192"
        },
        {
          "format": "Shorten",
          "filename": "GD69-06-14--d2t01.shn"
        },
        {
          "format": "VBR MP3",
          "filename": "GD69-06-14d1t01.mp3",
          "bitrate": "194"
        },
        {
          "format": "Shorten",
          "filename": "GD69-06-14d1t01.shn"
        }
      ]
    },
    {
      "track": "2",
      "title": "Saint Stephen",
      "duration": 112.98,
      "formats": [
        {
          "format": "VBR MP3",
          "filename": "GD69-06-14--d2t02.mp3",
          "bitrate": "194"
        },
        {
          "format": "Shorten",
          "filename": "GD69-06-14--d2t02.shn"
        },
        {
          "format": "VBR MP3",
          "filename": "GD69-06-14d1t02.mp3",
          "bitrate": "194"
        },
        {
          "format": "Shorten",
          "filename": "GD69-06-14d1t02.shn"
        }
      ]
    },
    {
      "track": "3",
      "title": "The Eleven",
      "duration": 250.55,
      "formats": [
        {
          "format": "VBR MP3",
          "filename": "GD69-06-14--d2t03.mp3",
          "bitrate": "197"
        },
        {
          "format": "Shorten",
          "filename": "GD69-06-14--d2t03.shn"
        },
        {
          "format": "VBR MP3",
          "filename": "GD69-06-14d1t03.mp3",
          "bitrate": "193"
        },
        {
          "format": "Shorten",
          "filename": "GD69-06-14d1t03.shn"
        }
      ]
    },
    {
      "track": "4",
      "title": "Turn On Your Lovelight",
      "duration": 321.91,
      "formats": [
        {
          "format": "VBR MP3",
          "filename": "GD69-06-14--d2t04.mp3",
          "bitrate": "192"
        },
        {
          "format": "Shorten",
          "filename": "GD69-06-14--d2t04.shn"
        },
        {
          "format": "VBR MP3",
          "filename": "GD69-06-14d1t04.mp3",
          "bitrate": "185"
        },
        {
          "format": "Shorten",
          "filename": "GD69-06-14d1t04.shn"
        }
      ]
    },
    {
      "track": "5",
      "title": "Drums",
      "duration": 109.37,
      "formats": [
        {
          "format": "VBR MP3",
          "filename": "GD69-06-14--d2t05.mp3",
          "bitrate": "190"
        },
        {
          "format": "Shorten",
          "filename": "GD69-06-14--d2t05.shn"
        },
        {
          "format": "VBR MP3",
          "filename": "GD69-06-14d1t05.mp3",
          "bitrate": "180"
        },
        {
          "format": "Shorten",
          "filename": "GD69-06-14d1t05.shn"
        }
      ]
    },
    {
      "track": "6",
      "title": "Turn On Your Lovelight",
      "duration": 255.75,
      "formats": [
        {
          "format": "VBR MP3",
          "filename": "GD69-06-14--d2t06.mp3",
          "bitrate": "194"
        },
        {
          "format": "Shorten",
          "filename": "GD69-06-14--d2t06.shn"
        }
      ]
    }
  ]
}