{
  "rating": 2.0434782608695654,
  "review_count": 46,
  "source_type": "UNKNOWN",
  "confidence": 1.0,
  "date": "1969-08-16",
  "venue": "Max Yasgur's Farm",
  "location": "Bethel, NY",
  "raw_rating": 4.086956521739131,
  "high_ratings": 33,
  "low_ratings": 3,
  "tracks": [
    {
      "track": "1",
      "title": "Introduction",
      "duration": 90.31,
      "formats": [
        {
          "format": "VBR MP3",
          "filename": "gd69-08-16d1t01.mp3",
          "bitrate": "179"
        },
        {
          "format": "Shorten",
          "filename": "gd69-08-16d1t01.shn"
        }
      ]
    },
    {
      "track": "2",
      "title": "Saint Stephen",
      "duration": 73.98,
      "formats": [
        {
          "format": "VBR MP3",
          "filename": "gd69-08-16d1t02.mp3",
          "bitrate": "187"
        },
        {
          "format": "Shorten",
          "filename": "gd69-08-16d1t02.shn"
        }
      ]
    },
    {
      "track": "3",
      "title": "Mama Tried",
      "duration": 97.63,
      "formats": [
        {
          "format": "VBR MP3",
          "filename": "gd69-08-16d1t03.mp3",
          "bitrate": "184"
        },
        {
          "format": "Shorten",
          "filename": "gd69-08-16d1t03.shn"
        }
      ]
    },
    {
      "track": "4",
      "title": "High Time Tease",
      "duration": 12.35,
      "formats": [
        {
          "format": "VBR MP3",
          "filename": "gd69-08-16d1t04.mp3",
          "bitrate": "165"
        },
        {
          "format": "Shorten",
          "filename": "gd69-08-16d1t04.shn"
        }
      ]
    },
    {
      "track": "5",
      "title": "Tuning",
      "duration": 287.63,
      "formats": [
        {
          "format": "VBR MP3",
          "filename": "gd69-08-16d1t05.mp3",
          "bitrate": "168"
        },
        {
          "format": "Shorten",
          "filename": "gd69-08-16d1t05.shn"
        }
      ]
    },
    {
      "track": "6",
      "title": "Dark Star",
      "duration": 644.26,
      "formats": [
        {
          "format": "VBR MP3",
          "filename": "gd69-08-16d1t06.mp3",
          "bitrate": "184"
        },
        {
          "format": "Shorten",
          "filename": "gd69-08-16d1t06.shn"
        }
      ]
    },
    {
      "track": "7",
      "title": "High Time",
      "duration": 176.52,
      "formats": [
        {
          "format": "VBR MP3",
          "filename": "gd69-08-16d1t07.mp3",
          "bitrate": "174"
        },
        {
          "format": "Shorten",
          "filename": "gd69-08-16d1t07.shn"
        }
      ]
    },
    {
      "track": "8",
      "title": "Turn On Your Lovelight",
      "duration": 1385.94,
      "formats": [
        {
          "format": "VBR MP3",
          "filename": "gd69-08-16d2t01.mp3",
          "bitrate": "183"
        },
        {
          "format": "Shorten",
          "filename": "gd69-08-16d2t01.shn"
        }
      ]
    }
  ]
}