{
  "rating": 1.8666666666666667,
  "review_count": 15,
  "source_type": "UNKNOWN",
  "confidence": 1.0,
  "date": "1969-05-10",
  "venue": "Rose Palace",
  "location": "Pasadena, CA",
  "raw_rating": 3.7333333333333334,
  "high_ratings": 9,
  "low_ratings": 0,
  "tracks": [
    {
      "track": "1",
      "title": "Truckin'",
      "duration": 232.4,
      "formats": [
        {
          "format": "VBR MP3",
          "filename": "gd69-05-10d1t01.mp3",
          "bitrate": "196"
        },
        {
          "format": "Shorten",
          "filename": "gd69-05-10d1t01.shn"
        }
      ]
    },
    {
      "track": "2",
      "title": "Hey Little One",
      "duration": 168.44,
      "formats": [
        {
          "format": "VBR MP3",
          "filename": "gd69-05-10d1t02.mp3",
          "bitrate": "188"
        },
        {
          "format": "Shorten",
          "filename": "gd69-05-10d1t02.shn"
        }
      ]
    },
    {
      "track": "3",
      "title": "Uncle John's Band",
      "duration": 238.84,
      "formats": [
        {
          "format": "VBR MP3",
          "filename": "gd69-05-10d1t03.mp3",
          "bitrate": "171"
        },
        {
          "format": "Shorten",
          "filename": "gd69-05-10d1t03.shn"
        }
      ]
    },
    {
      "track": "4",
      "title": "He Was A Friend Of Mine",
      "duration": 134.87,
      "formats": [
        {
          "format": "VBR MP3",
          "filename": "gd69-05-10d1t04.mp3",
          "bitrate": "169"
        },
        {
          "format": "Shorten",
          "filename": "gd69-05-10d1t04.shn"
        }
      ]
    },
    {
      "track": "5",
      "title": "It Must Have Been the Roses",
      "duration": 208.14,
      "formats": [
        {
          "format": "VBR MP3",
          "filename": "gd69-05-10d1t05.mp3",
          "bitrate": "184"
        },
        {
          "format": "Shorten",
          "filename": "gd69-05-10d1t05.shn"
        }
      ]
    },
    {
      "track": "6",
      "title": "Sunrise",
      "duration": 118.23,
      "formats": [
        {
          "format": "VBR MP3",
          "filename": "gd69-05-10d1t06.mp3",
          "bitrate": "186"
        },
        {
          "format": "Shorten",
          "filename": "gd69-05-10d1t06.shn"
        }
      ]
    },
    {
      "track": "7",
      "title": "Intro",
      "duration": 110.98,
      "formats": [
        {
          "format": "VBR MP3",
          "filename": "gd69-05-10d1t07.mp3",
          "bitrate": "166"
        },
        {
          "format": "Shorten",
          "filename": "gd69-05-10d1t07.shn"
        }
      ]
    },
    {
      "track": "8",
      "title": "Hard To Handle",
      "duration": 197.42,
      "formats": [
        {
          "format": "VBR MP3",
          "filename": "gd69-05-10d1t08.mp3",
          "bitrate": "168"
        },
        {
          "format": "Shorten",
          "filename": "gd69-05-10d1t08.shn"
        }
      ]
    },
    {
      "track": "9",
      "title": "Me and My Uncle",
      "duration": 125.73,
      "formats": [
        {
          "format": "VBR MP3",
          "filename": "gd69-05-10d1t09.mp3",
          "bitrate": "166"
        },
        {
          "format": "Shorten",
          "filename": "gd69-05-10d1t09.shn"
        }
      ]
    },
    {
      "track": "10",
      "title": "Morning Dew",
      "duration": 234.98,
      "formats": [
        {
          "format": "VBR MP3",
          "filename": "gd69-05-10d1t10.mp3",
          "bitrate": "168"
        },
        {
          "format": "Shorten",
          "filename": "gd69-05-10d1t10.shn"
        }
      ]
    },
    {
      "track": "11",
      "title": "Yellow Dog Story",
      "duration": 43.01,
      "formats": [
        {
          "format": "VBR MP3",
          "filename": "gd69-05-10d1t11.mp3",
          "bitrate": "164"
        },
        {
          "format": "Shorten",
          "filename": "gd69-05-10d1t11.shn"
        }
      ]
    },
    {
      "track": "12",
      "title": "Doin' That Rag",
      "duration": 193.64,
      "formats": [
        {
          "format": "VBR MP3",
          "filename": "gd69-05-10d1t12.mp3",
          "bitrate": "167"
        },
        {
          "format": "Shorten",
          "filename": "gd69-05-10d1t12.shn"
        }
      ]
    },
    {
      "track": "13",
      "title": "Intro",
      "duration": 16.17,
      "formats": [
        {
          "format": "VBR MP3",
          "filename": "gd69-05-10d2t01.mp3",
          "bitrate": "162"
        },
        {
          "format": "Shorten",
          "filename": "gd69-05-10d2t01.shn"
        }
      ]
    },
    {
      "track": "14",
      "title": "Dark Star",
      "duration": 681.43,
      "formats": [
        {
          "format": "VBR MP3",
          "filename": "gd69-05-10d2t02.mp3",
          "bitrate": "182"
        },
        {
          "format": "Shorten",
          "filename": "gd69-05-10d2t02.shn"
        }
      ]
    },
    {
      "track": "15",
      "title": "Saint Stephen",
      "duration": 318.18,
      "formats": [
        {
          "format": "VBR MP3",
          "filename": "gd69-05-10d2t03.mp3",
          "bitrate": "226"
        },
        {
          "format": "Shorten",
          "filename": "gd69-05-10d2t03.shn"
        }
      ]
    },
    {
      "track": "16",
      "title": "The Eleven",
      "duration": 447.87,
      "formats": [
        {
          "format": "VBR MP3",
          "filename": "gd69-05-10d2t04.mp3",
          "bitrate": "237"
        },
        {
          "format": "Shorten",
          "filename": "gd69-05-10d2t04.shn"
        }
      ]
    },
    {
      "track": "17",
      "title": "Turn On Your Lovelight",
      "duration": 941.05,
      "formats": [
        {
          "format": "VBR MP3",
          "filename": "gd69-05-10d2t05.mp3",
          "bitrate": "171"
        },
        {
          "format": "Shorten",
          "filename": "gd69-05-10d2t05.shn"
        }
      ]
    }
  ]
}