{
  "rating": 2.6133333333333333,
  "review_count": 3,
  "source_type": "AUD",
  "confidence": 0.6,
  "date": "1969-06-27",
  "venue": "Veterans Auditorium",
  "location": "Santa Rosa, CA",
  "raw_rating": 4.666666666666667,
  "high_ratings": 3,
  "low_ratings": 0,
  "tracks": [
    {
      "track": "1",
      "title": "Slewfoot",
      "duration": 130.44,
      "formats": [
        {
          "format": "VBR MP3",
          "filename": "gd6-27-69d1t01.mp3",
          "bitrate": "190"
        },
        {
          "format": "Shorten",
          "filename": "gd6-27-69d1t01.shn"
        }
      ]
    },
    {
      "track": "2",
      "title": "Mama Tried",
      "duration": 102.81,
      "formats": [
        {
          "format": "VBR MP3",
          "filename": "gd6-27-69d1t02.mp3",
          "bitrate": "186"
        },
        {
          "format": "Shorten",
          "filename": "gd6-27-69d1t02.shn"
        }
      ]
    },
    {
      "track": "3",
      "title": "High Time",
      "duration": 194.65,
      "formats": [
        {
          "format": "VBR MP3",
          "filename": "gd6-27-69d1t03.mp3",
          "bitrate": "184"
        },
        {
          "format": "Shorten",
          "filename": "gd6-27-69d1t03.shn"
        }
      ]
    },
    {
      "track": "4",
      "title": "Dupree's Diamond Blues",
      "duration": 161.17,
      "formats": [
        {
          "format": "VBR MP3",
          "filename": "gd6-27-69d1t04.mp3",
          "bitrate": "188"
        },
        {
          "format": "Shorten",
          "filename": "gd6-27-69d1t04.shn"
        }
      ]
    },
    {
      "track": "5",
      "title": "Me and My Uncle",
      "duration": 127.81,
      "formats": [
        {
          "format": "VBR MP3",
          "filename": "gd6-27-69d1t05.mp3",
          "bitrate": "191"
        },
        {
          "format": "Shorten",
          "filename": "gd6-27-69d1t05.shn"
        }
      ]
    },
    {
      "track": "6",
      "title": "Casey Jones",
      "duration": 238.9,
      "formats": [
        {
          "format": "VBR MP3",
          "filename": "gd6-27-69d1t06.mp3",
          "bitrate": "193"
        },
        {
          "format": "Shorten",
          "filename": "gd6-27-69d1t06.shn"
        }
      ]
    },
    {
      "track": "7",
      "title": "Ode to a Hard Core Taper",
      "duration": 106.28,
      "formats": [
        {
          "format": "VBR MP3",
          "filename": "gd6-27-69d1t07.mp3",
          "bitrate": "182"
        },
        {
          "format": "Shorten",
          "filename": "gd6-27-69d1t07.shn"
        }
      ]
    },
    {
      "track": "8",
      "title": "Dire Wolf",
      "duration": 120.19,
      "formats": [
        {
          "format": "VBR MP3",
          "filename": "gd6-27-69D2T01.mp3",
          "bitrate": "192"
        },
        {
          "format": "Shorten",
          "filename": "gd6-27-69D2T01.shn"
        }
      ]
    },
    {
      "track": "9",
      "title": "Sitting on Top of the World",
      "duration": 149.79,
      "formats": [
        {
          "format": "VBR MP3",
          "filename": "gd6-27-69D2T02.mp3",
          "bitrate": "198"
        },
        {
          "format": "Shorten",
          "filename": "gd6-27-69D2T02.shn"
        }
      ]
    },
    {
      "track": "10",
      "title": "Big Boss Man",
      "duration": 222.01,
      "formats": [
        {
          "format": "VBR MP3",
          "filename": "gd6-27-69D2T03.mp3",
          "bitrate": "197"
        },
        {
          "format": "Shorten",
          "filename": "gd6-27-69D2T03.shn"
        }
      ]
    },
    {
      "track": "11",
      "title": "Dark Star",
      "duration": 989.18,
      "formats": [
        {
          "format": "VBR MP3",
          "filename": "gd6-27-69D2T04.mp3",
          "bitrate": "190"
        },
        {
          "format": "Shorten",
          "filename": "gd6-27-69D2T04.shn"
        }
      ]
    },
    {
      "track": "12",
      "title": "Saint Stephen > The Eleven",
      "duration": 366.96,
      "formats": [
        {
          "format": "VBR MP3",
          "filename": "gd6-27-69D2T05.mp3",
          "bitrate": "189"
        },
        {
          "format": "Shorten",
          "filename": "gd6-27-69D2T05.shn"
        }
      ]
    },
    {
      "track": "13",
      "title": "Green, Green Grass of Home",
      "duration": 241.71,
      "formats": [
        {
          "format": "VBR MP3",
          "filename": "gd6-27-69D2T06.mp3",
          "bitrate": "181"
        },
        {
          "format": "Shorten",
          "filename": "gd6-27-69D2T06.shn"
        }
      ]
    },
    {
      "track": "14",
      "title": "It's All Over Now Baby Blue",
      "duration": 313.68,
      "formats": [
        {
          "format": "VBR MP3",
          "filename": "gd6-27-69D2T07.mp3",
          "bitrate": "187"
        },
        {
          "format": "Shorten",
          "filename": "gd6-27-69D2T07.shn"
        }
      ]
    }
  ]
}