{
  "rating": 2.0,
  "review_count": 12,
  "source_type": "UNKNOWN",
  "confidence": 1.0,
  "date": "1969-01-24",
  "venue": "Avalon Ballroom",
  "location": "San Francisco, CA",
  "raw_rating": 4.0,
  "high_ratings": 9,
  "low_ratings": 0,
  "tracks": [
    {
      "track": "1",
      "title": "Intro > Cryptical Envelopment",
      "duration": 65.21,
      "formats": [
        {
          "format": "VBR MP3",
          "filename": "gd69-01-24d1t01.mp3",
          "bitrate": "177"
        },
        {
          "format": "Shorten",
          "filename": "gd69-01-24d1t01.shn"
        }
      ]
    },
    {
      "track": "2",
      "title": "Drumz > The Other One",
      "duration": 257.87,
      "formats": [
        {
          "format": "VBR MP3",
          "filename": "gd69-01-24d1t02.mp3",
          "bitrate": "185"
        },
        {
          "format": "Shorten",
          "filename": "gd69-01-24d1t02.shn"
        }
      ]
    },
    {
      "track": "3",
      "title": "Cryptical Envelopment",
      "duration": 247.99,
      "formats": [
        {
          "format": "VBR MP3",
          "filename": "gd69-01-24d1t03.mp3",
          "bitrate": "180"
        },
        {
          "format": "Shorten",
          "filename": "gd69-01-24d1t03.shn"
        }
      ]
    },
    {
      "track": "4",
      "title": "New Potato Caboose",
      "duration": 466.21,
      "formats": [
        {
          "format": "VBR MP3",
          "filename": "gd69-01-24d1t04.mp3",
          "bitrate": "179"
        },
        {
          "format": "Shorten",
          "filename": "gd69-01-24d1t04.shn"
        }
      ]
    },
    {
      "track": "5",
      "title": "Dupree's Diamond Blues",
      "duration": 150.44,
      "formats": [
        {
          "format": "VBR MP3",
          "filename": "gd69-01-24d1t05.mp3",
          "bitrate": "180"
        },
        {
          "format": "Shorten",
          "filename": "gd69-01-24d1t05.shn"
        }
      ]
    },
    {
      "track": "6",
      "title": "Doin' That Rag",
      "duration": 223.3,
      "formats": [
        {
          "format": "VBR MP3",
          "filename": "gd69-01-24d1t06.mp3",
          "bitrate": "179"
        },
        {
          "format": "Shorten",
          "filename": "gd69-01-24d1t06.shn"
        }
      ]
    },
    {
      "track": "7",
      "title": "End of Set One > Sons of Champlin intro",
      "duration": 50.17,
      "formats": [
        {
          "format": "VBR MP3",
          "filename": "gd69-01-24d2t01.mp3",
          "bitrate": "216"
        },
        {
          "format": "Shorten",
          "filename": "gd69-01-24d2t01.shn"
        }
      ]
    },
    {
      "track": "8",
      "title": "Dark Star",
      "duration": 717.26,
      "formats": [
        {
          "format": "VBR MP3",
          "filename": "gd69-01-24d2t02.mp3",
          "bitrate": "179"
        },
        {
          "format": "Shorten",
          "filename": "gd69-01-24d2t02.shn"
        }
      ]
    },
    {
      "track": "9",
      "title": "Turn on Your Lovelight",
      "duration": 472.07,
      "formats": [
        {
          "format": "VBR MP3",
          "filename": "gd69-01-24d2t03.mp3",
          "bitrate": "185"
        },
        {
          "format": "Shorten",
          "filename": "gd69-01-24d2t03.shn"
        }
      ]
    },
    {
      "track": "10",
      "title": "Drums",
      "duration": 271.72,
      "formats": [
        {
          "format": "VBR MP3",
          "filename": "gd69-01-24d2t04.mp3",
          "bitrate": "190"
        },
        {
          "format": "Shorten",
          "filename": "gd69-01-24d2t04.shn"
        }
      ]
    }
  ]
}