{
  "rating": 2.3444444444444446,
  "review_count": 45,
  "source_type": "UNKNOWN",
  "confidence": 1.0,
  "date": "1969-02-28",
  "venue": "Fillmore West",
  "location": "San Francisco, CA",
  "raw_rating": 4.688888888888889,
  "high_ratings": 41,
  "low_ratings": 3,
  "tracks": [
    {
      "track": "1",
      "title": "Bill Graham Intro (Set One) >",
      "duration": 4.06,
      "formats": [
        {
          "format": "VBR MP3",
          "filename": "gd69-02-28d1t01.mp3",
          "bitrate": "135"
        },
        {
          "format": "Shorten",
          "filename": "gd69-02-28d1t01.shn"
        }
      ]
    },
    {
      "track": "2",
      "title": "Morning Dew",
      "duration": 386.97,
      "formats": [
        {
          "format": "VBR MP3",
          "filename": "gd69-02-28d1t02.mp3",
          "bitrate": "187"
        },
        {
          "format": "Shorten",
          "filename": "gd69-02-28d1t02.shn"
        }
      ]
    },
    {
      "track": "3",
      "title": "Good Morning Little Schoolgirl",
      "duration": 400.49,
      "formats": [
        {
          "format": "VBR MP3",
          "filename": "gd69-02-28d1t03.mp3",
          "bitrate": "191"
        },
        {
          "format": "Shorten",
          "filename": "gd69-02-28d1t03.shn"
        }
      ]
    },
    {
      "track": "4",
      "title": "Doin' That Rag",
      "duration": 216.06,
      "formats": [
        {
          "format": "VBR MP3",
          "filename": "gd69-02-28d1t04.mp3",
          "bitrate": "186"
        },
        {
          "format": "Shorten",
          "filename": "gd69-02-28d1t04.shn"
        }
      ]
    },
    {
      "track": "5",
      "title": "King Bee",
      "duration": 244.21,
      "formats": [
        {
          "format": "VBR MP3",
          "filename": "gd69-02-28d1t05.mp3",
          "bitrate": "184"
        },
        {
          "format": "Shorten",
          "filename": "gd69-02-28d1t05.shn"
        }
      ]
    },
    {
      "track": "6",
      "title": "Turn On Your Lovelight",
      "duration": 722.18,
      "formats": [
        {
          "format": "VBR MP3",
          "filename": "gd69-02-28d1t06.mp3",
          "bitrate": "187"
        },
        {
          "format": "Shorten",
          "filename": "gd69-02-28d1t06.shn"
        }
      ]
    },
    {
      "track": "7",
      "title": "Bill Graham Intro (Set Two) >",
      "duration": 2.31,
      "formats": [
        {
          "format": "VBR MP3",
          "filename": "gd69-02-28d2t01.mp3",
          "bitrate": "189"
        },
        {
          "format": "Shorten",
          "filename": "gd69-02-28d2t01.shn"
        }
      ]
    },
    {
      "track": "8",
      "title": "Cryptical Envelopment >",
      "duration": 67.54,
      "formats": [
        {
          "format": "VBR MP3",
          "filename": "gd69-02-28d2t02.mp3",
          "bitrate": "185"
        },
        {
          "format": "Shorten",
          "filename": "gd69-02-28d2t02.shn"
        }
      ]
    },
    {
      "track": "9",
      "title": "Drums >",
      "duration": 7.87,
      "formats": [
        {
          "format": "VBR MP3",
          "filename": "gd69-02-28d2t03.mp3",
          "bitrate": "192"
        },
        {
          "format": "Shorten",
          "filename": "gd69-02-28d2t03.shn"
        }
      ]
    },
    {
      "track": "10",
      "title": "That's It For the Other One >",
      "duration": 318.91,
      "formats": [
        {
          "format": "VBR MP3",
          "filename": "gd69-02-28d2t04.mp3",
          "bitrate": "190"
        },
        {
          "format": "Shorten",
          "filename": "gd69-02-28d2t04.shn"
        }
      ]
    },
    {
      "track": "11",
      "title": "Cryptical Envelopment Reprise >",
      "duration": 312.92,
      "formats": [
        {
          "format": "VBR MP3",
          "filename": "gd69-02-28d2t05.mp3",
          "bitrate": "191"
        },
        {
          "format": "Shorten",
          "filename": "gd69-02-28d2t05.shn"
        }
      ]
    },
    {
      "track": "12",
      "title": "Dark Star >",
      "duration": 641.56,
      "formats": [
        {
          "format": "VBR MP3",
          "filename": "gd69-02-28d2t06.mp3",
          "bitrate": "188"
        },
        {
          "format": "Shorten",
          "filename": "gd69-02-28d2t06.shn"
        }
      ]
    },
    {
      "track": "13",
      "title": "St. Stephen >",
      "duration": 180.62,
      "formats": [
        {
          "format": "VBR MP3",
          "filename": "gd69-02-28d2t07.mp3",
          "bitrate": "183"
        },
        {
          "format": "Shorten",
          "filename": "gd69-02-28d2t07.shn"
        }
      ]
    },
    {
      "track": "14",
      "title": "William Tell >",
      "duration": 38.9,
      "formats": [
        {
          "format": "VBR MP3",
          "filename": "gd69-02-28d2t08.mp3",
          "bitrate": "181"
        },
        {
          "format": "Shorten",
          "filename": "gd69-02-28d2t08.shn"
        }
      ]
    },
    {
      "track": "15",
      "title": "The Eleven >",
      "duration": 648.84,
      "formats": [
        {
          "format": "VBR MP3",
          "filename": "gd69-02-28d2t09.mp3",
          "bitrate": "194"
        },
        {
          "format": "Shorten",
          "filename": "gd69-02-28d2t09.shn"
        }
      ]
    },
    {
      "track": "16",
      "title": "Death Don't Have No Mercy",
      "duration": 309.09,
      "formats": [
        {
          "format": "VBR MP3",
          "filename": "gd69-02-28d2t10.mp3",
          "bitrate": "184"
        },
        {
          "format": "Shorten",
          "filename": "gd69-02-28d2t10.shn"
        }
      ]
    },
    {
      "track": "17",
      "title": "Stage Banter",
      "duration": 16.89,
      "formats": [
        {
          "format": "VBR MP3",
          "filename": "gd69-02-28d3t01.mp3",
          "bitrate": "177"
        },
        {
          "format": "Shorten",
          "filename": "gd69-02-28d3t01.shn"
        }
      ]
    },
    {
      "track": "18",
      "title": "Alligator >",
      "duration": 137.93,
      "formats": [
        {
          "format": "VBR MP3",
          "filename": "gd69-02-28d3t02.mp3",
          "bitrate": "191"
        },
        {
          "format": "Shorten",
          "filename": "gd69-02-28d3t02.shn"
        }
      ]
    },
    {
      "track": "19",
      "title": "Drums > Drummers' Chant > Drums >",
      "duration": 137.4,
      "formats": [
        {
          "format": "VBR MP3",
          "filename": "gd69-02-28d3t03.mp3",
          "bitrate": "199"
        },
        {
          "format": "Shorten",
          "filename": "gd69-02-28d3t03.shn"
        }
      ]
    },
    {
      "track": "20",
      "title": "Power Jam >",
      "duration": 457.56,
      "formats": [
        {
          "format": "VBR MP3",
          "filename": "gd69-02-28d3t04.mp3",
          "bitrate": "194"
        },
        {
          "format": "Shorten",
          "filename": "gd69-02-28d3t04.shn"
        }
      ]
    },
    {
      "track": "21",
      "title": "Caution (Do not Stop on Tracks) >",
      "duration": 428.23,
      "formats": [
        {
          "format": "VBR MP3",
          "filename": "gd69-02-28d3t05.mp3",
          "bitrate": "192"
        },
        {
          "format": "Shorten",
          "filename": "gd69-02-28d3t05.shn"
        }
      ]
    },
    {
      "track": "22",
      "title": "Feedback >",
      "duration": 155.19,
      "formats": [
        {
          "format": "VBR MP3",
          "filename": "gd69-02-28d3t06.mp3",
          "bitrate": "174"
        },
        {
          "format": "Shorten",
          "filename": "gd69-02-28d3t06.shn"
        }
      ]
    },
    {
      "track": "23",
      "title": "And We Bid You Goodnight >",
      "duration": 35.87,
      "formats": [
        {
          "format": "VBR MP3",
          "filename": "gd69-02-28d3t07.mp3",
          "bitrate": "132"
        },
        {
          "format": "Shorten",
          "filename": "gd69-02-28d3t07.shn"
        }
      ]
    }
  ]
}